ten_sach                                                                                                                  , thuong_hieu                                                           , tinh_trang, gia_ban     , gia_goc     , link                                                                                                                                                , nguon
Điềm Dược - Viên Thuốc Ngọt Ngào Mang Tên Em Tập 2                                                                        , Công ty TNHH Văn Hóa Truyền Thông Az Việt Nam                         , Còn hàng  , "186,200₫"  , "196,000₫"  , https://nhasachphuongnam.com/products/diem-duoc-vien-thuoc-ngot-ngao-mang-ten-em-tap-2                                                              , Phuong Nam
"Chân Thành Đúng Người, Dịu Dàng Đúng Lúc"                                                                                , Công ty TNHH Văn Hóa Và Truyền Thông Skybooks Việt Nam                , Còn hàng  , "83,600₫"   , "88,000₫"   , https://nhasachphuongnam.com/products/chan-thanh-dung-nguoi-diu-dang-dung-luc                                                                       , Phuong Nam
Thời Gian Và Tôi Đều Đang Tiến Về Phía Trước                                                                              , Công ty TNHH Văn Hóa Và Truyền Thông Skybooks Việt Nam                , Còn hàng  , "75,050₫"   , "79,000₫"   , https://nhasachphuongnam.com/products/thoi-gian-va-toi-deu-dang-tien-ve-phia-truoc                                                                  , Phuong Nam
Đám Trẻ Vượt Đại Dương Đen                                                                                                , Công ty TNHH Văn Hóa Truyền Thông Az Việt Nam                         , Còn hàng  , "110,200₫"  , "116,000₫"  , https://nhasachphuongnam.com/products/dam-tre-vuot-dai-duong-den                                                                                    , Phuong Nam
Sau Khi Làm Vô Thường Bán Thời Gian Thì Tôi Hot Tập 2                                                                     , Công ty TNHH Văn Hóa Truyền Thông Az Việt Nam                         , Còn hàng  , "198,550₫"  , "209,000₫"  , https://nhasachphuongnam.com/products/sau-khi-lam-vo-thuong-ban-thoi-gian-thi-toi-hot-tap-2                                                         , Phuong Nam
Nhiệm Vụ Hệ Thống Của Nhân Vật Phản Diện Tập 01                                                                           , Công ty TNHH Văn Hóa Truyền Thông Az Việt Nam                         , Còn hàng  , "189,050₫"  , "199,000₫"  , https://nhasachphuongnam.com/products/nhiem-vu-he-thong-cua-nhan-vat-phan-dien-tap-01                                                               , Phuong Nam
Mùa Hạ Mang Tên Em (Combo 2 Cuốn)                                                                                         , Công ty TNHH Văn Hóa Truyền Thông Az Việt Nam                         , Còn hàng  , "398,050₫"  , "419,000₫"  , https://nhasachphuongnam.com/products/mua-ha-mang-ten-em-combo-2-cuon                                                                               , Phuong Nam
Combo Omniscient Reader’S Viewpoint - Góc Nhìn Của Độc Giả Toàn Tri (Tập 1 + Tập 2)                                       , Công ty TNHH Văn Hóa Truyền Thông Az Việt Nam                         , Còn hàng  , "426,550₫"  , "449,000₫"  , https://nhasachphuongnam.com/products/combo-omniscient-reader-s-viewpoint-goc-nhin-cua-doc-gia-toan-tri-tap-1-tap-2                                 , Phuong Nam
Cảm Ơn Bà Và Những Năm Tháng Ấy                                                                                           , Công ty TNHH Văn Hóa Truyền Thông Az Việt Nam                         , Còn hàng  , "122,550₫"  , "129,000₫"  , https://nhasachphuongnam.com/products/cam-on-ba-va-nhung-nam-thang-ay                                                                               , Phuong Nam
Bên Dòng Sông Mùa Hè                                                                                                      , Chi Nhánh Nhà Xuất Bản Kim Đồng Tại Thành Phố Hồ Chí Minh             , Còn hàng  , "61,750₫"   , "65,000₫"   , https://nhasachphuongnam.com/products/ben-dong-song-mua-he                                                                                          , Phuong Nam
Trong Nhà Tôi Không Có Ai Là Người                                                                                        , Công ty TNHH Văn Hóa Truyền Thông Az Việt Nam                         , Còn hàng  , "132,050₫"  , "139,000₫"  , https://nhasachphuongnam.com/products/trong-nha-toi-khong-co-ai-la-nguoi                                                                            , Phuong Nam
Ai Nói Wibu Không Thể Kết Hôn Tập 3                                                                                       , Công ty TNHH Văn Hóa Truyền Thông Az Việt Nam                         , Còn hàng  , "179,550₫"  , "189,000₫"  , https://nhasachphuongnam.com/products/ai-noi-wibu-khong-the-ket-hon-tap-3                                                                           , Phuong Nam
Nếu Ai Cũng Là Pháo Hoa Thì Ai Sẽ Là Bầu Trời                                                                             , Công ty TNHH Văn Hóa Truyền Thông Az Việt Nam                         , Còn hàng  , "83,600₫"   , "88,000₫"   , https://nhasachphuongnam.com/products/neu-ai-cung-la-phao-hoa-thi-ai-se-la-bau-troi                                                                 , Phuong Nam
Còn Ra Thể Thống Gì? - Tập 2                                                                                              , Công Ty Cổ Phần Time Books                                            , Còn hàng  , "189,050₫"  , "199,000₫"  , https://nhasachphuongnam.com/products/con-ra-the-thong-gi-tap-2                                                                                     , Phuong Nam
Sách Kinh Điển - Truyện Cổ Andersen                                                                                       , Công ty Cổ Phần Sách Thái Hà                                          , Còn hàng  , "159,600₫"  , "168,000₫"  , https://nhasachphuongnam.com/products/sach-kinh-dien-truyen-co-andersen                                                                             , Phuong Nam
Đừng Sinh Ly Đừng Tử Biệt                                                                                                 , Công ty Cổ Phần Sách Thái Hà                                          , Còn hàng  , "75,050₫"   , "79,000₫"   , https://nhasachphuongnam.com/products/dung-sinh-ly-dung-tu-biet                                                                                     , Phuong Nam
Có Một Mùa Xuân Trong Rừng Thẳm                                                                                           , Công ty Cổ Phần Sách Thái Hà                                          , Còn hàng  , "197,600₫"  , "208,000₫"  , https://nhasachphuongnam.com/products/co-mot-mua-xuan-trong-rung-tham                                                                               , Phuong Nam
Nhật Ký Mèo Cam                                                                                                           , Công Ty Cổ Phần Time Books                                            , Còn hàng  , "75,050₫"   , "79,000₫"   , https://nhasachphuongnam.com/products/nhat-ky-meo-cam                                                                                               , Phuong Nam
Bí Mật Tối Thượng                                                                                                         , Bách Việt                                                             , Còn hàng  , "406,600₫"  , "428,000₫"  , https://nhasachphuongnam.com/products/bi-mat-toi-thuong                                                                                             , Phuong Nam
Chuyện Tình Thị Trấn (Bìa cứng)                                                                                           , NXB Trẻ                                                               , Còn hàng  , "270,750₫"  , "285,000₫"  , https://nhasachphuongnam.com/products/chuyen-tinh-thi-tran-bia-cung                                                                                 , Phuong Nam
Chuyện Tình Thị Trấn (Bìa mềm)                                                                                            , NXB Trẻ                                                               , Còn hàng  , "142,500₫"  , "150,000₫"  , https://nhasachphuongnam.com/products/chuyen-tinh-thi-tran-bia-mem                                                                                  , Phuong Nam
Nhân Cách Thứ 5                                                                                                           , Công ty TNHH Văn Hóa Và Truyền Thông 1980 Books                       , Còn hàng  , "227,050₫"  , "239,000₫"  , https://nhasachphuongnam.com/products/nhan-cach-thu-5                                                                                               , Phuong Nam
Khu Nhà Ma Ám                                                                                                             , Công ty TNHH Văn Hóa Và Truyền Thông 1980 Books                       , Còn hàng  , "217,550₫"  , "229,000₫"  , https://nhasachphuongnam.com/products/khu-nha-ma-am                                                                                                 , Phuong Nam
Đời Không Như Là Note                                                                                                     , Công ty TNHH Văn Hóa Và Truyền Thông 1980 Books                       , Còn hàng  , "379,050₫"  , "399,000₫"  , https://nhasachphuongnam.com/products/doi-khong-nhu-la-note                                                                                         , Phuong Nam
Đồi Gió Hú                                                                                                                , Công ty TNHH Văn Hóa Và Truyền Thông Trí Việt                         , Còn hàng  , "132,050₫"  , "139,000₫"  , https://nhasachphuongnam.com/products/doi-gio-hu                                                                                                    , Phuong Nam
Thành Thiên Đế                                                                                                            , Chi Nhánh Nhà Xuất Bản Phụ Nữ                                         , Còn hàng  , "189,050₫"  , "199,000₫"  , https://nhasachphuongnam.com/products/thanh-thien-de                                                                                                , Phuong Nam
Luôn Có Vì Sao Dõi Theo Em                                                                                                , Công ty TNHH Văn Hóa Và Truyền Thông Skybooks Việt Nam                , Còn hàng  , "175,750₫"  , "185,000₫"  , https://nhasachphuongnam.com/products/luon-co-vi-sao-doi-theo-em                                                                                    , Phuong Nam
Lời Nguyền Của Màn Đêm                                                                                                    , Công ty TNHH Văn Hóa Và Truyền Thông 1980 Books                       , Còn hàng  , "179,550₫"  , "189,000₫"  , https://nhasachphuongnam.com/products/loi-nguyen-cua-man-dem                                                                                        , Phuong Nam
Vị Vua Hiểm Ác                                                                                                            , Công ty TNHH Văn Hóa Truyền Thông Az Việt Nam                         , Còn hàng  , "198,550₫"  , "209,000₫"  , https://nhasachphuongnam.com/products/vi-vua-hiem-ac                                                                                                , Phuong Nam
Sủng Hậu Của Bạo Quân Tập 01                                                                                              , Công ty TNHH Văn Hóa Truyền Thông Az Việt Nam                         , Còn hàng  , "217,550₫"  , "229,000₫"  , https://nhasachphuongnam.com/products/sung-hau-cua-bao-quan-tap-01                                                                                  , Phuong Nam
Kẽ Gương                                                                                                                  , Công ty TNHH Văn Hóa Truyền Thông Az Việt Nam                         , Còn hàng  , "198,550₫"  , "209,000₫"  , https://nhasachphuongnam.com/products/ke-guong                                                                                                      , Phuong Nam
Bức Họa Múa Rối Xương (Tập 1 + Tập 2)                                                                                     , Công ty TNHH Văn Hóa Truyền Thông Az Việt Nam                         , Còn hàng  , "464,550₫"  , "489,000₫"  , https://nhasachphuongnam.com/products/buc-hoa-mua-roi-xuong-tap-1-tap-2                                                                             , Phuong Nam
13 Kỳ Án Có Thật: Kẻ Sát Nhân Mang Gương Mặt Thân Quen                                                                    , Công ty TNHH Văn Hóa Truyền Thông Az Việt Nam                         , Còn hàng  , "132,050₫"  , "139,000₫"  , https://nhasachphuongnam.com/products/13-ky-an-co-that-ke-sat-nhan-mang-guong-mat-than-quen                                                         , Phuong Nam
Ác Nữ Nửa Vời - Truyền Kì Hoán Hồn Đổi Xác - Tập 4 (Light novel)                                                          , NXB Kim Đồng                                                          , Còn hàng  , "109,250₫"  , "115,000₫"  , https://nhasachphuongnam.com/products/ac-nu-nua-voi-truyen-ki-hoan-hon-doi-xac-tap-4-light-novel                                                    , Phuong Nam
Khi Thế Giới Chao Nghiêng                                                                                                 , Chi Nhánh Công ty Cổ Phần Văn Hóa Và Truyền Thông Nhã Nam (Tp. Hà Nội), Còn hàng  , "318,250₫"  , "335,000₫"  , https://nhasachphuongnam.com/products/khi-the-gioi-chao-nghieng                                                                                     , Phuong Nam
David Walliams - Mật Hiệu Quả Chuối                                                                                       , Chi Nhánh Công ty Cổ Phần Văn Hóa Và Truyền Thông Nhã Nam (Tp. Hà Nội), Còn hàng  , "235,600₫"  , "248,000₫"  , https://nhasachphuongnam.com/products/david-walliams-mat-hieu-qua-chuoi                                                                             , Phuong Nam
David Walliams - Chuyện Nhà Ngẫn                                                                                          , Chi Nhánh Công ty Cổ Phần Văn Hóa Và Truyền Thông Nhã Nam (Tp. Hà Nội), Còn hàng  , "194,750₫"  , "205,000₫"  , https://nhasachphuongnam.com/products/david-walliams-chuyen-nha-ngan                                                                                , Phuong Nam
Xóa Đi Dấu Vết                                                                                                            , Chi Nhánh Công ty Cổ Phần Văn Hóa Và Truyền Thông Nhã Nam (Tp. Hà Nội), Còn hàng  , "197,600₫"  , "208,000₫"  , https://nhasachphuongnam.com/products/xoa-di-dau-vet                                                                                                , Phuong Nam
Tokio                                                                                                                     , Chi Nhánh Công ty Cổ Phần Văn Hóa Và Truyền Thông Nhã Nam (Tp. Hà Nội), Còn hàng  , "237,500₫"  , "250,000₫"  , https://nhasachphuongnam.com/products/tokio                                                                                                         , Phuong Nam
Tiệm Giặt Là Nửa Đêm                                                                                                      , Chi Nhánh Công ty Cổ Phần Văn Hóa Và Truyền Thông Nhã Nam (Tp. Hà Nội), Còn hàng  , "190,000₫"  , "200,000₫"  , https://nhasachphuongnam.com/products/tiem-giat-la-nua-dem                                                                                          , Phuong Nam
Phá Linh - Lời Nguyền Phong Lan Ma                                                                                        , Chi Nhánh Công ty Cổ Phần Văn Hóa Và Truyền Thông Nhã Nam (Tp. Hà Nội), Còn hàng  , "349,600₫"  , "368,000₫"  , https://nhasachphuongnam.com/products/pha-linh-loi-nguyen-phong-lan-ma                                                                              , Phuong Nam
Cú Rời Đất Xanh - Tập 2 - Người Nhà Đao                                                                                   , Chi Nhánh Công ty Cổ Phần Văn Hóa Và Truyền Thông Nhã Nam (Tp. Hà Nội), Còn hàng  , "342,000₫"  , "360,000₫"  , https://nhasachphuongnam.com/products/cu-roi-dat-xanh-tap-2-nguoi-nha-dao                                                                           , Phuong Nam
Cú Rời Đất Xanh - Tập 1 - Người Nhà Chó                                                                                   , Chi Nhánh Công ty Cổ Phần Văn Hóa Và Truyền Thông Nhã Nam (Tp. Hà Nội), Còn hàng  , "304,000₫"  , "320,000₫"  , https://nhasachphuongnam.com/products/cu-roi-dat-xanh-tap-1-nguoi-nha-cho                                                                           , Phuong Nam
Án Mạng Bạn Cùng Lớp                                                                                                      , Công ty TNHH Văn Hóa Và Truyền Thông 1980 Books                       , Còn hàng  , "227,050₫"  , "239,000₫"  , https://nhasachphuongnam.com/products/an-mang-ban-cung-lop                                                                                          , Phuong Nam
Trái Tim Cũng Cần Một Mái Hiên                                                                                            , Công ty TNHH Văn Hóa Truyền Thông Az Việt Nam                         , Còn hàng  , "114,000₫"  , "120,000₫"  , https://nhasachphuongnam.com/products/trai-tim-cung-can-mot-mai-hien                                                                                , Phuong Nam
Legendary                                                                                                                 , Công ty TNHH Văn Hóa Truyền Thông Az Việt Nam                         , Còn hàng  , "189,050₫"  , "199,000₫"  , https://nhasachphuongnam.com/products/legendary                                                                                                     , Phuong Nam
Khi Tóc Mai Đã Bạc Người Có Còn Bên Ta                                                                                    , Công ty TNHH Văn Hóa Truyền Thông Az Việt Nam                         , Còn hàng  , "179,550₫"  , "189,000₫"  , https://nhasachphuongnam.com/products/khi-toc-mai-da-bac-nguoi-co-con-ben-ta                                                                        , Phuong Nam
99 Lá Thư Chia Tay                                                                                                        , Công ty TNHH Văn Hóa Truyền Thông Az Việt Nam                         , Còn hàng  , "81,700₫"   , "86,000₫"   , https://nhasachphuongnam.com/products/99-la-thu-chia-tay                                                                                            , Phuong Nam
Quế Hương - Những Truyện Hay Viết Cho Thiếu Nhi                                                                           , Chi Nhánh Nhà Xuất Bản Kim Đồng Tại Thành Phố Hồ Chí Minh             , Còn hàng  , "80,750₫"   , "85,000₫"   , https://nhasachphuongnam.com/products/que-huong-nhung-truyen-hay-viet-cho-thieu-nhi                                                                 , Phuong Nam
Cùng Nhau Ngắm Sao Trời                                                                                                   , Chi Nhánh Nhà Xuất Bản Kim Đồng Tại Thành Phố Hồ Chí Minh             , Còn hàng  , "33,250₫"   , "35,000₫"   , https://nhasachphuongnam.com/products/cung-nhau-ngam-sao-troi                                                                                       , Phuong Nam
Mắt Và Nhiệm Vụ Bất Khả Thi                                                                                               , Chi Nhánh Nhà Xuất Bản Kim Đồng Tại Thành Phố Hồ Chí Minh             , Còn hàng  , "147,250₫"  , "155,000₫"  , https://nhasachphuongnam.com/products/mat-va-nhiem-vu-bat-kha-thi                                                                                   , Phuong Nam
Thế Giới Mong Cậu Lớn Tớ Mong Cậu Bình An (Tô Màu)                                                                        , Công ty TNHH Văn Hóa Và Truyền Thông Skybooks Việt Nam                , Còn hàng  , "84,550₫"   , "89,000₫"   , https://nhasachphuongnam.com/products/the-gioi-mong-cau-lon-to-mong-cau-binh-an-to-mau                                                              , Phuong Nam
Em Đừng Vội Vàng Những Điều Xứng Đáng Cần Có Thời Gian                                                                    , Công ty TNHH Văn Hóa Và Truyền Thông Skybooks Việt Nam                , Còn hàng  , "102,600₫"  , "108,000₫"  , https://nhasachphuongnam.com/products/em-dung-voi-vang-nhung-dieu-xung-dang-can-co-thoi-gian                                                        , Phuong Nam
Ra Ngoài Hướng Nghiệp Về Nhà Hướng Vợ                                                                                     , Công ty TNHH Văn Hóa Truyền Thông Az Việt Nam                         , Còn hàng  , "156,750₫"  , "165,000₫"  , https://nhasachphuongnam.com/products/ra-ngoai-huong-nghiep-ve-nha-huong-vo                                                                         , Phuong Nam
Tội Ác Và Hình Phạt (Tái bản năm 2026)                                                                                    , Phương Nam Book                                                       , Còn hàng  , "339,150₫"  , "399,000₫"  , https://nhasachphuongnam.com/products/toi-ac-va-hinh-phat-tai-ban-nam-2026                                                                          , Phuong Nam
Năm Kẻ Sống Sót                                                                                                           , Công ty TNHH Văn Hóa Truyền Thông Az Việt Nam                         , Còn hàng  , "186,200₫"  , "196,000₫"  , https://nhasachphuongnam.com/products/nam-ke-song-sot                                                                                               , Phuong Nam
Sau 00:00 Giữa Những Lần Đau                                                                                              , Công ty TNHH Văn Hóa Truyền Thông Az Việt Nam                         , Còn hàng  , "84,550₫"   , "89,000₫"   , https://nhasachphuongnam.com/products/sau-00-00-giua-nhung-lan-dau                                                                                  , Phuong Nam
An Tư                                                                                                                     , Công ty TNHH Một Thành Viên Nhà Xuất Bản Trẻ                          , Còn hàng  , "90,250₫"   , "95,000₫"   , https://nhasachphuongnam.com/products/an-tu-1                                                                                                       , Phuong Nam
Tales From Cuckoo Farm                                                                                                    , Chi Nhánh Nhà Xuất Bản Kim Đồng Tại Thành Phố Hồ Chí Minh             , Còn hàng  , "189,050₫"  , "199,000₫"  , https://nhasachphuongnam.com/products/tales-from-cuckoo-farm                                                                                        , Phuong Nam
Hamlet Hedge                                                                                                              , Chi Nhánh Nhà Xuất Bản Kim Đồng Tại Thành Phố Hồ Chí Minh             , Còn hàng  , "118,750₫"  , "125,000₫"  , https://nhasachphuongnam.com/products/hamlet-hedge                                                                                                  , Phuong Nam
The Dead Zone - Vùng Chết                                                                                                 , Công ty TNHH Văn Hóa Và Truyền Thông 1980 Books                       , Còn hàng  , "341,050₫"  , "359,000₫"  , https://nhasachphuongnam.com/products/the-dead-zone-vung-chet                                                                                       , Phuong Nam
Jane Eyre                                                                                                                 , Công ty Cổ Phần Văn Hoá Đông A                                        , Còn hàng  , "209,000₫"  , "220,000₫"  , https://nhasachphuongnam.com/products/jane-eyre                                                                                                     , Phuong Nam
Tô Màu Chữa Lành - Kỳ Nghỉ Hè Tuổi Thơ                                                                                    , Công Ty Cổ Phần Time Books                                            , Còn hàng  , "64,600₫"   , "68,000₫"   , https://nhasachphuongnam.com/products/to-mau-chua-lanh-ky-nghi-he-tuoi-tho                                                                          , Phuong Nam
"Tớ, Cậu Và Những Điều Lấp Lánh"                                                                                          , Công ty TNHH Văn Hóa Truyền Thông Az Việt Nam                         , Còn hàng  , "128,250₫"  , "135,000₫"  , https://nhasachphuongnam.com/products/to-cau-va-nhung-dieu-lap-lanh                                                                                 , Phuong Nam
"Trưởng Thành Rồi, Cậu Có Ổn Không"                                                                                       , Công ty TNHH Văn Hóa Truyền Thông Az Việt Nam                         , Còn hàng  , "103,550₫"  , "109,000₫"  , https://nhasachphuongnam.com/products/truong-thanh-roi-cau-co-on-khong                                                                              , Phuong Nam
Hạt Quả Lựu - Tuyển Tập Edith Wharton                                                                                     , Chi Nhánh Nhà Xuất Bản Kim Đồng Tại Thành Phố Hồ Chí Minh             , Còn hàng  , "114,000₫"  , "120,000₫"  , https://nhasachphuongnam.com/products/hat-qua-luu-tuyen-tap-edith-wharton                                                                           , Phuong Nam
Khi Nỗ Lực Hóa Sao Trời                                                                                                   , Công ty TNHH Văn Hóa Và Truyền Thông Skybooks Việt Nam                , Còn hàng  , "145,350₫"  , "153,000₫"  , https://nhasachphuongnam.com/products/khi-no-luc-hoa-sao-troi                                                                                       , Phuong Nam
Deep Talk - 200 Câu Hỏi Để Hiểu Và Để Thương                                                                              , Công ty TNHH Văn Hóa Và Truyền Thông Skybooks Việt Nam                , Còn hàng  , "80,750₫"   , "85,000₫"   , https://nhasachphuongnam.com/products/deep-talk-200-cau-hoi-de-hieu-va-de-thuong                                                                    , Phuong Nam
Sách Tô Màu Vị Quê Nhà Đậm Đà Bản Sắc                                                                                     , Công ty TNHH Văn Hóa Truyền Thông Az Việt Nam                         , Còn hàng  , "84,550₫"   , "89,000₫"   , https://nhasachphuongnam.com/products/sach-to-mau-vi-que-nha-dam-da-ban-sac                                                                         , Phuong Nam
Người Tuyết Của Em Có Thể Sống Được Bao Lâu Tập 03                                                                        , Công ty TNHH Văn Hóa Truyền Thông Az Việt Nam                         , Còn hàng  , "179,550₫"  , "189,000₫"  , https://nhasachphuongnam.com/products/nguoi-tuyet-cua-em-co-the-song-duoc-bao-lau-tap-03                                                            , Phuong Nam
"Dù Tan Vỡ Ngàn Lần, Bạn Vẫn Là Biển Cả"                                                                                  , Công ty TNHH Văn Hóa Truyền Thông Az Việt Nam                         , Còn hàng  , "103,550₫"  , "109,000₫"  , https://nhasachphuongnam.com/products/du-tan-vo-ngan-lan-ban-van-la-bien-ca                                                                         , Phuong Nam
10000 Ngày Đến Với Thế Gian                                                                                               , Công ty TNHH Văn Hóa Truyền Thông Az Việt Nam                         , Còn hàng  , "99,750₫"   , "105,000₫"  , https://nhasachphuongnam.com/products/10000-ngay-den-voi-the-gian                                                                                   , Phuong Nam
Agatha Christie - Án Mạng Ở Điền Trang Kingfisher Hill                                                                    , Công ty TNHH Một Thành Viên Nhà Xuất Bản Trẻ                          , Còn hàng  , "123,500₫"  , "130,000₫"  , https://nhasachphuongnam.com/products/agatha-christie-an-mang-o-dien-trang-kingfisher-hill                                                          , Phuong Nam
Agatha Christie - Kẻ Thù Giấu Mặt                                                                                         , Công ty TNHH Một Thành Viên Nhà Xuất Bản Trẻ                          , Còn hàng  , "137,750₫"  , "145,000₫"  , https://nhasachphuongnam.com/products/agatha-christie-ke-thu-giau-mat                                                                               , Phuong Nam
100 Truyện Đặc Sắc Đó Đây                                                                                                 , Công ty Cổ Phần Văn Hoá Đông A                                        , Còn hàng  , "209,000₫"  , "220,000₫"  , https://nhasachphuongnam.com/products/100-truyen-dac-sac-do-day-1                                                                                   , Phuong Nam
Còn Ra Thể Thống Gì? - Tập 1                                                                                              , Công Ty Cổ Phần Time Books                                            , Còn hàng  , "189,050₫"  , "199,000₫"  , https://nhasachphuongnam.com/products/con-ra-the-thong-gi-tap-1                                                                                     , Phuong Nam
"Dấu Ấn ""Những Việc Cần Làm Ngay"""                                                                                      , CÔNG TY CỔ PHẦN SÁCH OMEGA VIỆT NAM - CHI NHÁNH HỒ CHÍ MINH           , Còn hàng  , "58,500₫"   , "65,000₫"   , https://nhasachphuongnam.com/products/dau-an-nhung-viec-can-lam-ngay                                                                                , Phuong Nam
Tạm Biệt Tôi Của Nhiều Năm Về Trước                                                                                       , Công ty TNHH Văn Hóa Và Truyền Thông Skybooks Việt Nam                , Còn hàng  , "132,050₫"  , "139,000₫"  , https://nhasachphuongnam.com/products/tam-biet-toi-cua-nhieu-nam-ve-truoc-1                                                                         , Phuong Nam
Chúng Ta Từng Hứa Sẽ Chờ Nhau                                                                                             , Công ty TNHH Văn Hóa Và Truyền Thông Skybooks Việt Nam                , Còn hàng  , "90,250₫"   , "95,000₫"   , https://nhasachphuongnam.com/products/chung-ta-tung-hua-se-cho-nhau                                                                                 , Phuong Nam
Ngôi Làng Nhỏ Ở Vùng Núi Nyons                                                                                            , Công ty TNHH Văn Hóa Và Truyền Thông 1980 Books                       , Còn hàng  , "198,550₫"  , "209,000₫"  , https://nhasachphuongnam.com/products/ngoi-lang-nho-o-vung-nui-nyons                                                                                , Phuong Nam
Đảo Họa Quỷ                                                                                                               , Công ty TNHH Văn Hóa Và Truyền Thông 1980 Books                       , Còn hàng  , "379,050₫"  , "399,000₫"  , https://nhasachphuongnam.com/products/dao-hoa-quy                                                                                                   , Phuong Nam
Bà Palfrey Và Đứa Cháu Trai Giả Mạo                                                                                       , Công ty TNHH Văn Hóa Và Truyền Thông 1980 Books                       , Còn hàng  , "179,550₫"  , "189,000₫"  , https://nhasachphuongnam.com/products/ba-palfrey-va-dua-chau-trai-gia-mao                                                                           , Phuong Nam
Vẽ Điều Mình Thích Sống Đời Mình Yêu                                                                                      , Công ty TNHH Văn Hóa Truyền Thông Az Việt Nam                         , Còn hàng  , "83,600₫"   , "88,000₫"   , https://nhasachphuongnam.com/products/ve-dieu-minh-thich-song-doi-minh-yeu                                                                          , Phuong Nam
Tiếng Lòng Khó Giấu Tập 02                                                                                                , Công ty TNHH Văn Hóa Truyền Thông Az Việt Nam                         , Còn hàng  , "160,550₫"  , "169,000₫"  , https://nhasachphuongnam.com/products/tieng-long-kho-giau-tap-02                                                                                    , Phuong Nam
Sổ Đoạt Hồn                                                                                                               , Công ty TNHH Văn Hóa Truyền Thông Az Việt Nam                         , Còn hàng  , "141,550₫"  , "149,000₫"  , https://nhasachphuongnam.com/products/so-doat-hon                                                                                                   , Phuong Nam
Sau Khi Làm Vô Thường Bán Thời Gian Thì Tôi Hot Tập 01                                                                    , Công ty TNHH Văn Hóa Truyền Thông Az Việt Nam                         , Còn hàng  , "198,550₫"  , "209,000₫"  , https://nhasachphuongnam.com/products/sau-khi-lam-vo-thuong-ban-thoi-gian-thi-toi-hot-tap-01                                                        , Phuong Nam
Hồ Sơ Án Mạng Những Cái Chết Trong Thành Phố                                                                              , Công ty TNHH Văn Hóa Truyền Thông Az Việt Nam                         , Còn hàng  , "156,750₫"  , "165,000₫"  , https://nhasachphuongnam.com/products/ho-so-an-mang-nhung-cai-chet-trong-thanh-pho                                                                  , Phuong Nam
Luật Sư Đường Phố                                                                                                         , Công ty TNHH Một Thành Viên Nhà Xuất Bản Trẻ                          , Còn hàng  , "185,250₫"  , "195,000₫"  , https://nhasachphuongnam.com/products/luat-su-duong-pho                                                                                             , Phuong Nam
Khóc Cười Chuyện Nghề Y - Nhật Ký Của Một Bác Sĩ Trẻ                                                                      , Alpha Books                                                           , Còn hàng  , "143,100₫"  , "159,000₫"  , https://nhasachphuongnam.com/products/khoc-cuoi-chuyen-nghe-y-nhat-ky-cua-mot-bac-si-tre                                                            , Phuong Nam
Suy Nghĩ Về Những Câu Marx Trả Lời Con Gái                                                                                , Chi Nhánh Nhà Xuất Bản Kim Đồng Tại Thành Phố Hồ Chí Minh             , Còn hàng  , "66,500₫"   , "70,000₫"   , https://nhasachphuongnam.com/products/suy-nghi-ve-nhung-cau-marx-tra-loi-con-gai                                                                    , Phuong Nam
"Garibaldi, Người Anh Hùng Áo Đỏ"                                                                                         , Chi Nhánh Nhà Xuất Bản Kim Đồng Tại Thành Phố Hồ Chí Minh             , Còn hàng  , "61,750₫"   , "65,000₫"   , https://nhasachphuongnam.com/products/garibaldi-nguoi-anh-hung-ao-do                                                                                , Phuong Nam
Sách Túp Lều Bác Tôm                                                                                                      , NXB Văn Học                                                           , Còn hàng  , "109,250₫"  , "115,000₫"  , https://nhasachphuongnam.com/products/sach-tup-leu-bac-tom                                                                                          , Phuong Nam
Sách Dặm Xanh (Bản Bỏ Túi)                                                                                                , NXB Hà Nội                                                            , Còn hàng  , "170,050₫"  , "179,000₫"  , https://nhasachphuongnam.com/products/sach-dam-xanh-ban-bo-tui                                                                                      , Phuong Nam
Máy Đánh Chữ Đẫm Máu Ở Vùng Núi Tuyết (Bản Bỏ Túi)                                                                        , NXB Hà Nội                                                            , Còn hàng  , "170,050₫"  , "179,000₫"  , https://nhasachphuongnam.com/products/may-danh-chu-dam-mau-o-vung-nui-tuyet-ban-bo-tui                                                              , Phuong Nam
Sách Circe (Wings Books)                                                                                                  , NXB Kim Đồng                                                          , Còn hàng  , "190,000₫"  , "200,000₫"  , https://nhasachphuongnam.com/products/sach-circe-wings-books                                                                                        , Phuong Nam
Bám Váy Mẹ                                                                                                                , NXB Kim Đồng                                                          , Còn hàng  , "71,250₫"   , "75,000₫"   , https://nhasachphuongnam.com/products/bam-vay-me                                                                                                    , Phuong Nam
Chúc Một Ngày Tốt Lành                                                                                                    , Công ty TNHH Một Thành Viên Nhà Xuất Bản Trẻ                          , Còn hàng  , "118,750₫"  , "125,000₫"  , https://nhasachphuongnam.com/products/chuc-mot-ngay-tot-lanh                                                                                        , Phuong Nam
Boxset 2 Kính Vạn Hoa (Bộ 54 Tập) - Tập 7~12                                                                              , Chi Nhánh Nhà Xuất Bản Kim Đồng Tại Thành Phố Hồ Chí Minh             , Còn hàng  , "228,000₫"  , "240,000₫"  , https://nhasachphuongnam.com/products/boxset-2-kinh-van-hoa-bo-54-tap-tap-7-12                                                                      , Phuong Nam
Boxset 9 Kính Vạn Hoa (Bộ 54 Tập) - Tập 49~54                                                                             , Chi Nhánh Nhà Xuất Bản Kim Đồng Tại Thành Phố Hồ Chí Minh             , Còn hàng  , "228,000₫"  , "240,000₫"  , https://nhasachphuongnam.com/products/boxset-9-kinh-van-hoa-bo-54-tap-tap-49-54                                                                     , Phuong Nam
Boxset 8 Kính Vạn Hoa (Bộ 54 Tập) - Tập 43~48                                                                             , Chi Nhánh Nhà Xuất Bản Kim Đồng Tại Thành Phố Hồ Chí Minh             , Còn hàng  , "228,000₫"  , "240,000₫"  , https://nhasachphuongnam.com/products/boxset-8-kinh-van-hoa-bo-54-tap-tap-43-48                                                                     , Phuong Nam
Boxset 7 Kính Vạn Hoa (Bộ 54 Tập) - Tập 37~42                                                                             , Chi Nhánh Nhà Xuất Bản Kim Đồng Tại Thành Phố Hồ Chí Minh             , Còn hàng  , "228,000₫"  , "240,000₫"  , https://nhasachphuongnam.com/products/boxset-7-kinh-van-hoa-bo-54-tap-tap-37-42                                                                     , Phuong Nam
Boxset 6 Kính Vạn Hoa (Bộ 54 Tập) - Tập 31~36                                                                             , Chi Nhánh Nhà Xuất Bản Kim Đồng Tại Thành Phố Hồ Chí Minh             , Còn hàng  , "228,000₫"  , "240,000₫"  , https://nhasachphuongnam.com/products/boxset-6-kinh-van-hoa-bo-54-tap-tap-31-36                                                                     , Phuong Nam
Boxset 5 Kính Vạn Hoa (Bộ 54 Tập) - Tập 25~30                                                                             , Chi Nhánh Nhà Xuất Bản Kim Đồng Tại Thành Phố Hồ Chí Minh             , Còn hàng  , "228,000₫"  , "240,000₫"  , https://nhasachphuongnam.com/products/boxset-5-kinh-van-hoa-bo-54-tap-tap-25-30                                                                     , Phuong Nam
Boxset 4 Kính Vạn Hoa (Bộ 54 Tập) - Tập 19~24                                                                             , Chi Nhánh Nhà Xuất Bản Kim Đồng Tại Thành Phố Hồ Chí Minh             , Còn hàng  , "228,000₫"  , "240,000₫"  , https://nhasachphuongnam.com/products/boxset-4-kinh-van-hoa-bo-54-tap-tap-19-24                                                                     , Phuong Nam
Boxset 1 Kính Vạn Hoa (Bộ 54 Tập) - Tập 1~6                                                                               , Chi Nhánh Nhà Xuất Bản Kim Đồng Tại Thành Phố Hồ Chí Minh             , Còn hàng  , "228,000₫"  , "240,000₫"  , https://nhasachphuongnam.com/products/boxset-1-kinh-van-hoa-bo-54-tap-tap-1-6                                                                       , Phuong Nam
Boxset 3 Kính Vạn Hoa (Bộ 54 Tập) - Tập 13~18                                                                             , Chi Nhánh Nhà Xuất Bản Kim Đồng Tại Thành Phố Hồ Chí Minh             , Còn hàng  , "228,000₫"  , "240,000₫"  , https://nhasachphuongnam.com/products/boxset-3-kinh-van-hoa-bo-54-tap-tap-13-18                                                                     , Phuong Nam
25 Độ Âm                                                                                                                  , Chi Nhánh Nhà Xuất Bản Phụ Nữ                                         , Còn hàng  , "150,100₫"  , "158,000₫"  , https://nhasachphuongnam.com/products/25-do-am-1                                                                                                    , Phuong Nam
Karma Bí Mật Showbiz Tập 2                                                                                                , Công ty TNHH Văn Hóa Và Truyền Thông 1980 Books                       , Còn hàng  , "170,050₫"  , "179,000₫"  , https://nhasachphuongnam.com/products/karma-bi-mat-showbiz-tap-2                                                                                    , Phuong Nam
Karma Bí Mật Showbiz Tập 1                                                                                                , Công ty TNHH Văn Hóa Và Truyền Thông 1980 Books                       , Còn hàng  , "185,250₫"  , "195,000₫"  , https://nhasachphuongnam.com/products/karma-bi-mat-showbiz-tap-1                                                                                    , Phuong Nam
Thánh Nữ Tình Nhân                                                                                                        , Công ty TNHH Thương Mại Và Dịch Vụ Văn Hóa Hải Đăng                   , Còn hàng  , "265,050₫"  , "279,000₫"  , https://nhasachphuongnam.com/products/thanh-nu-tinh-nhan                                                                                            , Phuong Nam
Ăn Xong Rồi Tính Tập 2                                                                                                    , Công ty TNHH Sách Trí Tuệ Việt                                        , Còn hàng  , "160,550₫"  , "169,000₫"  , https://nhasachphuongnam.com/products/an-xong-roi-tinh-tap-2                                                                                        , Phuong Nam
Sách Những Chuyện Kể Của Beedle Người Hát Rong (Ngoại Truyện Harry Potter)                                                , Công ty TNHH Một Thành Viên Nhà Xuất Bản Trẻ                          , Còn hàng  , "171,000₫"  , "180,000₫"  , https://nhasachphuongnam.com/products/sach-nhung-chuyen-ke-cua-beedle-nguoi-hat-rong-ngoai-truyen-harry-potter                                      , Phuong Nam
Ăn Xong Rồi Tính Tập 1                                                                                                    , Công ty TNHH Sách Trí Tuệ Việt                                        , Còn hàng  , "160,550₫"  , "169,000₫"  , https://nhasachphuongnam.com/products/an-xong-roi-tinh-tap-1                                                                                        , Phuong Nam
Living In Saigon                                                                                                          , Công ty TNHH Phan Lệ & Friends                                        , Còn hàng  , "93,100₫"   , "98,000₫"   , https://nhasachphuongnam.com/products/living-in-saigon                                                                                              , Phuong Nam
Pedro Paramo                                                                                                              , Công ty TNHH Phan Lệ & Friends                                        , Còn hàng  , "176,700₫"  , "186,000₫"  , https://nhasachphuongnam.com/products/pedro-paramo-1                                                                                                , Phuong Nam
Qua Mùa Thu                                                                                                               , Công ty Cổ Phần Văn Hóa Và Truyền Thông Linh Lan                      , Còn hàng  , "186,200₫"  , "196,000₫"  , https://nhasachphuongnam.com/products/qua-mua-thu                                                                                                   , Phuong Nam
Ngõ Ngô Đồng                                                                                                              , Công ty Cổ Phần Văn Hóa Và Truyền Thông Linh Lan                      , Còn hàng  , "246,050₫"  , "259,000₫"  , https://nhasachphuongnam.com/products/ngo-ngo-dong                                                                                                  , Phuong Nam
Chó Hoang Và Xương                                                                                                        , Công ty Cổ Phần Văn Hóa Và Truyền Thông Linh Lan                      , Còn hàng  , "223,250₫"  , "235,000₫"  , https://nhasachphuongnam.com/products/cho-hoang-va-xuong-1                                                                                          , Phuong Nam
Thiên Thần Nhỏ Của Tôi - Bản Đặc Biệt (Bìa Cứng)                                                                          , Công ty TNHH Một Thành Viên Nhà Xuất Bản Trẻ                          , Còn hàng  , "389,500₫"  , "410,000₫"  , https://nhasachphuongnam.com/products/thien-than-nho-cua-toi-ban-dac-biet-bia-cung                                                                  , Phuong Nam
Nguyễn Nhật Ánh Và Kính Vạn Hoa - Chuyện Từ A Đến Z                                                                       , Chi Nhánh Nhà Xuất Bản Kim Đồng Tại Thành Phố Hồ Chí Minh             , Còn hàng  , "76,000₫"   , "80,000₫"   , https://nhasachphuongnam.com/products/nguyen-nhat-anh-va-kinh-van-hoa-chuyen-tu-a-den-z-3                                                           , Phuong Nam
Em Sẽ Ổn Ở Một Lần Yêu Khác                                                                                               , Công ty TNHH Văn Hóa Và Truyền Thông Skybooks Việt Nam                , Còn hàng  , "83,600₫"   , "88,000₫"   , https://nhasachphuongnam.com/products/em-se-on-o-mot-lan-yeu-khac                                                                                   , Phuong Nam
Tô Nắng Lên Những Ngày Trong Veo                                                                                          , Công ty TNHH Văn Hóa Truyền Thông Az Việt Nam                         , Còn hàng  , "94,050₫"   , "99,000₫"   , https://nhasachphuongnam.com/products/to-nang-len-nhung-ngay-trong-veo                                                                              , Phuong Nam
Đài Phát Thanh Lúc Nửa Đêm                                                                                                , Công ty TNHH Văn Hóa Truyền Thông Az Việt Nam                         , Còn hàng  , "122,550₫"  , "129,000₫"  , https://nhasachphuongnam.com/products/dai-phat-thanh-luc-nua-dem                                                                                    , Phuong Nam
Tiệm Quà Tặng Ngon Giấc                                                                                                   , Công ty TNHH Văn Hóa Truyền Thông Az Việt Nam                         , Còn hàng  , "109,250₫"  , "115,000₫"  , https://nhasachphuongnam.com/products/tiem-qua-tang-ngon-giac                                                                                       , Phuong Nam
Trời Tính Sao Làm Vậy                                                                                                     , Công ty TNHH Văn Hóa Truyền Thông Az Việt Nam                         , Còn hàng  , "94,050₫"   , "99,000₫"   , https://nhasachphuongnam.com/products/troi-tinh-sao-lam-vay                                                                                         , Phuong Nam
Sách Tô Màu Recycling Garden-Cute & Comfly Coloring Book                                                                  , Công ty TNHH Văn Hóa Minh Tân-Nhà Sách Minh Thắng                     , Còn hàng  , "64,600₫"   , "68,000₫"   , https://nhasachphuongnam.com/products/sach-to-mau-recycling-garden-cute-comfly-coloring-book                                                        , Phuong Nam
Sách Tô Màu Capy Holiday - Cute & Comfly Coloring Book                                                                    , Công ty TNHH Văn Hóa Minh Tân-Nhà Sách Minh Thắng                     , Còn hàng  , "64,600₫"   , "68,000₫"   , https://nhasachphuongnam.com/products/sach-to-mau-capy-holiday-cute-comfly-coloring-book                                                            , Phuong Nam
Sách Tô Màu Capy Corner - Cute & Comfly Coloring Book                                                                     , Công ty TNHH Văn Hóa Minh Tân-Nhà Sách Minh Thắng                     , Còn hàng  , "64,600₫"   , "68,000₫"   , https://nhasachphuongnam.com/products/sach-to-mau-capy-corner-cute-comfly-coloring-book                                                             , Phuong Nam
Bằng Chứng Pháp Y Tập 2 - Vi Vết Tử Thần                                                                                  , Công ty TNHH Văn Hóa Minh Tân-Nhà Sách Minh Thắng                     , Còn hàng  , "141,550₫"  , "149,000₫"  , https://nhasachphuongnam.com/products/bang-chung-phap-y-t2-vi-vet-tu-than                                                                           , Phuong Nam
Bằng Chứng Pháp Y Tập 1 - Mật Mã Dấu Vết                                                                                  , Công ty TNHH Văn Hóa Minh Tân-Nhà Sách Minh Thắng                     , Còn hàng  , "151,050₫"  , "159,000₫"  , https://nhasachphuongnam.com/products/bang-chung-phap-y-t1-mat-ma-dau-vet                                                                           , Phuong Nam
Thời Xa Vắng                                                                                                              , Công ty TNHH Văn Hóa Minh Tân-Nhà Sách Minh Thắng                     , Còn hàng  , "118,750₫"  , "125,000₫"  , https://nhasachphuongnam.com/products/thoi-xa-vang-1                                                                                                , Phuong Nam
Sóng Ở Đáy Sông                                                                                                           , Công ty TNHH Văn Hóa Minh Tân-Nhà Sách Minh Thắng                     , Còn hàng  , "95,000₫"   , "100,000₫"  , https://nhasachphuongnam.com/products/song-o-day-song-1                                                                                             , Phuong Nam
Những Đồng Tiền Siết Máu-Tôi Thầu Khoán                                                                                   , Chi Nhánh Nhà Xuất Bản Phụ Nữ                                         , Còn hàng  , "142,500₫"  , "150,000₫"  , https://nhasachphuongnam.com/products/nhung-dong-tien-siet-mau-toi-thau-khoan                                                                       , Phuong Nam
Sau Lớp Mặt Nạ - Truyện Nàng Jean Muir                                                                                    , Chi Nhánh Nhà Xuất Bản Kim Đồng Tại Thành Phố Hồ Chí Minh             , Còn hàng  , "57,000₫"   , "60,000₫"   , https://nhasachphuongnam.com/products/sau-lop-mat-na-truyen-nang-jean-muir                                                                          , Phuong Nam
Lũ Người Quỷ Ám                                                                                                           , Chi Nhánh Công ty Cổ Phần Văn Hóa Và Truyền Thông Nhã Nam (Tp. Hà Nội), Còn hàng  , "427,500₫"  , "450,000₫"  , https://nhasachphuongnam.com/products/lu-nguoi-quy-am-1                                                                                             , Phuong Nam
Anh Em Nhà Karamazov                                                                                                      , Chi Nhánh Công ty Cổ Phần Văn Hóa Và Truyền Thông Nhã Nam (Tp. Hà Nội), Còn hàng  , "465,500₫"  , "490,000₫"  , https://nhasachphuongnam.com/products/anh-em-nha-karamazov-1                                                                                        , Phuong Nam
Tựa Cây Đứng Dậy                                                                                                          , Công ty TNHH Văn Hóa Và Truyền Thông Skybooks Việt Nam                , Còn hàng  , "83,600₫"   , "88,000₫"   , https://nhasachphuongnam.com/products/tua-cay-dung-day                                                                                              , Phuong Nam
Trong Lòng Tôi Có Một Chú Chó Mực Tập 02                                                                                  , Công ty TNHH Văn Hóa Và Truyền Thông Skybooks Việt Nam                , Còn hàng  , "64,600₫"   , "68,000₫"   , https://nhasachphuongnam.com/products/trong-long-toi-co-mot-chu-cho-muc-tap-02                                                                      , Phuong Nam
Trong Lòng Tôi Có Một Chú Chó Mực Tập 01                                                                                  , Công ty TNHH Văn Hóa Và Truyền Thông Skybooks Việt Nam                , Còn hàng  , "64,600₫"   , "68,000₫"   , https://nhasachphuongnam.com/products/trong-long-toi-co-mot-chu-cho-muc-tap-01                                                                      , Phuong Nam
Thương Những Ngày Rất Thường - Rain Or Shine Cherish The Sky (Song Ngữ Việt - Anh)                                        , Công ty TNHH Văn Hóa Và Truyền Thông Skybooks Việt Nam                , Còn hàng  , "103,550₫"  , "109,000₫"  , https://nhasachphuongnam.com/products/thuong-nhung-ngay-rat-thuong-rain-or-shine-cherish-the-sky-song-ngu-viet-anh                                  , Phuong Nam
Những Án Mạng Phố Morgue                                                                                                  , Công ty TNHH Văn Hóa Truyền Thông Az Việt Nam                         , Còn hàng  , "94,050₫"   , "99,000₫"   , https://nhasachphuongnam.com/products/nhung-an-mang-pho-morgue                                                                                      , Phuong Nam
Dạ Khúc Hồi Tưởng                                                                                                         , Công ty TNHH Văn Hóa Truyền Thông Az Việt Nam                         , Còn hàng  , "151,050₫"  , "159,000₫"  , https://nhasachphuongnam.com/products/da-khuc-hoi-tuong                                                                                             , Phuong Nam
Truyện Kiều - Bìa mềm                                                                                                     , Chi Nhánh Nhà Xuất Bản Kim Đồng Tại Thành Phố Hồ Chí Minh             , Còn hàng  , "38,000₫"   , "40,000₫"   , https://nhasachphuongnam.com/products/truyen-kieu-bia-mem                                                                                           , Phuong Nam
Vệt Nắng Trên Hàng Rơm                                                                                                    , Công ty TNHH Văn Hóa Truyền Thông Az Việt Nam                         , Còn hàng  , "94,050₫"   , "99,000₫"   , https://nhasachphuongnam.com/products/vet-nang-tren-hang-rom                                                                                        , Phuong Nam
Một Ngày Bình Thường Để Thương Mình                                                                                       , Công ty TNHH Văn Hóa Truyền Thông Az Việt Nam                         , Còn hàng  , "94,050₫"   , "99,000₫"   , https://nhasachphuongnam.com/products/mot-ngay-binh-thuong-de-thuong-minh                                                                           , Phuong Nam
Truyện Kiều - Bìa cứng                                                                                                    , Chi Nhánh Nhà Xuất Bản Kim Đồng Tại Thành Phố Hồ Chí Minh             , Còn hàng  , "223,250₫"  , "235,000₫"  , https://nhasachphuongnam.com/products/truyen-kieu-bia-cung                                                                                          , Phuong Nam
Làm Dâu Đất Độc                                                                                                           , Công ty TNHH Văn Hóa Truyền Thông Az Việt Nam                         , Còn hàng  , "141,550₫"  , "149,000₫"  , https://nhasachphuongnam.com/products/lam-dau-dat-doc                                                                                               , Phuong Nam
Bát Tiên Xóm Con Chuột                                                                                                    , Chi Nhánh Công ty Cổ Phần Văn Hóa Và Truyền Thông Nhã Nam (Tp. Hà Nội), Còn hàng  , "137,750₫"  , "145,000₫"  , https://nhasachphuongnam.com/products/bat-tien-xom-con-chuot                                                                                        , Phuong Nam
Lãng Khách Chợ Ga                                                                                                         , Chi Nhánh Công ty Cổ Phần Văn Hóa Và Truyền Thông Nhã Nam (Tp. Hà Nội), Còn hàng  , "137,750₫"  , "145,000₫"  , https://nhasachphuongnam.com/products/lang-khach-cho-ga                                                                                             , Phuong Nam
Pourourfate - Pha Duyên Chế Tình - Tập 1                                                                                  , AZ Việt Nam                                                           , Còn hàng  , "227,050₫"  , "239,000₫"  , https://nhasachphuongnam.com/products/pourourfate-pha-duyen-che-tinh-tap-1                                                                          , Phuong Nam
Mùa Xuân Của Cô Nàng Độc Thân                                                                                             , AZ Việt Nam                                                           , Còn hàng  , "179,550₫"  , "189,000₫"  , https://nhasachphuongnam.com/products/mua-xuan-cua-co-nang-doc-than                                                                                 , Phuong Nam
Nếu Cả Đời Này Mình Không Rực Rỡ Thì Sao?                                                                                 , Skybooks                                                              , Còn hàng  , "83,600₫"   , "88,000₫"   , https://nhasachphuongnam.com/products/neu-ca-doi-nay-minh-khong-ruc-ro-thi-sao                                                                      , Phuong Nam
Tuổi Thơ Ở Đông Dương: Từ Ngày Tháng Êm Đềm Đến Thời Tao Loạn                                                             , NXB Tổng Hợp TP.HCM                                                   , Còn hàng  , "142,500₫"  , "150,000₫"  , https://nhasachphuongnam.com/products/tuoi-tho-o-dong-duong-tu-ngay-thang-em-dem-den-thoi-tao-loan                                                  , Phuong Nam
Thảm Án Lúc Nửa Đêm (Sách bỏ túi)                                                                                         , 1980 Books                                                            , Còn hàng  , "132,050₫"  , "139,000₫"  , https://nhasachphuongnam.com/products/tham-an-luc-nua-dem-sach-bo-tui                                                                               , Phuong Nam
Chiếc Thìa Bạc (Sách bỏ túi)                                                                                              , 1980 Books                                                            , Còn hàng  , "132,050₫"  , "139,000₫"  , https://nhasachphuongnam.com/products/chiec-thia-bac-sach-bo-tui                                                                                    , Phuong Nam
Kỳ Án Săn Ma (Sách bỏ túi)                                                                                                , 1980 Books                                                            , Còn hàng  , "132,050₫"  , "139,000₫"  , https://nhasachphuongnam.com/products/ky-an-san-ma-sach-bo-tui                                                                                      , Phuong Nam
Chung Một Mái Nhà - Tập 5 (Bản giới hạn)                                                                                  , NXB Kim Đồng                                                          , Còn hàng  , "99,750₫"   , "105,000₫"  , https://nhasachphuongnam.com/products/chung-mot-mai-nha-tap-5-ban-gioi-han                                                                          , Phuong Nam
Khi Yêu Thương Còn Chưa Quên Lãng (Nxb Trẻ)                                                                               , Công ty TNHH Một Thành Viên Nhà Xuất Bản Trẻ                          , Còn hàng  , "133,000₫"  , "140,000₫"  , https://nhasachphuongnam.com/products/khi-yeu-thuong-con-chua-quen-lang-nxb-tre                                                                     , Phuong Nam
Khi Tình Yêu Còn Chưa Ngỏ Lời (Nxb Trẻ)                                                                                   , Công ty TNHH Một Thành Viên Nhà Xuất Bản Trẻ                          , Còn hàng  , "133,000₫"  , "140,000₫"  , https://nhasachphuongnam.com/products/khi-tinh-yeu-con-chua-ngo-loi-nxb-tre                                                                         , Phuong Nam
Khi Lời Tạ Từ Còn Chưa Kịp Nói (Nxb Trẻ)                                                                                  , Công ty TNHH Một Thành Viên Nhà Xuất Bản Trẻ                          , Còn hàng  , "128,250₫"  , "135,000₫"  , https://nhasachphuongnam.com/products/khi-loi-ta-tu-con-chua-kip-noi-nxb-tre                                                                        , Phuong Nam
Tam Quốc Diễn Nghĩa (Bộ 2C)                                                                                               , Công ty Cổ Phần Văn Hoá Đông A                                        , Còn hàng  , "522,500₫"  , "550,000₫"  , https://nhasachphuongnam.com/products/tam-quoc-dien-nghia-bo-2c                                                                                     , Phuong Nam
Hiệp Hội Các Nạn Nhân Cùng Tên                                                                                            , AZ Việt Nam                                                           , Còn hàng  , "179,550₫"  , "189,000₫"  , https://nhasachphuongnam.com/products/hiep-hoi-cac-nan-nhan-cung-ten                                                                                , Phuong Nam
Cấm Nói Chuyện Phong Nguyệt - Tập 2                                                                                       , AZ Việt Nam                                                           , Còn hàng  , "246,050₫"  , "259,000₫"  , https://nhasachphuongnam.com/products/cam-noi-chuyen-phong-nguyet-tap-2                                                                             , Phuong Nam
Xuân Khởi - Bản Thường (Kèm Bookmark)                                                                                     , Công ty TNHH Thương Mại Và Dịch Vụ Văn Hoá Đinh Tị                    , Còn hàng  , "199,000₫"  ,             , https://nhasachphuongnam.com/products/xuan-khoi-ban-thuong-kem-bookmark                                                                             , Phuong Nam
Và Cậu Bước Đến Tập 2                                                                                                     , Công ty TNHH Thương Mại Và Dịch Vụ Văn Hoá Đinh Tị                    , Còn hàng  , "189,000₫"  ,             , https://nhasachphuongnam.com/products/va-cau-buoc-den-t2                                                                                            , Phuong Nam
Và Cậu Bước Đến T1                                                                                                        , Công ty TNHH Thương Mại Và Dịch Vụ Văn Hoá Đinh Tị                    , Còn hàng  , "199,000₫"  ,             , https://nhasachphuongnam.com/products/va-cau-buoc-den-t1                                                                                            , Phuong Nam
Em Và Chúng Ta                                                                                                            , Skybooks                                                              , Còn hàng  , "90,250₫"   , "95,000₫"   , https://nhasachphuongnam.com/products/em-va-chung-ta                                                                                                , Phuong Nam
Ta Là Chúa Tể Độc Ác Của Đế Quốc Liên Thiên Hà - Tập 2                                                                    , AZ Việt Nam                                                           , Còn hàng  , "151,050₫"  , "159,000₫"  , https://nhasachphuongnam.com/products/ta-la-chua-te-doc-ac-cua-de-quoc-lien-thien-ha-tap-2                                                          , Phuong Nam
Kỳ Án Trong Thư Viện Kín                                                                                                  , AZ Việt Nam                                                           , Còn hàng  , "126,350₫"  , "133,000₫"  , https://nhasachphuongnam.com/products/ky-an-trong-thu-vien-kin                                                                                      , Phuong Nam
Khu D                                                                                                                     , AZ Việt Nam                                                           , Còn hàng  , "151,050₫"  , "159,000₫"  , https://nhasachphuongnam.com/products/khu-d                                                                                                         , Phuong Nam
Gieo Mầm Nhỏ Trong Vũ Trụ Riêng                                                                                           , AZ Việt Nam                                                           , Còn hàng  , "118,750₫"  , "125,000₫"  , https://nhasachphuongnam.com/products/gieo-mam-nho-trong-vu-tru-rieng                                                                               , Phuong Nam
Đêm Kinh Hoàng Cùng Bộ Xương (Hạnh Phúc Cùng Nam Chính Trong Truyện Kinh Dị)                                              , AZ Việt Nam                                                           , Còn hàng  , "151,050₫"  , "159,000₫"  , https://nhasachphuongnam.com/products/dem-kinh-hoang-cung-bo-xuong-hanh-phuc-cung-nam-chinh-trong-truyen-kinh-di                                    , Phuong Nam
Người Tuyết Của Em Có Thể Sống Được Bao Lâu? - Tập 2                                                                      , AZ Việt Nam                                                           , Còn hàng  , "179,550₫"  , "189,000₫"  , https://nhasachphuongnam.com/products/nguoi-tuyet-cua-em-co-the-song-duoc-bao-lau-tap-2                                                             , Phuong Nam
Mất Bao Đêm Để Ước Người Ở Lại?                                                                                           , AZ Việt Nam                                                           , Còn hàng  , "109,250₫"  , "115,000₫"  , https://nhasachphuongnam.com/products/mat-bao-dem-de-uoc-nguoi-o-lai                                                                                , Phuong Nam
Một Hôm Tôi Bỗng Nhớ Ra                                                                                                   , Phanbook                                                              , Còn hàng  , "170,050₫"  , "179,000₫"  , https://nhasachphuongnam.com/products/mot-hom-toi-bong-nho-ra                                                                                       , Phuong Nam
Xa Rời Đám Đông Điên Loạn                                                                                                 , Tân Việt                                                              , Còn hàng  , "189,050₫"  , "199,000₫"  , https://nhasachphuongnam.com/products/xa-roi-dam-dong-dien-loan                                                                                     , Phuong Nam
Tủ Sách Thanh Niên - Mẫn Và Tôi                                                                                           , NXB Kim Đồng                                                          , Còn hàng  , "185,250₫"  , "195,000₫"  , https://nhasachphuongnam.com/products/tu-sach-thanh-nien-man-va-toi                                                                                 , Phuong Nam
Đẹp Xưa                                                                                                                   , NXB Trẻ                                                               , Còn hàng  , "142,500₫"  , "150,000₫"  , https://nhasachphuongnam.com/products/dep-xua                                                                                                       , Phuong Nam
Nhật Ký Hư Không                                                                                                          , NXB Trẻ                                                               , Còn hàng  , "90,250₫"   , "95,000₫"   , https://nhasachphuongnam.com/products/nhat-ky-hu-khong                                                                                              , Phuong Nam
Tầm Nguyên Từ Điển                                                                                                        , NXB Trẻ                                                               , Còn hàng  , "142,500₫"  , "150,000₫"  , https://nhasachphuongnam.com/products/tam-nguyen-tu-dien                                                                                            , Phuong Nam
Ngày Hôm Nay Thế Nào?                                                                                                     , NXB Trẻ                                                               , Còn hàng  , "85,500₫"   , "90,000₫"   , https://nhasachphuongnam.com/products/ngay-hom-nay-the-nao                                                                                          , Phuong Nam
Arya Bàn Bên Thỉnh Thoảng Lại Trêu Ghẹo Tôi Bằng Tiếng Nga - Tập 9 (Bản giới hạn)                                         , NXB Kim Đồng                                                          , Còn hàng  , "128,250₫"  , "135,000₫"  , https://nhasachphuongnam.com/products/arya-ban-ben-thinh-thoang-lai-treu-gheo-toi-bang-tieng-nga-tap-9-ban-gioi-han                                 , Phuong Nam
Arya Bàn Bên Thỉnh Thoảng Lại Trêu Ghẹo Tôi Bằng Tiếng Nga - Tập 9                                                        , NXB Kim Đồng                                                          , Còn hàng  , "90,250₫"   , "95,000₫"   , https://nhasachphuongnam.com/products/arya-ban-ben-thinh-thoang-lai-treu-gheo-toi-bang-tieng-nga-tap-9                                              , Phuong Nam
Sự Im Lặng Của Bầy Cừu (Tái bản năm 2026)                                                                                 , Nhã Nam                                                               , Còn hàng  , "142,500₫"  , "150,000₫"  , https://nhasachphuongnam.com/products/su-im-lang-cua-bay-cuu-tai-ban-nam-2026                                                                       , Phuong Nam
Codename Anastasia - Mật Danh Anastasia - Tập 2                                                                           , AZ Việt Nam                                                           , Còn hàng  , "213,750₫"  , "225,000₫"  , https://nhasachphuongnam.com/products/codename-anastasia-mat-danh-anastasia-tap-2                                                                   , Phuong Nam
Đám Trẻ Ở Đại Dương Đen (Tái bản năm 2026)                                                                                , AZ Việt Nam                                                           , Còn hàng  , "113,050₫"  , "119,000₫"  , https://nhasachphuongnam.com/products/dam-tre-o-dai-duong-den-tai-ban-nam-2026                                                                      , Phuong Nam
Rải Rác Khắp Nơi Trên Mặt Đất                                                                                             , NXB Phụ Nữ                                                            , Còn hàng  , "156,750₫"  , "165,000₫"  , https://nhasachphuongnam.com/products/rai-rac-khap-noi-tren-mat-dat                                                                                 , Phuong Nam
Linh Từ Quốc Mẫu                                                                                                          , NXB Phụ Nữ                                                            , Còn hàng  , "150,100₫"  , "158,000₫"  , https://nhasachphuongnam.com/products/linh-tu-quoc-mau                                                                                              , Phuong Nam
Ác Nữ Nửa Vời - Truyền Kì Hoán Hồn Đổi Xác - Tập 3 (Light novel)                                                          , NXB Kim Đồng                                                          , Còn hàng  , "123,500₫"  , "130,000₫"  , https://nhasachphuongnam.com/products/ac-nu-nua-voi-truyen-ki-hoan-hon-doi-xac-tap-3-light-novel                                                    , Phuong Nam
Ngàn Mặt Trời Rực Rỡ                                                                                                      , Nhã Nam                                                               , Còn hàng  , "152,000₫"  , "160,000₫"  , https://nhasachphuongnam.com/products/ngan-mat-troi-ruc-ro                                                                                          , Phuong Nam
Làm Bạn Với Cô Nàng Dễ Thương Nhì Lớp - Tập 4 (Bản giới hạn)                                                              , NXB Kim Đồng                                                          , Còn hàng  , "99,750₫"   , "105,000₫"  , https://nhasachphuongnam.com/products/lam-ban-voi-co-nang-de-thuong-nhi-lop-tap-4-ban-gioi-han                                                      , Phuong Nam
Làm Bạn Với Cô Nàng Dễ Thương Nhì Lớp - Tập 4                                                                             , NXB Kim Đồng                                                          , Còn hàng  , "99,750₫"   , "105,000₫"  , https://nhasachphuongnam.com/products/lam-ban-voi-co-nang-de-thuong-nhi-lop-tap-4                                                                   , Phuong Nam
Người Tuyết Của Em Có Thể Sống Được Bao Lâu? - Tập 1                                                                      , AZ Việt Nam                                                           , Còn hàng  , "179,550₫"  , "189,000₫"  , https://nhasachphuongnam.com/products/nguoi-tuyet-cua-em-co-the-song-duoc-bao-lau-tap-1                                                             , Phuong Nam
"Mượn Vần Thơ, Tỏ Vần Thương (Ước gì anh được yêu đương với nàng)"                                                        , AZ Việt Nam                                                           , Còn hàng  , "84,550₫"   , "89,000₫"   , https://nhasachphuongnam.com/products/muon-van-tho-to-van-thuong-uoc-gi-anh-duoc-yeu-duong-voi-nang                                                 , Phuong Nam
Minh Hôn                                                                                                                  , Skybooks                                                              , Còn hàng  , "109,250₫"  , "115,000₫"  , https://nhasachphuongnam.com/products/minh-hon                                                                                                      , Phuong Nam
Ký Ức Của Tinh Vịnh Sư                                                                                                    , 1980 Books                                                            , Còn hàng  , "236,550₫"  , "249,000₫"  , https://nhasachphuongnam.com/products/ky-uc-cua-tinh-vinh-su                                                                                        , Phuong Nam
Cảo Thơm - Đại Việt Thông Sử (BC)                                                                                         , NXB Trẻ                                                               , Còn hàng  , "408,500₫"  , "430,000₫"  , https://nhasachphuongnam.com/products/cao-thom-dai-viet-thong-su-bc                                                                                 , Phuong Nam
Cảo Thơm - Đại Nam Kỳ Nhân Liệt Truyện (BC)                                                                               , NXB Trẻ                                                               , Còn hàng  , "194,750₫"  , "205,000₫"  , https://nhasachphuongnam.com/products/cao-thom-dai-nam-ky-nhan-liet-truyen-bc                                                                       , Phuong Nam
Cấm Nói Chuyện Phong Nguyệt - Tập 1                                                                                       , AZ Việt Nam                                                           , Còn hàng  , "255,550₫"  , "269,000₫"  , https://nhasachphuongnam.com/products/cam-noi-chuyen-phong-nguyet-tap-1                                                                             , Phuong Nam
Mossad - Chiến Dịch Tình Báo Huyền Thoại                                                                                  , Alpha Books                                                           , Còn hàng  , "206,100₫"  , "229,000₫"  , https://nhasachphuongnam.com/products/mossad-chien-dich-tinh-bao-huyen-thoai                                                                        , Phuong Nam
Đèn Không Hắt Bóng (Tái bản năm 2026)                                                                                     , Phương Nam Book                                                       , Còn hàng  , "203,150₫"  , "239,000₫"  , https://nhasachphuongnam.com/products/den-khong-hat-bong-tai-ban-nam-2026                                                                           , Phuong Nam
Thất Lạc Cõi Người (Tái bản năm 2026)                                                                                     , Phương Nam Book                                                       , Còn hàng  , "101,150₫"  , "119,000₫"  , https://nhasachphuongnam.com/products/that-lac-coi-nguoi-tai-ban-nam-2026                                                                           , Phuong Nam
Hồ Sơ Sát Nhân Liên Hoàn                                                                                                  , AZ Việt Nam                                                           , Còn hàng  , "151,050₫"  , "159,000₫"  , https://nhasachphuongnam.com/products/ho-so-sat-nhan-lien-hoan                                                                                      , Phuong Nam
Người Bình Thường Tập Lớn                                                                                                 , AZ Việt Nam                                                           , Còn hàng  , "87,400₫"   , "92,000₫"   , https://nhasachphuongnam.com/products/nguoi-binh-thuong-tap-lon                                                                                     , Phuong Nam
Phá Đảo Dị Giới Cùng Nữ Thần Không Tín Đồ - Tập 6                                                                         , First News                                                            , Còn hàng  , "99,750₫"   , "105,000₫"  , https://nhasachphuongnam.com/products/pha-dao-di-gioi-cung-nu-than-khong-tin-do-tap-6                                                               , Phuong Nam
Hẹn Hò Với Người Siêu Dễ Thương Như Tớ Đi! - Tập 2                                                                        , First News                                                            , Còn hàng  , "95,000₫"   , "100,000₫"  , https://nhasachphuongnam.com/products/hen-ho-voi-nguoi-sieu-de-thuong-nhu-to-di-tap-2                                                               , Phuong Nam
Tôi Kể - Tất Cả Đều Từ Sách                                                                                               , Khác                                                                  , Còn hàng  , "247,000₫"  , "260,000₫"  , https://nhasachphuongnam.com/products/toi-ke-tat-ca-deu-tu-sach                                                                                     , Phuong Nam
Xóm Giá Tỵ                                                                                                                , NXB Trẻ                                                               , Còn hàng  , "99,750₫"   , "105,000₫"  , https://nhasachphuongnam.com/products/xom-gia-ty                                                                                                    , Phuong Nam
Tiệm Sách Thứ Sáu: Vị Mochi Mùa Xuân                                                                                      , NXB Trẻ                                                               , Còn hàng  , "147,250₫"  , "155,000₫"  , https://nhasachphuongnam.com/products/tiem-sach-thu-sau-vi-mochi-mua-xuan                                                                           , Phuong Nam
Yêu Thầm Được Hồi Âm                                                                                                      , Skybooks                                                              , Còn hàng  , "198,550₫"  , "209,000₫"  , https://nhasachphuongnam.com/products/yeu-tham-duoc-hoi-am                                                                                          , Phuong Nam
Đồng Hành Là Lời Tỏ Tình Chân Thành Nhất                                                                                  , Skybooks                                                              , Còn hàng  , "80,750₫"   , "85,000₫"   , https://nhasachphuongnam.com/products/dong-hanh-la-loi-to-tinh-chan-thanh-nhat                                                                      , Phuong Nam
"Gửi Bạn, Người Bình Thường"                                                                                              , Skybooks                                                              , Còn hàng  , "102,600₫"  , "108,000₫"  , https://nhasachphuongnam.com/products/gui-ban-nguoi-binh-thuong                                                                                     , Phuong Nam
"Chờ Nắng Đủ, Đợi Tình Đầy"                                                                                               , Skybooks                                                              , Còn hàng  , "94,050₫"   , "99,000₫"   , https://nhasachphuongnam.com/products/cho-nang-du-doi-tinh-day                                                                                      , Phuong Nam
Alice Ở Xứ Sở Tội Lỗi: Trò Chơi Sinh Tồn Thế Giới Ảo                                                                      , AZ Việt Nam                                                           , Còn hàng  , "132,050₫"  , "139,000₫"  , https://nhasachphuongnam.com/products/alice-o-xu-so-toi-loi-tro-choi-sinh-ton-the-gioi-ao                                                           , Phuong Nam
Bách Khoa Toàn Thư Về Những Kẻ Sát Nhân Hàng Loạt                                                                         , AZ Việt Nam                                                           , Còn hàng  , "122,550₫"  , "129,000₫"  , https://nhasachphuongnam.com/products/bach-khoa-toan-thu-ve-nhung-ke-sat-nhan-hang-loat                                                             , Phuong Nam
Trong Gia Đình (Song ngữ Việt-Anh)                                                                                        , Hg Books                                                              , Còn hàng  , "113,050₫"  , "119,000₫"  , https://nhasachphuongnam.com/products/trong-gia-dinh-song-ngu-viet-anh                                                                              , Phuong Nam
Có Thương Cậu Không ?                                                                                                     , Công Ty Cổ Phần Time Books                                            , Còn hàng  , "227,050₫"  , "239,000₫"  , https://nhasachphuongnam.com/products/co-thuong-cau-khong                                                                                           , Phuong Nam
Hợp Táng Án                                                                                                               , AZ Việt Nam                                                           , Còn hàng  , "175,750₫"  , "185,000₫"  , https://nhasachphuongnam.com/products/hop-tang-an                                                                                                   , Phuong Nam
Ký Sự Pháp Y - Khi Tử Thi Kể Chuyện                                                                                       , Skybooks                                                              , Còn hàng  , "141,550₫"  , "149,000₫"  , https://nhasachphuongnam.com/products/ky-su-phap-y-khi-tu-thi-ke-chuyen                                                                             , Phuong Nam
Vẻ Đẹp Của Kẻ Chán Chường-Bán Tự Truyện                                                                                   , Công ty TNHH Phan Lệ & Friends                                        , Còn hàng  , "144,400₫"  , "152,000₫"  , https://nhasachphuongnam.com/products/ve-dep-cua-ke-chan-chuong-ban-tu-truyen                                                                       , Phuong Nam
Thành Ngữ Tục Ngữ Ca Dao Dân Ca Việt Nam                                                                                  , Công ty TNHH Văn Hóa Và Truyền Thông Trí Việt                         , Còn hàng  , "109,250₫"  , "115,000₫"  , https://nhasachphuongnam.com/products/thanh-ngu-tuc-ngu-ca-dao-dan-ca-viet-nam                                                                      , Phuong Nam
Hai Đứa Trẻ                                                                                                               , Công ty TNHH Văn Hóa Và Truyền Thông Trí Việt                         , Còn hàng  , "44,650₫"   , "47,000₫"   , https://nhasachphuongnam.com/products/hai-dua-tre-1                                                                                                 , Phuong Nam
"Ticket To Chidhood (Bản tiếng Anh ""Cho tôi xin một vé đi tuổi thơ"")"                                                   , NXB Trẻ                                                               , Còn hàng  , "95,000₫"   , "100,000₫"  , https://nhasachphuongnam.com/products/ticket-to-chidhood                                                                                            , Phuong Nam
Nhà Giả Kim (TB 2026)                                                                                                     , Nhã Nam                                                               , Còn hàng  , "90,250₫"   , "95,000₫"   , https://nhasachphuongnam.com/products/nha-gia-kim-tb-2026                                                                                           , Phuong Nam
Tháp Nhốt Vong                                                                                                            , Công ty TNHH Sách Và Truyền Thông Việt Nam                            , Còn hàng  , "198,550₫"  , "209,000₫"  , https://nhasachphuongnam.com/products/thap-nhot-vong                                                                                                , Phuong Nam
Kẻ Thù Vừa Ngọt Vừa Bám Người - Tập 2                                                                                     , AZ Việt Nam                                                           , Còn hàng  , "147,250₫"  , "155,000₫"  , https://nhasachphuongnam.com/products/ke-thu-vua-ngot-vua-bam-nguoi-tap-2                                                                           , Phuong Nam
Chuyện Kinh Dị Hằng Đêm                                                                                                   , AZ Việt Nam                                                           , Còn hàng  , "179,550₫"  , "189,000₫"  , https://nhasachphuongnam.com/products/chuyen-kinh-di-hang-dem                                                                                       , Phuong Nam
Dây Châu Ngọc Bên Cành Linh Lan                                                                                           , Công Ty Cổ Phần Time Books                                            , Còn hàng  , "270,750₫"  , "285,000₫"  , https://nhasachphuongnam.com/products/day-chau-ngoc-ben-canh-linh-lan                                                                               , Phuong Nam
Truyện Kiều Hội Bản (Bìa cứng)                                                                                            , Công ty Cổ Phần Sách Thái Hà                                          , Còn hàng  , "284,050₫"  , "299,000₫"  , https://nhasachphuongnam.com/products/truyen-kieu-hoi-ban-bc                                                                                        , Phuong Nam
Khế Ước Bán Dâu                                                                                                           , Công ty TNHH Văn Hóa Truyền Thông Az Việt Nam                         , Còn hàng  , "179,550₫"  , "189,000₫"  , https://nhasachphuongnam.com/products/khe-uoc-ban-dau-1                                                                                             , Phuong Nam
Arya Bàn Bên Thỉnh Thoảng Lại Trêu Ghẹo Tôi Bằng Tiếng Nga T8                                                             , Nhà Xuất Bản Kim Đồng Tại Thành Phố Hồ Chí Minh                       , Còn hàng  , "90,250₫"   , "95,000₫"   , https://nhasachphuongnam.com/products/arya-ban-ben-thinh-thoang-lai-treu-gheo-toi-bang-tieng-nga-t8                                                 , Phuong Nam
Như Chiếc Lá Gần Rơi                                                                                                      , Công ty TNHH Văn Hóa Truyền Thông Az Việt Nam                         , Còn hàng  , "90,250₫"   , "95,000₫"   , https://nhasachphuongnam.com/products/nhu-chiec-la-gan-roi                                                                                          , Phuong Nam
Nhạc Công Bí Ẩn                                                                                                           , Công ty TNHH Văn Hóa Truyền Thông Az Việt Nam                         , Còn hàng  , "188,100₫"  , "198,000₫"  , https://nhasachphuongnam.com/products/nhac-cong-bi-an                                                                                               , Phuong Nam
Đôi Mắt Âm Dương                                                                                                          , AZ Việt Nam                                                           , Còn hàng  , "122,550₫"  , "129,000₫"  , https://nhasachphuongnam.com/products/doi-mat-am-duong                                                                                              , Phuong Nam
"Ngẩng Đầu Là Nắng, Cúi Đầu Là Hoa"                                                                                       , Skybooks                                                              , Còn hàng  , "132,050₫"  , "139,000₫"  , https://nhasachphuongnam.com/products/ngang-dau-la-nang-cui-dau-la-hoa                                                                              , Phuong Nam
Con Người Biết Nói Dối Nhưng Vật Chứng Thì Không                                                                          , AZ Việt Nam                                                           , Còn hàng  , "179,550₫"  , "189,000₫"  , https://nhasachphuongnam.com/products/con-nguoi-biet-noi-doi-nhung-vat-chung-thi-khong                                                              , Phuong Nam
Trò Chơi Giải Mã Ác Mộng                                                                                                  , Công ty TNHH Văn Hóa Truyền Thông Az Việt Nam                         , Còn hàng  , "170,050₫"  , "179,000₫"  , https://nhasachphuongnam.com/products/tro-choi-giai-ma-ac-mong                                                                                      , Phuong Nam
Bất Lực (Powerless)                                                                                                       , AZ Việt Nam                                                           , Còn hàng  , "236,550₫"  , "249,000₫"  , https://nhasachphuongnam.com/products/bat-luc-powerless                                                                                             , Phuong Nam
Đóa Hoa Tỉnh Thức Nở Giữa Vô Thường                                                                                       , AZ Việt Nam                                                           , Còn hàng  , "103,550₫"  , "109,000₫"  , https://nhasachphuongnam.com/products/doa-hoa-tinh-thuc-no-giua-vo-thuong                                                                           , Phuong Nam
Hoa Tulip Đen                                                                                                             , Huy Hoàng                                                             , Còn hàng  , "81,700₫"   , "86,000₫"   , https://nhasachphuongnam.com/products/hoa-tulip-den-1                                                                                               , Phuong Nam
Hội Chứng Tuổi Thanh Xuân - Tập 12: Cô Nàng Học Sinh Của Tôi                                                              , NXB Kim Đồng                                                          , Còn hàng  , "99,750₫"   , "105,000₫"  , https://nhasachphuongnam.com/products/hoi-chung-tuoi-thanh-xuan-tap-12-co-nang-hoc-sinh-cua-toi                                                     , Phuong Nam
Hội Chứng Tuổi Thanh Xuân - Tập 12: Cô Nàng Học Sinh Của Tôi (Bản giới hạn)                                               , NXB Kim Đồng                                                          , Còn hàng  , "99,750₫"   , "105,000₫"  , https://nhasachphuongnam.com/products/hoi-chung-tuoi-thanh-xuan-tap-12-co-nang-hoc-sinh-cua-toi-ban-gioi-han                                        , Phuong Nam
Thám Tử Ẩm Thực Kamogawa 2 - Tiệm Ăn Hoài Niệm                                                                            , Công ty TNHH Một Thành Viên Nhà Xuất Bản Trẻ                          , Còn hàng  , "104,500₫"  , "110,000₫"  , https://nhasachphuongnam.com/products/tham-tu-am-thuc-kamogawa-2-tiem-an-hoai-niem                                                                  , Phuong Nam
Thám Tử Ẩm Thực Kamogawa                                                                                                  , Công ty TNHH Một Thành Viên Nhà Xuất Bản Trẻ                          , Còn hàng  , "104,500₫"  , "110,000₫"  , https://nhasachphuongnam.com/products/tham-tu-am-thuc-kamogawa                                                                                      , Phuong Nam
Beartown 3 Những Người Chiến Thắng                                                                                        , Công ty TNHH Một Thành Viên Nhà Xuất Bản Trẻ                          , Còn hàng  , "342,000₫"  , "360,000₫"  , https://nhasachphuongnam.com/products/beartown-3-nhung-nguoi-chien-thang                                                                            , Phuong Nam
Cuộc Nổi Dậy Của Cô Nàng Mọt Sách - Phần 2: Vu Nữ Tập Sự Của Thần Điện 2                                                  , Skybooks                                                              , Còn hàng  , "185,250₫"  , "195,000₫"  , https://nhasachphuongnam.com/products/cuoc-noi-day-cua-co-nang-mot-sach-phan-2-vu-nu-tap-su-cua-than-dien-2                                         , Phuong Nam
"Nghỉ Yêu, Kết Hôn Thôi! (Bộ 2 tập)"                                                                                      , Skybooks                                                              , Còn hàng  , "251,750₫"  , "265,000₫"  , https://nhasachphuongnam.com/products/nghi-yeu-ket-hon-thoi-bo-2-tap                                                                                , Phuong Nam
Thần Rừng                                                                                                                 , AZ Việt Nam                                                           , Còn hàng  , "217,550₫"  , "229,000₫"  , https://nhasachphuongnam.com/products/than-rung                                                                                                     , Phuong Nam
Giả Đứng Đắn - Tập 2                                                                                                      , AZ Việt Nam                                                           , Còn hàng  , "175,750₫"  , "185,000₫"  , https://nhasachphuongnam.com/products/gia-dung-dan-tap-2                                                                                            , Phuong Nam
Ác Nữ Nửa Vời - Truyền Kì Hoán Hồn Đổi Xác - Tập 2 (Light novel)                                                          , NXB Kim Đồng                                                          , Còn hàng  , "109,250₫"  , "115,000₫"  , https://nhasachphuongnam.com/products/ac-nu-nua-voi-truyen-ki-hoan-hon-doi-xac-tap-2-light-novel                                                    , Phuong Nam
Những Chuyện Quỷ Quái Vùng Kinki                                                                                          , NXB Kim Đồng                                                          , Còn hàng  , "104,500₫"  , "110,000₫"  , https://nhasachphuongnam.com/products/nhung-chuyen-quy-quai-vung-kinki                                                                              , Phuong Nam
Chúng Ta Rực Rỡ Từ Những Vụn Vỡ                                                                                           , Alpha Books                                                           , Còn hàng  , "167,400₫"  , "186,000₫"  , https://nhasachphuongnam.com/products/chung-ta-ruc-ro-tu-nhung-vun-vo                                                                               , Phuong Nam
Thiếu Nữ Độc Ác Và Mười Hai Ánh Mắt: Cuộc Đời Thứ Hai Đầy Huy Hoàng Cùng Những Tùy Tùng Vô Song                           , First News                                                            , Còn hàng  , "142,500₫"  , "150,000₫"  , https://nhasachphuongnam.com/products/thieu-nu-doc-ac-va-muoi-hai-anh-mat-cuoc-doi-thu-hai-day-huy-hoang-cung-nhung-tuy-tung-vo-song                , Phuong Nam
Báu Vật Của Đời                                                                                                           , Huy Hoàng                                                             , Còn hàng  , "370,500₫"  , "390,000₫"  , https://nhasachphuongnam.com/products/bau-vat-cua-doi                                                                                               , Phuong Nam
Thiên Sứ Nhà Bên - Tập 10                                                                                                 , NXB Kim Đồng                                                          , Còn hàng  , "90,250₫"   , "95,000₫"   , https://nhasachphuongnam.com/products/thien-su-nha-ben-tap-10                                                                                       , Phuong Nam
Nhịp Sống Chợ Lớn: Tranh Và Ký Họa                                                                                        , Phuong Nam Book                                                       , Còn hàng  , "319,200₫"  , "399,000₫"  , https://nhasachphuongnam.com/products/nhip-song-cho-lon-tranh-va-ky-hoa                                                                             , Phuong Nam
Phục Gia Truyện                                                                                                           , Phương Nam Book                                                       , Còn hàng  , "132,050₫"  , "139,000₫"  , https://nhasachphuongnam.com/products/phuc-gia-truyen                                                                                               , Phuong Nam
Cloud Cuckoo Land - Xứ Sở Mây Xanh                                                                                        , 1980 Books                                                            , Còn hàng  , "284,050₫"  , "299,000₫"  , https://nhasachphuongnam.com/products/cloud-cuckoo-land-xu-so-may-xanh                                                                              , Phuong Nam
Một Thời Và Mãi Mãi                                                                                                       , NXB Trẻ                                                               , Còn hàng  , "80,750₫"   , "85,000₫"   , https://nhasachphuongnam.com/products/mot-thoi-va-mai-mai                                                                                           , Phuong Nam
Khi Ký Ức Còn Chưa Phai Nhạt                                                                                              , NXB Trẻ                                                               , Còn hàng  , "142,500₫"  , "150,000₫"  , https://nhasachphuongnam.com/products/khi-ky-uc-con-chua-phai-nhat                                                                                  , Phuong Nam
Khi Lời Nói Dối Còn Chưa Lộ Diện                                                                                          , NXB Trẻ                                                               , Còn hàng  , "114,000₫"  , "120,000₫"  , https://nhasachphuongnam.com/products/khi-loi-noi-doi-con-chua-lo-dien                                                                              , Phuong Nam
Khi Tách Cà Phê Còn Chưa Nguội                                                                                            , NXB Trẻ                                                               , Còn hàng  , "137,750₫"  , "145,000₫"  , https://nhasachphuongnam.com/products/khi-tach-ca-phe-con-chua-nguoi                                                                                , Phuong Nam
Xứ Tuyết                                                                                                                  , Nhã Nam                                                               , Còn hàng  , "106,400₫"  , "112,000₫"  , https://nhasachphuongnam.com/products/xu-tuyet-1                                                                                                    , Phuong Nam
Nếu Như Không Thể Nói Nếu Như (Skybooks)                                                                                  , Skybooks                                                              , Còn hàng  , "118,750₫"  , "125,000₫"  , https://nhasachphuongnam.com/products/neu-nhu-khong-the-noi-neu-nhu-skybooks                                                                        , Phuong Nam
Thức Dậy Anh Vẫn Là Mơ (Skybooks)                                                                                         , Skybooks                                                              , Còn hàng  , "99,750₫"   , "105,000₫"  , https://nhasachphuongnam.com/products/thuc-day-anh-van-la-mo-skybooks                                                                               , Phuong Nam
Có Ai Giữ Dùm Những Lãng Quên (Skybooks)                                                                                  , Skybooks                                                              , Còn hàng  , "109,250₫"  , "115,000₫"  , https://nhasachphuongnam.com/products/co-ai-giu-dum-nhung-lang-quen-skybooks                                                                        , Phuong Nam
Nhà Có Bé Ngoan                                                                                                           , AZ Việt Nam                                                           , Còn hàng  , "213,750₫"  , "225,000₫"  , https://nhasachphuongnam.com/products/nha-co-be-ngoan                                                                                               , Phuong Nam
Hoàng Tử Tàn Nhẫn                                                                                                         , AZ Việt Nam                                                           , Còn hàng  , "227,050₫"  , "239,000₫"  , https://nhasachphuongnam.com/products/hoang-tu-tan-nhan                                                                                             , Phuong Nam
Gương Kia Ngự Ở Trên Tường                                                                                                , Bách Việt                                                             , Còn hàng  , "166,250₫"  , "175,000₫"  , https://nhasachphuongnam.com/products/guong-kia-ngu-o-tren-tuong                                                                                    , Phuong Nam
Dẫu Thế Gian Khắc Nghiệt Vẫn Mong Em Dịu Dàng                                                                             , Bách Việt                                                             , Còn hàng  , "140,600₫"  , "148,000₫"  , https://nhasachphuongnam.com/products/dau-the-gian-khac-nghiet-van-mong-em-diu-dang                                                                 , Phuong Nam
Đeo Nhẫn Ăn Mì Thôi Cũng Được Rồi                                                                                         , NXB Phụ Nữ                                                            , Còn hàng  , "189,050₫"  , "199,000₫"  , https://nhasachphuongnam.com/products/deo-nhan-an-mi-thoi-cung-duoc-roi                                                                             , Phuong Nam
Từ Sự Mất Ngủ Của Ruồi                                                                                                    , NXB Trẻ                                                               , Còn hàng  , "104,500₫"  , "110,000₫"  , https://nhasachphuongnam.com/products/tu-su-mat-ngu-cua-ruoi-1                                                                                      , Phuong Nam
Vụ Mưu Sát Ngài Edgware                                                                                                   , NXB Trẻ                                                               , Còn hàng  , "128,250₫"  , "135,000₫"  , https://nhasachphuongnam.com/products/vu-muu-sat-ngai-edgware                                                                                       , Phuong Nam
Cánh Cửa Mở Rộng - Chết Ở Venice (Tái bản năm 2025)                                                                       , NXB Trẻ                                                               , Còn hàng  , "76,000₫"   , "80,000₫"   , https://nhasachphuongnam.com/products/canh-cua-mo-rong-chet-o-venice-tai-ban-nam-2025                                                               , Phuong Nam
Gọi Gió Đất Hiền - Những Câu Chuyện Về Người Phụ Nữ Việt Nam                                                              , NXB Trẻ                                                               , Còn hàng  , "99,750₫"   , "105,000₫"  , https://nhasachphuongnam.com/products/goi-gio-dat-hien-nhung-cau-chuyen-ve-nguoi-phu-nu-viet-nam                                                    , Phuong Nam
Tội Ác Và Hình Phạt (Tái bản năm 2025)                                                                                    , Phương Nam Book                                                       , Còn hàng  , "319,200₫"  , "399,000₫"  , https://nhasachphuongnam.com/products/toi-ac-va-hinh-phat-tai-ban-nam-2025                                                                          , Phuong Nam
Bí Mật Dinh Thự Chimneys                                                                                                  , NXB Trẻ                                                               , Còn hàng  , "152,000₫"  , "160,000₫"  , https://nhasachphuongnam.com/products/bi-mat-dinh-thu-chimneys                                                                                      , Phuong Nam
Cánh Đồng Bất Tận (Tái bản năm 2025)                                                                                      , NXB Trẻ                                                               , Còn hàng  , "95,000₫"   , "100,000₫"  , https://nhasachphuongnam.com/products/canh-dong-bat-tan-tai-ban-nam-2025                                                                            , Phuong Nam
Quidditch Qua Các Thời Đại (Ngoại truyện Harry Potter) (Tái bản năm 2025)                                                 , NXB Trẻ                                                               , Còn hàng  , "128,250₫"  , "135,000₫"  , https://nhasachphuongnam.com/products/quidditch-qua-cac-thoi-dai-ngoai-truyen-harry-potter-tai-ban-nam-2025                                         , Phuong Nam
Hoàng Tử Bé                                                                                                               , NXB Văn Học                                                           , Còn hàng  , "81,700₫"   , "86,000₫"   , https://nhasachphuongnam.com/products/hoang-tu-be-3                                                                                                 , Phuong Nam
Hoàng Lê Nhất Thống Chí                                                                                                   , NXB Văn Học                                                           , Còn hàng  , "112,100₫"  , "118,000₫"  , https://nhasachphuongnam.com/products/hoang-le-nhat-thong-chi-2                                                                                     , Phuong Nam
Chiến Binh Cầu Vồng                                                                                                       , NXB Hội Nhà Văn                                                       , Còn hàng  , "103,550₫"  , "109,000₫"  , https://nhasachphuongnam.com/products/chien-binh-cau-vong-2                                                                                         , Phuong Nam
VENISE VÀ NHỮNG CUỘC TÌNH                                                                                                 , NXB Trẻ                                                               , Còn hàng  , "112,100₫"  , "118,000₫"  , https://nhasachphuongnam.com/products/venise-va-nhung-cuoc-tinh                                                                                     , Phuong Nam
VỀ CHUYỆN TÔI CHUYỂN SINH THÀNH SLIME T7                                                                                  , Skybooks                                                              , Còn hàng  , "204,250₫"  , "215,000₫"  , https://nhasachphuongnam.com/products/ve-chuyen-toi-chuyen-sinh-thanh-slime-t7                                                                      , Phuong Nam
VẠN XUÂN T1-TIỂU THUYẾT LỊCH SỬ                                                                                           , Phụ Nữ                                                                , Còn hàng  , "261,250₫"  , "275,000₫"  , https://nhasachphuongnam.com/products/van-xuan-t1-tieu-thuyet-lich-su                                                                               , Phuong Nam
TỪ KIẾN TRÚC SƯ TRỞ THÀNH BÁC SĨ TẠI HOA KỲ                                                                               , Thế Giới                                                              , Còn hàng  , "141,550₫"  , "149,000₫"  , https://nhasachphuongnam.com/products/tu-kien-truc-su-tro-thanh-bac-si-tai-hoa-ky                                                                   , Phuong Nam
THƠ XUÂN DIỆU                                                                                                             , Huy Hoang Bookstore                                                   , Còn hàng  , "42,750₫"   , "45,000₫"   , https://nhasachphuongnam.com/products/tho-xuan-dieu                                                                                                 , Phuong Nam
THIÊN QUAN TỨ PHÚC 6                                                                                                      , ZGROUP                                                                , Còn hàng  , "151,050₫"  , "159,000₫"  , https://nhasachphuongnam.com/products/thien-quan-tu-phuc-6                                                                                          , Phuong Nam
THI NHÂN VIỆT NAM (BC)                                                                                                    , Nhà Sách Minh Thắng                                                   , Còn hàng  , "114,000₫"  , "120,000₫"  , https://nhasachphuongnam.com/products/thi-nhan-viet-nam-bc                                                                                          , Phuong Nam
TÀO THÁO                                                                                                                  , Nhà Sách Minh Thắng                                                   , Còn hàng  , "261,250₫"  , "275,000₫"  , https://nhasachphuongnam.com/products/tao-thao                                                                                                      , Phuong Nam
TÀN THỨ PHẨM - TẬP 1                                                                                                      , ZGROUP                                                                , Còn hàng  , "160,550₫"  , "169,000₫"  , https://nhasachphuongnam.com/products/tan-thu-pham-tap-1                                                                                            , Phuong Nam
Phố Dài (TB 2025)                                                                                                         , AZ Việt Nam                                                           , Còn hàng  , "213,750₫"  , "225,000₫"  , https://nhasachphuongnam.com/products/pho-dai-tb-2025                                                                                               , Phuong Nam
OAN HỒN BĂNG CỐC                                                                                                          , AZ Việt Nam                                                           , Còn hàng  , "151,050₫"  , "159,000₫"  , https://nhasachphuongnam.com/products/oan-hon-bang-coc                                                                                              , Phuong Nam
NGƯỜI PHỤ NỮ LỪA CẢ THẾ GIỚI                                                                                              , NXB Trẻ                                                               , Còn hàng  , "156,750₫"  , "165,000₫"  , https://nhasachphuongnam.com/products/nguoi-phu-nu-lua-ca-the-gioi                                                                                  , Phuong Nam
Codename Anastasia - Mật Danh Anastasia - Tập 1                                                                           , AZ Việt Nam                                                           , Còn hàng  , "213,750₫"  , "225,000₫"  , https://nhasachphuongnam.com/products/mat-danh-anastasia-t1                                                                                         , Phuong Nam
MA Y THẾ GIA T2                                                                                                           , Cty Sách Hương Giang                                                  , Còn hàng  , "227,050₫"  , "239,000₫"  , https://nhasachphuongnam.com/products/ma-y-the-gia-t2                                                                                               , Phuong Nam
LÁ NGỌC CÀNH VÀNG                                                                                                         , Cty Văn Hóa & Truyền Thông Trí Việt.                                  , Còn hàng  , "51,300₫"   , "54,000₫"   , https://nhasachphuongnam.com/products/la-ngoc-canh-vang                                                                                             , Phuong Nam
KIÊU HÃNH VÀ ĐỊNH KIẾN (BC)                                                                                               , Huy Hoang Bookstore                                                   , Còn hàng  , "204,250₫"  , "215,000₫"  , https://nhasachphuongnam.com/products/kieu-hanh-va-dinh-kien-bc                                                                                     , Phuong Nam
Khúc Ca Lục Biếc Gom Gió - Tập 2                                                                                          , XYZ                                                                   , Còn hàng  , "109,250₫"  , "115,000₫"  , https://nhasachphuongnam.com/products/khuc-ca-luc-biec-gom-gio-t2                                                                                   , Phuong Nam
KHÚC CA LỤC BIẾC GOM GIÓ T1                                                                                               , XYZ                                                                   , Còn hàng  , "99,750₫"   , "105,000₫"  , https://nhasachphuongnam.com/products/khuc-ca-luc-biec-gom-gio-t1                                                                                   , Phuong Nam
HOÀNG ĐẾ XỨ GLADNESS                                                                                                      , Nhã Nam                                                               , Còn hàng  , "237,500₫"  , "250,000₫"  , https://nhasachphuongnam.com/products/hoang-de-xu-gladness                                                                                          , Phuong Nam
HÁN SỞ TRANH HÙNG (BC)                                                                                                    , Nhà Sách Minh Thắng                                                   , Còn hàng  , "180,500₫"  , "190,000₫"  , https://nhasachphuongnam.com/products/han-so-tranh-hung-bc                                                                                          , Phuong Nam
HAI ĐỨA TRẺ                                                                                                               , Cty Văn Hóa & Truyền Thông Trí Việt.                                  , Còn hàng  , "42,750₫"   , "45,000₫"   , https://nhasachphuongnam.com/products/hai-dua-tre                                                                                                   , Phuong Nam
Hà Thanh Hải Yến - Ngang Qua Ngõ Nhỏ Bình An                                                                              , CÔNG TY CỔ PHẦN VĂN HÓA VÀ TRUYỀN THÔNG LINH LAN                      , Còn hàng  , "186,200₫"  , "196,000₫"  , https://nhasachphuongnam.com/products/ha-thanh-hai-yen-ngang-qua-ngo-nho-binh-an                                                                    , Phuong Nam
DỨT TÌNH                                                                                                                  , Cty Văn Hóa & Truyền Thông Trí Việt.                                  , Còn hàng  , "41,800₫"   , "44,000₫"   , https://nhasachphuongnam.com/products/dut-tinh                                                                                                      , Phuong Nam
ĐỜI THỪA                                                                                                                  , Cty Văn Hóa & Truyền Thông Trí Việt.                                  , Còn hàng  , "59,850₫"   , "63,000₫"   , https://nhasachphuongnam.com/products/doi-thua                                                                                                      , Phuong Nam
ĐÔI DÉP CỦA CHA-Ý ĐẸP LỜI HAY VIỆC TỐT                                                                                    , Cty Văn Hóa Đông Tây                                                  , Còn hàng  , "39,900₫"   , "42,000₫"   , https://nhasachphuongnam.com/products/doi-dep-cua-cha-y-dep-loi-hay-viec-tot                                                                        , Phuong Nam
ĐOẠN TUYỆT                                                                                                                , Nhà Sách Minh Thắng                                                   , Còn hàng  , "57,000₫"   , "60,000₫"   , https://nhasachphuongnam.com/products/doan-tuyet                                                                                                    , Phuong Nam
ĐẢO GIẤU VÀNG - TREASURE ISLAND                                                                                           , Công ty TNHH Sách Hà Giang                                            , Còn hàng  , "103,550₫"  , "109,000₫"  , https://nhasachphuongnam.com/products/dao-giau-vang-treasure-island                                                                                 , Phuong Nam
COUPLE NÀY CHÚ KHÔNG SHIP SAO ?                                                                                           , AZ Việt Nam                                                           , Còn hàng  , "160,550₫"  , "169,000₫"  , https://nhasachphuongnam.com/products/couple-nay-chu-khong-ship-sao                                                                                 , Phuong Nam
Con Cáo Vẽ Máu Lên Canvas Lanh                                                                                            , Công Ty Cổ Phần Time Books                                            , Còn hàng  , "185,250₫"  , "195,000₫"  , https://nhasachphuongnam.com/products/con-cao-ve-mau-len-canvas-lanh                                                                                , Phuong Nam
CÓ NGƯỜI ĐỢI CƠM                                                                                                          , AZ Việt Nam                                                           , Còn hàng  , "103,550₫"  , "109,000₫"  , https://nhasachphuongnam.com/products/co-nguoi-doi-com                                                                                              , Phuong Nam
CHUYỆN ICU LÁ GAN HẠNH PHÚC                                                                                               , CÔNG TY TNHH VIETMD.NET                                               , Còn hàng  , "141,550₫"  , "149,000₫"  , https://nhasachphuongnam.com/products/chuyen-icu-la-gan-hanh-phuc                                                                                   , Phuong Nam
CHUYÊN GIA PHÁP Y T1                                                                                                      , Hội Nhà Văn                                                           , Còn hàng  , "147,250₫"  , "155,000₫"  , https://nhasachphuongnam.com/products/chuyen-gia-phap-y-t1                                                                                          , Phuong Nam
Yêu Đi Đừng Sợ                                                                                                            , NXB Phụ Nữ Việt Nam                                                   , Còn hàng  , "83,600₫"   , "88,000₫"   , https://nhasachphuongnam.com/products/yeu-di-dung-so-vi-2                                                                                           , Phuong Nam
Xa Ngoài Kia Nơi Loài Tôm Hát                                                                                             , NXB Trẻ                                                               , Còn hàng  , "156,750₫"  , "165,000₫"  , https://nhasachphuongnam.com/products/xa-ngoai-kia-noi-loai-tom-hat-1                                                                               , Phuong Nam
Vui Vẻ Không Quạu Nha                                                                                                     , NXB Phụ Nữ Việt Nam                                                   , Còn hàng  , "65,550₫"   , "69,000₫"   , https://nhasachphuongnam.com/products/vui-ve-khong-quau-nha-1                                                                                       , Phuong Nam
Việt Nam Văn Học Sử Yếu                                                                                                   , NXB Văn Học                                                           , Còn hàng  , "141,550₫"  , "149,000₫"  , https://nhasachphuongnam.com/products/viet-nam-van-hoc-su-yeu-vi-2                                                                                  , Phuong Nam
Túp Lều Bác Tom (Tái bản năm 2022)                                                                                        , NXB Văn Học                                                           , Còn hàng  , "104,500₫"  , "110,000₫"  , https://nhasachphuongnam.com/products/tup-leu-bac-tom-tai-ban-nam-2022-vi                                                                           , Phuong Nam
"CA DAO, DÂN CA VIỆT NAM ĐẶC SẮC"                                                                                         , Cty Văn Hóa & Truyền Thông Trí Việt.                                  , Còn hàng  , "65,550₫"   , "69,000₫"   , https://nhasachphuongnam.com/products/ca-dao-dan-ca-viet-nam-dac-sac                                                                                , Phuong Nam
Trong Gia Đình                                                                                                            , NXB Văn Học                                                           , Còn hàng  , "102,600₫"  , "108,000₫"  , https://nhasachphuongnam.com/products/trong-gia-dinh-vi-5                                                                                           , Phuong Nam
Trong Gia Đình (Tái bản năm 2022)                                                                                         , NXB Thanh Niên                                                        , Còn hàng  , "94,050₫"   , "99,000₫"   , https://nhasachphuongnam.com/products/trong-gia-dinh-tai-ban-nam-2022-vi                                                                            , Phuong Nam
Trong Gia Đình (Tái bản năm 2022)                                                                                         , NXB Văn Học                                                           , Còn hàng  , "95,000₫"   , "100,000₫"  , https://nhasachphuongnam.com/products/trong-gia-dinh-tai-ban-nam-2022                                                                               , Phuong Nam
Tôi Đi Tìm Tôi                                                                                                            , NXB Văn Hóa-Văn Nghệ                                                  , Còn hàng  , "152,000₫"  , "160,000₫"  , https://nhasachphuongnam.com/products/toi-di-tim-toi                                                                                                , Phuong Nam
Tôi Bị Cảm Hóa Ra Là Do Em                                                                                                , NXB Phụ Nữ Việt Nam                                                   , Còn hàng  , "59,850₫"   , "63,000₫"   , https://nhasachphuongnam.com/products/toi-bi-cam-hoa-ra-la-do-em                                                                                    , Phuong Nam
Tớ Thích Cậu Hơn Cả Harvard                                                                                               , NXB Dân Trí                                                           , Còn hàng  , "149,150₫"  , "157,000₫"  , https://nhasachphuongnam.com/products/to-thich-cau-hon-ca-harvard-vi-3                                                                              , Phuong Nam
Tớ Thích Cậu Hơn Cả Harvard                                                                                               , NXB Dân Trí                                                           , Còn hàng  , "149,150₫"  , "157,000₫"  , https://nhasachphuongnam.com/products/to-thich-cau-hon-ca-harvard-vi-2                                                                              , Phuong Nam
Tiếng Thét Câm Lặng                                                                                                       , NXB Văn Học                                                           , Còn hàng  , "237,500₫"  , "250,000₫"  , https://nhasachphuongnam.com/products/tieng-thet-cam-lang-vi                                                                                        , Phuong Nam
"Thôi Lười Lắm, Nay Nghỉ Làm!"                                                                                            , NXB Dân Trí                                                           , Còn hàng  , "94,050₫"   , "99,000₫"   , https://nhasachphuongnam.com/products/thoi-luoi-lam-nay-nghi-lam-vi                                                                                 , Phuong Nam
Thi Nhân Việt Nam                                                                                                         , NXB Kim Đồng                                                          , Còn hàng  , "142,500₫"  , "150,000₫"  , https://nhasachphuongnam.com/products/thi-nhan-viet-nam-vi-3                                                                                        , Phuong Nam
Thi Nhân Việt Nam                                                                                                         , Công ty TNHH Thương Mại Và Dịch Vụ Văn Hoá Đinh Tị                    , Còn hàng  , "91,200₫"   , "96,000₫"   , https://nhasachphuongnam.com/products/thi-nhan-viet-nam-vi-2                                                                                        , Phuong Nam
Thép Đã Tôi Thế Đấy (Tái bản năm 2023)                                                                                    , NXB Văn Học                                                           , Còn hàng  , "159,600₫"  , "168,000₫"  , https://nhasachphuongnam.com/products/thep-da-toi-the-day-tai-ban-nam-2023-vi                                                                       , Phuong Nam
The Journey Of Youth - Chưa Kịp Lớn Đã Phải Trưởng Thành (Song ngữ Anh-Việt)                                              , NXB Dân Trí                                                           , Còn hàng  , "75,050₫"   , "79,000₫"   , https://nhasachphuongnam.com/products/the-journey-of-youth-chua-kip-lon-da-phai-truong-thanh-song-ngu-anh-viet-vi                                   , Phuong Nam
Thánh Giá Rỗng                                                                                                            , NXB Lao Động Xã Hội                                                   , Còn hàng  , "131,100₫"  , "138,000₫"  , https://nhasachphuongnam.com/products/thanh-gia-rong-vi                                                                                             , Phuong Nam
Thần Thoại Hy Lạp (Tái bản năm 2022)                                                                                      , NXB Phụ Nữ Việt Nam                                                   , Còn hàng  , "351,500₫"  , "370,000₫"  , https://nhasachphuongnam.com/products/than-thoai-hy-lap-tai-ban-nam-2022                                                                            , Phuong Nam
Suối Nguồn (Tái bản năm 2023)                                                                                             , NXB Trẻ                                                               , Còn hàng  , "361,000₫"  , "380,000₫"  , https://nhasachphuongnam.com/products/suoi-nguon-tai-ban-nam-2023-vi                                                                                , Phuong Nam
"Sống Sót Nơi Công Sở - English Business Conversation - Nói Sao Cho ""Ngầu"" (Tái bản năm 2025)"                          , NXB Dân Trí                                                           , Còn hàng  , "170,100₫"  , "189,000₫"  , https://nhasachphuongnam.com/products/song-sot-noi-cong-so-english-business-conversation-noi-sao-cho-ngau-tai-ban-nam-2025-vi                       , Phuong Nam
Sóng                                                                                                                      , NXB Hội Nhà Văn                                                       , Còn hàng  , "66,300₫"   , "78,000₫"   , https://nhasachphuongnam.com/products/song-1                                                                                                        , Phuong Nam
Sơn Nam - Đi Và Ghi Nhớ                                                                                                   , NXB Trẻ                                                               , Còn hàng  , "123,500₫"  , "130,000₫"  , https://nhasachphuongnam.com/products/son-nam-di-va-ghi-nho-vi-3                                                                                    , Phuong Nam
Sanctify - Tập 3                                                                                                          , NXB Hội Nhà Văn                                                       , Còn hàng  , "103,550₫"  , "109,000₫"  , https://nhasachphuongnam.com/products/sanctify-tap-3-vi                                                                                             , Phuong Nam
Sanctify - Tập 3                                                                                                          , NXB Hội Nhà Văn                                                       , Còn hàng  , "103,550₫"  , "109,000₫"  , https://nhasachphuongnam.com/products/sanctify-tap-3                                                                                                , Phuong Nam
BIỂN ĐỜI BIỂN HỌC-TRẢI NGHIỆM VÀ SUY TƯ                                                                                   , NXB Tổng Hợp TPHCM                                                    , Còn hàng  , "209,000₫"  , "220,000₫"  , https://nhasachphuongnam.com/products/bien-doi-bien-hoc-trai-nghiem-va-suy-tu                                                                       , Phuong Nam
Phố Vẫn Gió                                                                                                               , NXB Hội Nhà Văn                                                       , Còn hàng  , "159,600₫"  , "168,000₫"  , https://nhasachphuongnam.com/products/pho-van-gio-vi                                                                                                , Phuong Nam
Phía Trước Là Bầu Trời                                                                                                    , NXB Phụ Nữ Việt Nam                                                   , Còn hàng  , "83,600₫"   , "88,000₫"   , https://nhasachphuongnam.com/products/phia-truoc-la-bau-troi-vi                                                                                     , Phuong Nam
Nữ Sinh (Tái bản năm 2022)                                                                                                , NXB Hội Nhà Văn                                                       , Còn hàng  , "90,300₫"   , "129,000₫"  , https://nhasachphuongnam.com/products/nu-sinh-tai-ban-nam-2022-vi                                                                                   , Phuong Nam
Những Tấm Lòng Cao Cả (Tái bản năm 2022)                                                                                  , NXB Văn Học                                                           , Còn hàng  , "80,750₫"   , "85,000₫"   , https://nhasachphuongnam.com/products/nhung-tam-long-cao-ca-tai-ban-nam-2022-vi                                                                     , Phuong Nam
Những Người Đàn Ông Không Có Đàn Bà                                                                                       , NXB Hội Nhà Văn                                                       , Còn hàng  , "95,000₫"   , "100,000₫"  , https://nhasachphuongnam.com/products/nhung-nguoi-dan-ong-khong-co-dan-ba-vi                                                                        , Phuong Nam
Những Ngày Tươi Đẹp                                                                                                       , NXB Văn Hóa-Văn Nghệ                                                  , Còn hàng  , "63,200₫"   , "79,000₫"   , https://nhasachphuongnam.com/products/nhung-ngay-tuoi-dep-vi                                                                                        , Phuong Nam
Những Gì Đã Qua Đừng Nghĩ Lại Quá Nhiều                                                                                   , NXB Văn Học                                                           , Còn hàng  , "93,100₫"   , "98,000₫"   , https://nhasachphuongnam.com/products/nhung-gi-da-qua-dung-nghi-lai-qua-nhieu-vi-2                                                                  , Phuong Nam
Như Mây Thong Dong                                                                                                        , NXB Hồng Đức                                                          , Còn hàng  , "85,500₫"   , "90,000₫"   , https://nhasachphuongnam.com/products/nhu-may-thong-dong-vi                                                                                         , Phuong Nam
Ngụy Võ Đế Tào Tháo                                                                                                       , NXB Hồng Đức                                                          , Còn hàng  , "444,600₫"  , "468,000₫"  , https://nhasachphuongnam.com/products/nguy-vo-de-tao-thao-vi                                                                                        , Phuong Nam
Người Đan Chữ Xếp Thuyền                                                                                                  , NXB Phụ Nữ Việt Nam                                                   , Còn hàng  , "134,900₫"  , "142,000₫"  , https://nhasachphuongnam.com/products/nguoi-dan-chu-xep-thuyen-vi                                                                                   , Phuong Nam
Nghệ Thuật Nói Lái Qua Ngôn Ngữ Dân Gian Nam Bộ                                                                           , NXB Tổng Hợp TP.HCM                                                   , Còn hàng  , "80,750₫"   , "85,000₫"   , https://nhasachphuongnam.com/products/nghe-thuat-noi-lai-qua-ngon-ngu-dan-gian-nam-bo-vi                                                            , Phuong Nam
Nanh Trắng                                                                                                                , NXB Văn Học                                                           , Còn hàng  , "69,350₫"   , "73,000₫"   , https://nhasachphuongnam.com/products/nanh-trang-vi-3                                                                                               , Phuong Nam
Một Người Việt Trầm Lặng                                                                                                  , NXB Trí Thức                                                          , Còn hàng  , "87,400₫"   , "92,000₫"   , https://nhasachphuongnam.com/products/mot-nguoi-viet-tram-lang-vi                                                                                   , Phuong Nam
Ai Đó Tập 1                                                                                                               , AZ Việt Nam                                                           , Còn hàng  , "189,050₫"  , "199,000₫"  , https://nhasachphuongnam.com/products/ai-do-t1                                                                                                      , Phuong Nam
999 LÁ THƯ GỬI CHO CHÍNH MÌNH ( BẢN KỶ NIỆM)                                                                              , AZ Việt Nam                                                           , Còn hàng  , "254,600₫"  , "268,000₫"  , https://nhasachphuongnam.com/products/999-la-thu-gui-cho-chinh-minh-ban-ky-niem                                                                     , Phuong Nam
Mai Rồi Mưa Tạnh Trong Xuân                                                                                               , Chi Nhánh Nhà Xuất Bản Kim Đồng Tại Thành Phố Hồ Chí Minh             , Còn hàng  , "99,750₫"   , "105,000₫"  , https://nhasachphuongnam.com/products/mai-roi-mua-tanh-trong-xuan-vi                                                                                , Phuong Nam
Lão Tử Tinh Hoa Trí Tuệ Qua Danh Ngôn                                                                                     , NXB Văn Hóa Thông Tin                                                 , Còn hàng  , "91,200₫"   , "96,000₫"   , https://nhasachphuongnam.com/products/lao-tu-tinh-hoa-tri-tue-qua-danh-ngon-vi                                                                      , Phuong Nam
Làm Đĩ (Tái bản năm 2022)                                                                                                 , NXB Văn Học                                                           , Còn hàng  , "54,150₫"   , "57,000₫"   , https://nhasachphuongnam.com/products/lam-di-tai-ban-nam-2022                                                                                       , Phuong Nam
Là Đánh Mất Hay Chưa Từng Có                                                                                              , NXB Văn Học                                                           , Còn hàng  , "76,000₫"   , "80,000₫"   , https://nhasachphuongnam.com/products/la-danh-mat-hay-chua-tung-co-vi                                                                               , Phuong Nam
TRONG PHÒNG CHỜ VỚI BÁC SĨ WYNN                                                                                           , Thế Giới                                                              , Còn hàng  , "141,550₫"  , "149,000₫"  , https://nhasachphuongnam.com/products/ksd-978604392608-trong-phong-cho-voi-bac-si-wynn                                                              , Phuong Nam
Khu Vườn Bí Mật                                                                                                           , NXB Dân Trí                                                           , Còn hàng  , "141,550₫"  , "149,000₫"  , https://nhasachphuongnam.com/products/khu-vuon-bi-mat-vi-3                                                                                          , Phuong Nam
KỈ NIỆM 70 NĂM CHIẾN THẮNG ĐBP-NGƯỜI NGƯỜI LỚP LỚP                                                                        , Nhà Xuất Bản Kim Đồng                                                 , Còn hàng  , "90,250₫"   , "95,000₫"   , https://nhasachphuongnam.com/products/ksd-978604225515-ki-niem-70-nam-chien-thang-dbp-nguoi-nguoi-lop-lop                                           , Phuong Nam
Giữ Gìn 36 Phố Phường                                                                                                     , NXB Văn Học                                                           , Còn hàng  , "75,200₫"   , "94,000₫"   , https://nhasachphuongnam.com/products/giu-gin-36-pho-phuong                                                                                         , Phuong Nam
Giông Tố (Tái bản năm 2022)                                                                                               , NXB Văn Học                                                           , Còn hàng  , "79,800₫"   , "84,000₫"   , https://nhasachphuongnam.com/products/giong-to-tai-ban-nam-2022-vi                                                                                  , Phuong Nam
Giông Tố (Tái bản năm 2022)                                                                                               , NXB Văn Học                                                           , Còn hàng  , "81,700₫"   , "86,000₫"   , https://nhasachphuongnam.com/products/giong-to-tai-ban-nam-2022                                                                                     , Phuong Nam
Giải Mã Giấc Mơ                                                                                                           , NXB Thế Giới                                                          , Còn hàng  , "103,550₫"  , "109,000₫"  , https://nhasachphuongnam.com/products/giai-ma-giac-mo-vi                                                                                            , Phuong Nam
Emma                                                                                                                      , NXB Dân Trí                                                           , Còn hàng  , "189,050₫"  , "199,000₫"  , https://nhasachphuongnam.com/products/emma-vi-2                                                                                                     , Phuong Nam
Đường Xa Nắng Mới                                                                                                         , NXB Hội Nhà Văn                                                       , Còn hàng  , "211,850₫"  , "223,000₫"  , https://nhasachphuongnam.com/products/duong-xa-nang-moi-vi-2                                                                                        , Phuong Nam
Đừng Nhạt Nữa                                                                                                             , NXB Hà Nội                                                            , Còn hàng  , "91,200₫"   , "96,000₫"   , https://nhasachphuongnam.com/products/dung-nhat-nua-1                                                                                               , Phuong Nam
Define The Relationship - Định Rõ Mối Quan Hệ - Tập 2                                                                     , NXB Hà Nội                                                            , Còn hàng  , "251,750₫"  , "265,000₫"  , https://nhasachphuongnam.com/products/define-the-relationship-dinh-ro-moi-quan-he-tap-2                                                             , Phuong Nam
Dâu Tây Đường Phèn                                                                                                        , NXB Văn Học                                                           , Còn hàng  , "160,550₫"  , "169,000₫"  , https://nhasachphuongnam.com/products/dau-tay-duong-phen-vi                                                                                         , Phuong Nam
Đảo Giấu Vàng (Tái bản năm 2022)                                                                                          , NXB Văn Học                                                           , Còn hàng  , "68,400₫"   , "72,000₫"   , https://nhasachphuongnam.com/products/dao-giau-vang-tai-ban-nam-2022                                                                                , Phuong Nam
Cố Định Một Đám Mây                                                                                                       , NXB Đà Nẵng                                                           , Còn hàng  , "132,050₫"  , "139,000₫"  , https://nhasachphuongnam.com/products/co-dinh-mot-dam-may-vi-2                                                                                      , Phuong Nam
Chuyện Kể Từ Làng Sen                                                                                                     , NXB Văn Học                                                           , Còn hàng  , "51,300₫"   , "54,000₫"   , https://nhasachphuongnam.com/products/chuyen-ke-tu-lang-sen-vi                                                                                      , Phuong Nam
Chuộc Tội                                                                                                                 , NXB Hà Nội                                                            , Còn hàng  , "102,600₫"  , "108,000₫"  , https://nhasachphuongnam.com/products/chuoc-toi-1                                                                                                   , Phuong Nam
Chí Phèo                                                                                                                  , NXB Văn Học                                                           , Còn hàng  , "45,600₫"   , "48,000₫"   , https://nhasachphuongnam.com/products/chi-pheo                                                                                                      , Phuong Nam
Cây Bách Buồn                                                                                                             , NXB Trẻ                                                               , Còn hàng  , "104,500₫"  , "110,000₫"  , https://nhasachphuongnam.com/products/cay-bach-buon-vi                                                                                              , Phuong Nam
Bụi Đường Tuổi Trẻ                                                                                                        , NXB Dân Trí                                                           , Còn hàng  , "113,050₫"  , "119,000₫"  , https://nhasachphuongnam.com/products/bui-duong-tuoi-tre-vi                                                                                         , Phuong Nam
"Bố Xấu, Bố Tốt"                                                                                                          , NXB Hội Nhà Văn                                                       , Còn hàng  , "147,250₫"  , "155,000₫"  , https://nhasachphuongnam.com/products/bo-xau-bo-tot-vi                                                                                              , Phuong Nam
Bí Quyết Vẽ Tranh Chì Cho Người Mới Bắt Đầu                                                                               , NXB Hồng Đức                                                          , Còn hàng  , "142,500₫"  , "150,000₫"  , https://nhasachphuongnam.com/products/bi-quyet-ve-tranh-chi-cho-nguoi-moi-bat-dau-vi                                                                , Phuong Nam
"Anh Không Bận, Chỉ Là Không Nhớ Em"                                                                                      , NXB Thế Giới                                                          , Còn hàng  , "84,550₫"   , "89,000₫"   , https://nhasachphuongnam.com/products/anh-khong-ban-chi-la-khong-nho-em-vi                                                                          , Phuong Nam
Anders Sát Thủ Cùng Bè Lũ                                                                                                 , NXB Trẻ                                                               , Còn hàng  , "128,250₫"  , "135,000₫"  , https://nhasachphuongnam.com/products/anders-sat-thu-cung-be-lu-vi                                                                                  , Phuong Nam
999 Lá Thư Gửi Cho Chính Mình - Những Lá Thư Ấn Tượng Nhất (Phiên bản song ngữ Trung-Việt)                                , NXB Thanh Niên                                                        , Còn hàng  , "113,050₫"  , "119,000₫"  , https://nhasachphuongnam.com/products/999-la-thu-gui-cho-chinh-minh-nhung-la-thu-an-tuong-nhat-phien-ban-song-ngu-trung-viet-vi                     , Phuong Nam
999 Lá Thư Gửi Cho Chính Minh 2: Phiên Bản Tô Chữ Tiếng Trung                                                             , NXB Lao Động Xã Hội                                                   , Còn hàng  , "65,550₫"   , "69,000₫"   , https://nhasachphuongnam.com/products/999-la-thu-gui-cho-chinh-minh-2-phien-ban-to-chu-tieng-trung-vi                                               , Phuong Nam
999 Lá Thư Gửi Cho Chính Mình 2 - Những Lá Thư Ấn Tượng Nhất (Phiên bản song ngữ Trung-Việt)                              , NXB Thanh Niên                                                        , Còn hàng  , "94,050₫"   , "99,000₫"   , https://nhasachphuongnam.com/products/999-la-thu-gui-cho-chinh-minh-2-nhung-la-thu-an-tuong-nhat-phien-ban-song-ngu-trung-viet-1                    , Phuong Nam
Yêu Người Ngóng Núi                                                                                                       , NXB Trẻ                                                               , Còn hàng  , "99,750₫"   , "105,000₫"  , https://nhasachphuongnam.com/products/yeu-nguoi-ngong-nui                                                                                           , Phuong Nam
Yêu Một Đóa Hoa Hãy Cùng Nó Khoe Sắc                                                                                      , NXB Văn Học                                                           , Còn hàng  , "94,050₫"   , "99,000₫"   , https://nhasachphuongnam.com/products/yeu-mot-doa-hoa-hay-cung-no-khoe-sac                                                                          , Phuong Nam
Yêu Mình Trong Những Khoảng Lặng                                                                                          , NXB Văn Học                                                           , Còn hàng  , "71,250₫"   , "75,000₫"   , https://nhasachphuongnam.com/products/yeu-minh-trong-nhung-khoang-lang                                                                              , Phuong Nam
Yêu Hồ Kỳ Nữ                                                                                                              , NXB Hội Nhà Văn                                                       , Còn hàng  , "198,550₫"  , "209,000₫"  , https://nhasachphuongnam.com/products/yeu-ho-ky-nu                                                                                                  , Phuong Nam
Yersin - Peste & Choléra (Tái Bản Năm 2019)                                                                               , NXB Trẻ                                                               , Còn hàng  , "121,600₫"  , "128,000₫"  , https://nhasachphuongnam.com/products/yersin-peste-cholera-tai-ban-nam-2019                                                                         , Phuong Nam
Yên Lam                                                                                                                   , NXB Hội Nhà Văn                                                       , Còn hàng  , "92,150₫"   , "97,000₫"   , https://nhasachphuongnam.com/products/yen-lam                                                                                                       , Phuong Nam
Xứ Tháng Mười                                                                                                             , NXB Văn Học                                                           , Còn hàng  , "175,200₫"  , "219,000₫"  , https://nhasachphuongnam.com/products/xu-thang-muoi                                                                                                 , Phuong Nam
Xứ Sở Miên Man                                                                                                            , Skybooks                                                              , Còn hàng  , "209,000₫"  , "220,000₫"  , https://nhasachphuongnam.com/products/xu-so-mien-man                                                                                                , Phuong Nam
Xoắn Ốc Vô Hình                                                                                                           , NXB Hội Nhà Văn                                                       , Còn hàng  , "133,000₫"  , "140,000₫"  , https://nhasachphuongnam.com/products/xoan-oc-vo-hinh                                                                                               , Phuong Nam
Xin Lỗi Vì Không Biết Đó Là Lần Cuối                                                                                      , NXB Thế Giới                                                          , Còn hàng  , "113,050₫"  , "119,000₫"  , https://nhasachphuongnam.com/products/xin-loi-vi-khong-biet-do-la-lan-cuoi                                                                          , Phuong Nam
"Xin Chào, Cậu Có Thư Gửi Đến Từ Paris (Song ngữ Pháp-Việt)"                                                              , NXB Thanh Niên                                                        , Còn hàng  , "94,050₫"   , "99,000₫"   , https://nhasachphuongnam.com/products/xin-chao-cau-co-thu-gui-den-tu-paris-song-ngu-phap-viet                                                       , Phuong Nam
Xanh Xanh Góc Trời                                                                                                        , NXB Hội Nhà Văn                                                       , Còn hàng  , "140,600₫"  , "148,000₫"  , https://nhasachphuongnam.com/products/xanh-xanh-goc-troi                                                                                            , Phuong Nam
Wireless Life                                                                                                             , NXB Dân Trí                                                           , Còn hàng  , "166,250₫"  , "175,000₫"  , https://nhasachphuongnam.com/products/wireless-life                                                                                                 , Phuong Nam
Water: A Chronicle                                                                                                        , Major Books                                                           , Còn hàng  , "379,050₫"  , "399,000₫"  , https://nhasachphuongnam.com/products/water-a-chronicle                                                                                             , Phuong Nam
W Hay Là Ký Ức Tuổi Thơ                                                                                                   , NXB Hội Nhà Văn                                                       , Còn hàng  , "112,100₫"  , "118,000₫"  , https://nhasachphuongnam.com/products/w-hay-la-ky-uc-tuoi-tho                                                                                       , Phuong Nam
Vương Miện Xanh                                                                                                           , NXB Trẻ                                                               , Còn hàng  , "90,250₫"   , "95,000₫"   , https://nhasachphuongnam.com/products/vuong-mien-xanh                                                                                               , Phuong Nam
Vương Hồng Sển: Hơn Nửa Đời Hư (Tái bản năm 2025)                                                                         , NXB Trẻ                                                               , Còn hàng  , "522,500₫"  , "550,000₫"  , https://nhasachphuongnam.com/products/vuong-hong-sen-hon-nua-doi-hu-tai-ban-nam-2025                                                                , Phuong Nam
Vườn Yêu                                                                                                                  , NXB Hội Nhà Văn                                                       , Còn hàng  , "188,100₫"  , "198,000₫"  , https://nhasachphuongnam.com/products/vuon-yeu                                                                                                      , Phuong Nam
Vườn Tôi Có Cây Lá Bình Yên                                                                                               , NXB Thế Giới                                                          , Còn hàng  , "128,250₫"  , "135,000₫"  , https://nhasachphuongnam.com/products/vuon-toi-co-cay-la-binh-yen                                                                                   , Phuong Nam
Vườn Nhà Có Nắng Trong Lòng Nở Hoa                                                                                        , NXB Dân Trí                                                           , Còn hàng  , "122,550₫"  , "129,000₫"  , https://nhasachphuongnam.com/products/vuon-nha-co-nang-trong-long-no-hoa                                                                            , Phuong Nam
Vườn Hoa Xếp Gỗ                                                                                                           , NXB Hà Nội                                                            , Còn hàng  , "189,050₫"  , "199,000₫"  , https://nhasachphuongnam.com/products/vuon-hoa-xep-go                                                                                               , Phuong Nam
Vườn Hoa Mạt Dược Ký Sự (Tái bản năm 2024)                                                                                , NXB Thế Giới                                                          , Còn hàng  , "132,050₫"  , "139,000₫"  , https://nhasachphuongnam.com/products/vuon-hoa-mat-duoc-ky-su-tai-ban-nam-2024                                                                      , Phuong Nam
Vườn Hoa Mạt Dược Ký Sự (Tái bản năm 2023)                                                                                , NXB Thế Giới                                                          , Còn hàng  , "132,050₫"  , "139,000₫"  , https://nhasachphuongnam.com/products/vuon-hoa-mat-duoc-ky-su-tai-ban-nam-2023                                                                      , Phuong Nam
"Vườn Hoa Mạt Dược Ký Sự - Tập 2: Tái Hiện Kỳ Án, Hé Mở Góc Tối"                                                          , NXB Thế Giới                                                          , Còn hàng  , "151,050₫"  , "159,000₫"  , https://nhasachphuongnam.com/products/vuon-hoa-mat-duoc-ky-su-tap-2-tai-hien-ky-an-he-mo-goc-toi                                                    , Phuong Nam
Vườn Hoa Mạt Dược Ký Sự - Những Kỳ Án Nổi Tiếng Chưa Có Lời Giải (Tái bản năm 2022)                                       , NXB Thế Giới                                                          , Còn hàng  , "132,050₫"  , "139,000₫"  , https://nhasachphuongnam.com/products/vuon-hoa-mat-duoc-ky-su-nhung-ky-an-noi-tieng-chua-co-loi-giai-tai-ban-nam-2022                               , Phuong Nam
Vườn Hoa Mạt Dược Ký Sự - Những Kỳ Án Nổi Tiếng Chưa Có Lời Giải                                                          , NXB Thế Giới                                                          , Còn hàng  , "132,050₫"  , "139,000₫"  , https://nhasachphuongnam.com/products/vuon-hoa-mat-duoc-ky-su-nhung-ky-an-noi-tieng-chua-co-loi-giai                                                , Phuong Nam
Vụn Vỡ Từ Những Vì Sao                                                                                                    , NXB Lao Động Xã Hội                                                   , Còn hàng  , "89,300₫"   , "94,000₫"   , https://nhasachphuongnam.com/products/vun-vo-tu-nhung-vi-sao                                                                                        , Phuong Nam
"Vừa Vặn Hạnh Phúc, Vừa Vặn Bình Yên"                                                                                     , NXB Dân Trí                                                           , Còn hàng  , "94,050₫"   , "99,000₫"   , https://nhasachphuongnam.com/products/vua-van-hanh-phuc-vua-van-binh-yen                                                                            , Phuong Nam
Vừa Nhặt Thóc Vừa Hót Líu Lo                                                                                              , NXB Phụ Nữ Việt Nam                                                   , Còn hàng  , "114,000₫"  , "120,000₫"  , https://nhasachphuongnam.com/products/vua-nhat-thoc-vua-hot-liu-lo                                                                                  , Phuong Nam
Vũ Khúc Đoạn Tình (Tái bản năm 2025)                                                                                      , NXB Lao Động Xã Hội                                                   , Còn hàng  , "160,550₫"  , "169,000₫"  , https://nhasachphuongnam.com/products/vu-khuc-doan-tinh-tai-ban-nam-2025                                                                            , Phuong Nam
Vũ Khúc Đoạn Tình                                                                                                         , NXB Dân Trí                                                           , Còn hàng  , "160,550₫"  , "169,000₫"  , https://nhasachphuongnam.com/products/vu-khuc-doan-tinh                                                                                             , Phuong Nam
Vũ Khoan: Tâm Tình Gửi Lại                                                                                                , NXB Hội Nhà Văn                                                       , Còn hàng  , "247,000₫"  , "260,000₫"  , https://nhasachphuongnam.com/products/vu-khoan-tam-tinh-gui-lai                                                                                     , Phuong Nam
Vũ Điệu Cuồng Phong                                                                                                       , NXB Hà Nội                                                            , Còn hàng  , "154,850₫"  , "163,000₫"  , https://nhasachphuongnam.com/products/vu-dieu-cuong-phong                                                                                           , Phuong Nam
Vụ Án Truyện Kiều                                                                                                         , NXB Hội Nhà Văn                                                       , Còn hàng  , "170,050₫"  , "179,000₫"  , https://nhasachphuongnam.com/products/vu-an-truyen-kieu                                                                                             , Phuong Nam
Vụ Án Sôcôla Có Độc                                                                                                       , NXB Dân Trí                                                           , Còn hàng  , "103,550₫"  , "109,000₫"  , https://nhasachphuongnam.com/products/vu-an-socola-co-doc                                                                                           , Phuong Nam
Vụ Án Mạng Được Báo Trước                                                                                                 , NXB Trẻ                                                               , Còn hàng  , "142,500₫"  , "150,000₫"  , https://nhasachphuongnam.com/products/vu-an-mang-duoc-bao-truoc                                                                                     , Phuong Nam
Vụ Án Đầu Tiên Của Sherlock Holmes - Cuộc Điều Tra Màu Đỏ                                                                 , NXB Hà Nội                                                            , Còn hàng  , "189,050₫"  , "199,000₫"  , https://nhasachphuongnam.com/products/vu-an-dau-tien-cua-sherlock-holmes-cuoc-dieu-tra-mau-do                                                       , Phuong Nam
Vụ Ám Sát Ông Roger Ackroyd (Tái bản năm 2025)                                                                            , NXB Trẻ                                                               , Còn hàng  , "142,500₫"  , "150,000₫"  , https://nhasachphuongnam.com/products/vu-am-sat-ong-roger-ackroyd-tai-ban-nam-2025                                                                  , Phuong Nam
Vọng Lâu Tử Thần                                                                                                          , NXB Trẻ                                                               , Còn hàng  , "114,000₫"  , "120,000₫"  , https://nhasachphuongnam.com/products/vong-lau-tu-than                                                                                              , Phuong Nam
Vòng Lặp                                                                                                                  , NXB Hội Nhà Văn                                                       , Còn hàng  , "103,550₫"  , "109,000₫"  , https://nhasachphuongnam.com/products/vong-lap                                                                                                      , Phuong Nam
Vong Hồn                                                                                                                  , NXB Văn Học                                                           , Còn hàng  , "128,250₫"  , "135,000₫"  , https://nhasachphuongnam.com/products/vong-hon                                                                                                      , Phuong Nam
Với Ngày Như Lá Tháng Như Mây... (Tái bản năm 2022)                                                                       , NXB Thế Giới                                                          , Còn hàng  , "108,000₫"  , "135,000₫"  , https://nhasachphuongnam.com/products/voi-ngay-nhu-la-thang-nhu-may-tai-ban-nam-2022                                                                , Phuong Nam
Với Ngày Như Lá Tháng Như Mây...                                                                                          , NXB Thế Giới                                                          , Còn hàng  , "94,500₫"   , "135,000₫"  , https://nhasachphuongnam.com/products/voi-ngay-nhu-la-thang-nhu-may                                                                                 , Phuong Nam
"Với Đà Lạt, Ai Cũng Là Lữ Khách (Tái bản năm 2024)"                                                                      , NXB Trẻ                                                               , Còn hàng  , "64,600₫"   , "68,000₫"   , https://nhasachphuongnam.com/products/voi-da-lat-ai-cung-la-lu-khach-tai-ban-nam-2024                                                               , Phuong Nam
Với Chính Mình Bạn Vẫn Là Kẻ Xa Lạ                                                                                        , NXB Phụ Nữ Việt Nam                                                   , Còn hàng  , "150,100₫"  , "158,000₫"  , https://nhasachphuongnam.com/products/voi-chinh-minh-ban-van-la-ke-xa-la                                                                            , Phuong Nam
Vợ Trong Game Của Tôi Là Idol Nổi Tiếng Ngoài Đời - Tập 4                                                                 , NXB Dân Trí                                                           , Còn hàng  , "132,050₫"  , "139,000₫"  , https://nhasachphuongnam.com/products/vo-trong-game-cua-toi-la-idol-noi-tieng-ngoai-doi-tap-4                                                       , Phuong Nam
Vợ Trong Game Của Tôi Là Idol Nổi Tiếng Ngoài Đời - Tập 3                                                                 , NXB Dân Trí                                                           , Còn hàng  , "132,050₫"  , "139,000₫"  , https://nhasachphuongnam.com/products/vo-trong-game-cua-toi-la-idol-noi-tieng-ngoai-doi-tap-3                                                       , Phuong Nam
Vợ Nhặt (Tái bản năm 2022)                                                                                                , NXB Văn Học                                                           , Còn hàng  , "57,000₫"   , "60,000₫"   , https://nhasachphuongnam.com/products/vo-nhat-tai-ban-nam-2022                                                                                      , Phuong Nam
Vỡ Đê (Tái bản năm 2022)                                                                                                  , NXB Văn Học                                                           , Còn hàng  , "71,250₫"   , "75,000₫"   , https://nhasachphuongnam.com/products/vo-de-tai-ban-nam-2022                                                                                        , Phuong Nam
Vợ Chồng Siêu Sao Thật Ngọt Ngào - Tập 2                                                                                  , NXB Dân Trí                                                           , Còn hàng  , "217,550₫"  , "229,000₫"  , https://nhasachphuongnam.com/products/vo-chong-sieu-sao-that-ngot-ngao-tap-2                                                                        , Phuong Nam
Vợ Chồng Siêu Sao Thật Ngọt Ngào - Tập 1                                                                                  , NXB Dân Trí                                                           , Còn hàng  , "189,050₫"  , "199,000₫"  , https://nhasachphuongnam.com/products/vo-chong-sieu-sao-that-ngot-ngao-tap-1                                                                        , Phuong Nam
Việt Nam Danh Tác - Những Ngọn Gió Hua Tát                                                                                , NXB Hội Nhà Văn                                                       , Còn hàng  , "128,250₫"  , "135,000₫"  , https://nhasachphuongnam.com/products/viet-nam-danh-tac-nhung-ngon-gio-hua-tat                                                                      , Phuong Nam
Việt Nam Danh Tác - Nam Cao Tuyển Tập (Tái bản năm 2023)                                                                  , NXB Văn Học                                                           , Còn hàng  , "126,350₫"  , "133,000₫"  , https://nhasachphuongnam.com/products/viet-nam-danh-tac-nam-cao-tuyen-tap-tai-ban-nam-2023                                                          , Phuong Nam
"Viết Là Tên Cậu, Đọc Là Thanh Xuân"                                                                                      , NXB Phụ Nữ Việt Nam                                                   , Còn hàng  , "156,750₫"  , "165,000₫"  , https://nhasachphuongnam.com/products/viet-la-ten-cau-doc-la-thanh-xuan                                                                             , Phuong Nam
Viên Tiên Sinh Luôn Không Vui - Tập 1                                                                                     , NXB Hà Nội                                                            , Còn hàng  , "151,050₫"  , "159,000₫"  , https://nhasachphuongnam.com/products/vien-tien-sinh-luon-khong-vui-tap-1                                                                           , Phuong Nam
Viên Cảnh Sát Thứ Ba                                                                                                      , NXB Phụ Nữ Việt Nam                                                   , Còn hàng  , "217,550₫"  , "229,000₫"  , https://nhasachphuongnam.com/products/vien-canh-sat-thu-ba                                                                                          , Phuong Nam
Việc Làng (Tái bản năm 2022)                                                                                              , NXB Văn Học                                                           , Còn hàng  , "42,750₫"   , "45,000₫"   , https://nhasachphuongnam.com/products/viec-lang-tai-ban-nam-2022                                                                                    , Phuong Nam
Việc Chẳng Đáng Bận Tâm Đâu Mà                                                                                            , NXB Dân Trí                                                           , Còn hàng  , "99,750₫"   , "105,000₫"  , https://nhasachphuongnam.com/products/viec-chang-dang-ban-tam-dau-ma                                                                                , Phuong Nam
Vị Khách Xuyên Không - Cuộc Đụng Độ Giữa Hai Thế Giới                                                                     , NXB Văn Học                                                           , Còn hàng  , "204,250₫"  , "215,000₫"  , https://nhasachphuongnam.com/products/vi-khach-xuyen-khong-cuoc-dung-do-giua-hai-the-gioi                                                           , Phuong Nam
Vì Con Gái Tôi Có Thể Đánh Bại Cả Ma Vương - Tập 9                                                                        , NXB Phụ Nữ Việt Nam                                                   , Còn hàng  , "128,250₫"  , "135,000₫"  , https://nhasachphuongnam.com/products/vi-con-gai-toi-co-the-danh-bai-ca-ma-vuong-tap-9                                                              , Phuong Nam
Vì Cha Chúng Tôi Nói Dối                                                                                                  , NXB Trẻ                                                               , Còn hàng  , "142,500₫"  , "150,000₫"  , https://nhasachphuongnam.com/products/vi-cha-chung-toi-noi-doi                                                                                      , Phuong Nam
Vì Cậu Là Bạn Nhỏ Của Tớ                                                                                                  , NXB Phụ Nữ Việt Nam                                                   , Còn hàng  , "94,050₫"   , "99,000₫"   , https://nhasachphuongnam.com/products/vi-cau-la-ban-nho-cua-to                                                                                      , Phuong Nam
Về Với Gia Đình                                                                                                           , NXB Văn Học                                                           , Còn hàng  , "95,000₫"   , "100,000₫"  , https://nhasachphuongnam.com/products/ve-voi-gia-dinh                                                                                               , Phuong Nam
Về Việc Học Chữ Hán Ở Việt Nam                                                                                            , NXB Tổng Hợp TP.HCM                                                   , Còn hàng  , "71,250₫"   , "75,000₫"   , https://nhasachphuongnam.com/products/ve-viec-hoc-chu-han-o-viet-nam                                                                                , Phuong Nam
Về Quê Làm Thầy Pháp - Tập 2                                                                                              , NXB Phụ Nữ Việt Nam                                                   , Còn hàng  , "122,550₫"  , "129,000₫"  , https://nhasachphuongnam.com/products/ve-que-lam-thay-phap-tap-2                                                                                    , Phuong Nam
Về Quê Làm Thầy Pháp - Tập 1                                                                                              , NXB Phụ Nữ Việt Nam                                                   , Còn hàng  , "151,050₫"  , "159,000₫"  , https://nhasachphuongnam.com/products/ve-que-lam-thay-phap-tap-1                                                                                    , Phuong Nam
Về Nhà Ăn Bát Cháo Hành                                                                                                   , NXB Văn Học                                                           , Còn hàng  , "99,750₫"   , "105,000₫"  , https://nhasachphuongnam.com/products/ve-nha-an-bat-chao-hanh                                                                                       , Phuong Nam
Về Nghe Yêu Kể                                                                                                            , NXB Phụ Nữ Việt Nam                                                   , Còn hàng  , "85,500₫"   , "90,000₫"   , https://nhasachphuongnam.com/products/ve-nghe-yeu-ke                                                                                                , Phuong Nam
Về Đi Con (Bìa mềm)                                                                                                       , NXB Thế Giới                                                          , Còn hàng  , "114,000₫"  , "120,000₫"  , https://nhasachphuongnam.com/products/ve-di-con-bia-mem                                                                                             , Phuong Nam
Vẻ Đẹp Ngôn Từ                                                                                                            , NXB Phụ Nữ Việt Nam                                                   , Còn hàng  , "109,250₫"  , "115,000₫"  , https://nhasachphuongnam.com/products/ve-dep-ngon-tu                                                                                                , Phuong Nam
Vẻ Đẹp Là Cách Bạn Yêu Chính Mình                                                                                         , NXB Văn Học                                                           , Còn hàng  , "141,550₫"  , "149,000₫"  , https://nhasachphuongnam.com/products/ve-dep-la-cach-ban-yeu-chinh-minh                                                                             , Phuong Nam
Về Chuyện Tôi Chuyển Sinh Thành Slime - Tập 4                                                                             , NXB Phụ Nữ Việt Nam                                                   , Còn hàng  , "166,250₫"  , "175,000₫"  , https://nhasachphuongnam.com/products/ve-chuyen-toi-chuyen-sinh-thanh-slime-tap-4                                                                   , Phuong Nam
Về Chuyện Tôi Chuyển Sinh Thành Slime - Tập 3                                                                             , NXB Phụ Nữ Việt Nam                                                   , Còn hàng  , "160,550₫"  , "169,000₫"  , https://nhasachphuongnam.com/products/ve-chuyen-toi-chuyen-sinh-thanh-slime-tap-3                                                                   , Phuong Nam
Vẽ Chút Yêu                                                                                                               , NXB Thế Giới                                                          , Còn hàng  , "151,050₫"  , "159,000₫"  , https://nhasachphuongnam.com/products/ve-chut-yeu                                                                                                   , Phuong Nam
Vào Vùng Nước Xoáy                                                                                                        , NXB Văn Học                                                           , Còn hàng  , "137,750₫"  , "145,000₫"  , https://nhasachphuongnam.com/products/vao-vung-nuoc-xoay                                                                                            , Phuong Nam
Vẫn Là Mùa Hạ Nhưng Không Còn Chúng Ta (Tái bản năm 2023)                                                                 , NXB Phụ Nữ Việt Nam                                                   , Còn hàng  , "83,600₫"   , "88,000₫"   , https://nhasachphuongnam.com/products/van-la-mua-ha-nhung-khong-con-chung-ta-tai-ban-nam-2023                                                       , Phuong Nam
Văn Học Kinh Điển - Xuân Tình                                                                                             , NXB Trẻ                                                               , Còn hàng  , "71,250₫"   , "75,000₫"   , https://nhasachphuongnam.com/products/van-hoc-kinh-dien-xuan-tinh                                                                                   , Phuong Nam
Văn Học Kinh Điển - Suy Đồi Và Sụp Đổ                                                                                     , NXB Trẻ                                                               , Còn hàng  , "152,000₫"  , "160,000₫"  , https://nhasachphuongnam.com/products/van-hoc-kinh-dien-suy-doi-va-sup-do                                                                           , Phuong Nam
Văn Học Kinh Điển - Lề Thói Thị Thành                                                                                     , NXB Trẻ                                                               , Còn hàng  , "194,750₫"  , "205,000₫"  , https://nhasachphuongnam.com/products/van-hoc-kinh-dien-le-thoi-thi-thanh                                                                           , Phuong Nam
Văn Học Kinh Điển - Chân Dung Một Cuộc Hôn Nhân                                                                           , NXB Trẻ                                                               , Còn hàng  , "128,250₫"  , "135,000₫"  , https://nhasachphuongnam.com/products/van-hoc-kinh-dien-chan-dung-mot-cuoc-hon-nhan                                                                 , Phuong Nam
Văn Học Cổ Điển - Truyện Cổ Grimm (Sách Đông A)                                                                           , NXB Văn Học                                                           , Còn hàng  , "171,000₫"  , "180,000₫"  , https://nhasachphuongnam.com/products/van-hoc-co-dien-truyen-co-grimm-sach-dong-a                                                                   , Phuong Nam
Văn Học Cổ Điển - Ông Già Khottabych                                                                                      , NXB Văn Học                                                           , Còn hàng  , "114,000₫"  , "120,000₫"  , https://nhasachphuongnam.com/products/van-hoc-co-dien-ong-gia-khottabych                                                                            , Phuong Nam
Văn Học Cổ Điển - Nghìn Lẻ Một Đêm - Những Truyện Hay Chọn Lọc                                                            , NXB Văn Học                                                           , Còn hàng  , "95,000₫"   , "100,000₫"  , https://nhasachphuongnam.com/products/van-hoc-co-dien-nghin-le-mot-dem-nhung-truyen-hay-chon-loc                                                    , Phuong Nam
Văn Học Cổ Điển - Không Gia Đình (Tái bản năm 2023) (Sách Đông A)                                                         , NXB Văn Học                                                           , Còn hàng  , "171,000₫"  , "180,000₫"  , https://nhasachphuongnam.com/products/van-hoc-co-dien-khong-gia-dinh-tai-ban-nam-2023-sach-dong-a                                                   , Phuong Nam
Văn Học Cổ Điển - Heidi (Tái bản năm 2023) (Sách Đông A)                                                                  , NXB Văn Học                                                           , Còn hàng  , "95,000₫"   , "100,000₫"  , https://nhasachphuongnam.com/products/van-hoc-co-dien-heidi-tai-ban-nam-2023-sach-dong-a                                                            , Phuong Nam
Văn Học Cổ Điển - Hai Vạn Dặm Dưới Biển (Sách Đông A)                                                                     , NXB Văn Học                                                           , Còn hàng  , "104,500₫"  , "110,000₫"  , https://nhasachphuongnam.com/products/van-hoc-co-dien-hai-van-dam-duoi-bien-sach-dong-a                                                             , Phuong Nam
Văn Học Cổ Điển - Gió Đùa Trong Liễu                                                                                      , NXB Văn Học                                                           , Còn hàng  , "95,000₫"   , "100,000₫"  , https://nhasachphuongnam.com/products/van-hoc-co-dien-gio-dua-trong-lieu                                                                            , Phuong Nam
Ván Cược                                                                                                                  , NXB Hà Nội                                                            , Còn hàng  , "160,550₫"  , "169,000₫"  , https://nhasachphuongnam.com/products/van-cuoc                                                                                                      , Phuong Nam
Vẫn Cứ Yêu (Tái bản năm 2025) (Trọn bộ 2 tập)                                                                             , NXB Dân Trí                                                           , Còn hàng  , "341,050₫"  , "359,000₫"  , https://nhasachphuongnam.com/products/van-cu-yeu-tai-ban-nam-2025-tron-bo-2-tap                                                                     , Phuong Nam
Vẫn Cứ Yêu - Tập 2                                                                                                        , NXB Dân Trí                                                           , Còn hàng  , "170,050₫"  , "179,000₫"  , https://nhasachphuongnam.com/products/van-cu-yeu-tap-2                                                                                              , Phuong Nam
Ván Bài Lật Ngửa (Bộ 6 tập)                                                                                               , NXB Trẻ                                                               , Còn hàng  , "940,500₫"  , "990,000₫"  , https://nhasachphuongnam.com/products/van-bai-lat-ngua-bo-6-tap                                                                                     , Phuong Nam
Vải Tiến Trường An                                                                                                        , NXB Hà Nội                                                            , Còn hàng  , "141,550₫"  , "149,000₫"  , https://nhasachphuongnam.com/products/vai-tien-truong-an                                                                                            , Phuong Nam
Và Sao Không Thể Hết Yêu Em?                                                                                              , NXB Phụ Nữ Việt Nam                                                   , Còn hàng  , "83,600₫"   , "88,000₫"   , https://nhasachphuongnam.com/products/va-sao-khong-the-het-yeu-em                                                                                   , Phuong Nam
Và Rồi Chẳng Còn Ai                                                                                                       , NXB Trẻ                                                               , Còn hàng  , "104,500₫"  , "110,000₫"  , https://nhasachphuongnam.com/products/va-roi-chang-con-ai                                                                                           , Phuong Nam
Utopia - Địa Đàng Trần Gian (Tái bản năm 2025)                                                                            , NXB Hội Nhà Văn                                                       , Còn hàng  , "66,500₫"   , "70,000₫"   , https://nhasachphuongnam.com/products/utopia-dia-dang-tran-gian-tai-ban-nam-2025                                                                    , Phuong Nam
Us - Chúng Ta                                                                                                             , NXB Lao Động Xã Hội                                                   , Còn hàng  , "331,550₫"  , "349,000₫"  , https://nhasachphuongnam.com/products/us-chung-ta                                                                                                   , Phuong Nam
Ủa? GenZ???                                                                                                               , NXB Dân Trí                                                           , Còn hàng  , "75,050₫"   , "79,000₫"   , https://nhasachphuongnam.com/products/ua-genz                                                                                                       , Phuong Nam
U Mê - Tập 1                                                                                                              , NXB Dân Trí                                                           , Còn hàng  , "213,750₫"  , "225,000₫"  , https://nhasachphuongnam.com/products/u-me-tap-1                                                                                                    , Phuong Nam
Tuyệt Không Dấu Vết                                                                                                       , NXB Trẻ                                                               , Còn hàng  , "147,250₫"  , "155,000₫"  , https://nhasachphuongnam.com/products/tuyet-khong-dau-vet                                                                                           , Phuong Nam
Tuyển Tập Sherlock Holmes - Những Bí Mật Và Báu Vật Bị Đánh Cắp - Viên Ngọc Màu Lam                                       , NXB Hà Nội                                                            , Còn hàng  , "56,050₫"   , "59,000₫"   , https://nhasachphuongnam.com/products/tuyen-tap-sherlock-holmes-nhung-bi-mat-va-bau-vat-bi-danh-cap-vien-ngoc-mau-lam                               , Phuong Nam
Tuyển Tập Sherlock Holmes - Những Bí Mật Và Báu Vật Bị Đánh Cắp - Vị Điền Chủ Vùng Reigate                                , NXB Hà Nội                                                            , Còn hàng  , "56,050₫"   , "59,000₫"   , https://nhasachphuongnam.com/products/tuyen-tap-sherlock-holmes-nhung-bi-mat-va-bau-vat-bi-danh-cap-vi-dien-chu-vung-reigate                        , Phuong Nam
Tuyển Tập Sherlock Holmes - Những Bí Mật Và Báu Vật Bị Đánh Cắp - Người Khách Trọ Đeo Mạng Che Mặt                        , NXB Hà Nội                                                            , Còn hàng  , "56,050₫"   , "59,000₫"   , https://nhasachphuongnam.com/products/tuyen-tap-sherlock-holmes-nhung-bi-mat-va-bau-vat-bi-danh-cap-nguoi-khach-tro-deo-mang-che-mat                , Phuong Nam
Tuyển Tập Sherlock Holmes - Những Bí Mật Và Báu Vật Bị Đánh Cắp - Ma Cà Rồng Vùng Sussex                                  , NXB Hà Nội                                                            , Còn hàng  , "56,050₫"   , "59,000₫"   , https://nhasachphuongnam.com/products/tuyen-tap-sherlock-holmes-nhung-bi-mat-va-bau-vat-bi-danh-cap-ma-ca-rong-vung-sussex                          , Phuong Nam
Tuyển Tập Sherlock Holmes - Những Bí Mật Và Báu Vật Bị Đánh Cắp - Hội Tóc Đỏ                                              , NXB Hà Nội                                                            , Còn hàng  , "61,750₫"   , "65,000₫"   , https://nhasachphuongnam.com/products/tuyen-tap-sherlock-holmes-nhung-bi-mat-va-bau-vat-bi-danh-cap-hoi-toc-do                                      , Phuong Nam
Tuyển Tập Sherlock Holmes - Những Bí Mật Và Báu Vật Bị Đánh Cắp - Dải Băng Lốm Đốm                                        , NXB Hà Nội                                                            , Còn hàng  , "65,550₫"   , "69,000₫"   , https://nhasachphuongnam.com/products/tuyen-tap-sherlock-holmes-nhung-bi-mat-va-bau-vat-bi-danh-cap-dai-bang-lom-dom                                , Phuong Nam
Tuyển Tập Sherlock Holmes - Những Bí Mật Và Báu Vật Bị Đánh Cắp - Bản Hiệp Ước Hải Quân                                   , NXB Hà Nội                                                            , Còn hàng  , "75,050₫"   , "79,000₫"   , https://nhasachphuongnam.com/products/tuyen-tap-sherlock-holmes-nhung-bi-mat-va-bau-vat-bi-danh-cap-ban-hiep-uoc-hai-quan                           , Phuong Nam
Tuyển Tập Nguyễn Công Hoan (Tái bản năm 2024)                                                                             , NXB Văn Học                                                           , Còn hàng  , "156,750₫"  , "165,000₫"  , https://nhasachphuongnam.com/products/tuyen-tap-nguyen-cong-hoan-tai-ban-nam-2024                                                                   , Phuong Nam
Tuyển Tập Ngô Tất Tố (Tái bản năm 2023)                                                                                   , NXB Văn Học                                                           , Còn hàng  , "156,750₫"  , "165,000₫"  , https://nhasachphuongnam.com/products/tuyen-tap-ngo-tat-to-tai-ban-nam-2023                                                                         , Phuong Nam
Tuyển Tập Nam Cao (Tái bản năm 2023)                                                                                      , NXB Văn Học                                                           , Còn hàng  , "147,250₫"  , "155,000₫"  , https://nhasachphuongnam.com/products/tuyen-tap-nam-cao-tai-ban-nam-2023                                                                            , Phuong Nam
Tuyển Tập Kỳ Án Của Poirot                                                                                                , NXB Trẻ                                                               , Còn hàng  , "99,750₫"   , "105,000₫"  , https://nhasachphuongnam.com/products/tuyen-tap-ky-an-cua-poirot                                                                                    , Phuong Nam
Túp Lều Bác Tom (Tái bản năm 2024)                                                                                        , NXB Văn Học                                                           , Còn hàng  , "150,100₫"  , "158,000₫"  , https://nhasachphuongnam.com/products/tup-leu-bac-tom-tai-ban-nam-2024                                                                              , Phuong Nam
Tương Lai Của Địa Lý - Quyền Lực Và Chính Trị Trong Không Gian Sẽ Thay Đổi Thế Giới Của Chúng Ta Như Thế Nào?             , NXB Thông Tấn                                                         , Còn hàng  , "237,500₫"  , "250,000₫"  , https://nhasachphuongnam.com/products/tuong-lai-cua-dia-ly-quyen-luc-va-chinh-tri-trong-khong-gian-se-thay-doi-the-gioi-cua-chung-ta-nhu-the-nao    , Phuong Nam
Tướng Cao Văn Khánh: Hồi Ức Lịch Sử                                                                                       , NXB Trí Thức                                                          , Còn hàng  , "380,000₫"  , "400,000₫"  , https://nhasachphuongnam.com/products/tuong-cao-van-khanh-hoi-uc-lich-su                                                                            , Phuong Nam
Tuổi Trẻ Tan Vỡ Cho Một Đời Rực Rỡ                                                                                        , NXB Hà Nội                                                            , Còn hàng  , "93,100₫"   , "98,000₫"   , https://nhasachphuongnam.com/products/tuoi-tre-tan-vo-cho-mot-doi-ruc-ro                                                                            , Phuong Nam
Tuổi 40 Yêu Dấu (Tái bản năm 2023)                                                                                        , NXB Trẻ                                                               , Còn hàng  , "104,500₫"  , "110,000₫"  , https://nhasachphuongnam.com/products/tuoi-40-yeu-dau-tai-ban-nam-2023                                                                              , Phuong Nam
Tước Gấm Giấu Đay (Bìa mềm)                                                                                               , NXB Phụ Nữ Việt Nam                                                   , Còn hàng  , "188,100₫"  , "198,000₫"  , https://nhasachphuongnam.com/products/tuoc-gam-giau-day-bia-mem                                                                                     , Phuong Nam
Từng Có Người Yêu Tôi Như Sinh Mệnh (Tái bản năm 2023)                                                                    , NXB Văn Học                                                           , Còn hàng  , "122,550₫"  , "129,000₫"  , https://nhasachphuongnam.com/products/tung-co-nguoi-yeu-toi-nhu-sinh-menh-tai-ban-nam-2023                                                          , Phuong Nam
Tục Ngữ - Ca Dao Việt Nam (Tái bản năm 2022)                                                                              , NXB Văn Học                                                           , Còn hàng  , "55,100₫"   , "58,000₫"   , https://nhasachphuongnam.com/products/tuc-ngu-ca-dao-viet-nam-tai-ban-nam-2022                                                                      , Phuong Nam
Tự Truyện Luka Modrić                                                                                                     , NXB Trẻ                                                               , Còn hàng  , "161,500₫"  , "170,000₫"  , https://nhasachphuongnam.com/products/tu-truyen-luka-modri                                                                                          , Phuong Nam
Từ Điển Của Những Nỗi Buồn Không Tên                                                                                      , NXB Thế Giới                                                          , Còn hàng  , "122,550₫"  , "129,000₫"  , https://nhasachphuongnam.com/products/tu-dien-cua-nhung-noi-buon-khong-ten                                                                          , Phuong Nam
Truyện Ngắn Đương Đại Hàn Quốc - Tập 2 (Tuyển chọn từ tạp chí Koreana)                                                    , NXB Tổng Hợp TP.HCM                                                   , Còn hàng  , "166,250₫"  , "175,000₫"  , https://nhasachphuongnam.com/products/truyen-ngan-duong-dai-han-quoc-tap-2-tuyen-chon-tu-tap-chi-koreana                                            , Phuong Nam
Truyện Kiều Văn Xuôi: Dành Cho Người Trẻ (Tái bản năm 2022)                                                               , NXB Thế Giới                                                          , Còn hàng  , "66,500₫"   , "95,000₫"   , https://nhasachphuongnam.com/products/truyen-kieu-van-xuoi-danh-cho-nguoi-tre-tai-ban-nam-2022                                                      , Phuong Nam
Trước Mùa Mưa Bão                                                                                                         , NXB Hà Nội                                                            , Còn hàng  , "39,900₫"   , "42,000₫"   , https://nhasachphuongnam.com/products/truoc-mua-mua-bao                                                                                             , Phuong Nam
"Trịnh Công Sơn: Tôi Là Ai, Là Ai... (Tái bản năm 2023)"                                                                  , NXB Trẻ                                                               , Còn hàng  , "228,000₫"  , "240,000₫"  , https://nhasachphuongnam.com/products/trinh-cong-son-toi-la-ai-la-ai-tai-ban-nam-2023                                                               , Phuong Nam
Triệu Phú Khu Ổ Chuột (Tái bản năm 2022)                                                                                  , NXB Văn Học                                                           , Còn hàng  , "119,700₫"  , "126,000₫"  , https://nhasachphuongnam.com/products/trieu-phu-khu-o-chuot-tai-ban-nam-2022                                                                        , Phuong Nam
Trí Hoán Hung Đồ - Tập 1                                                                                                  , NXB Thế Giới                                                          , Còn hàng  , "284,050₫"  , "299,000₫"  , https://nhasachphuongnam.com/products/tri-hoan-hung-do-tap-1                                                                                        , Phuong Nam
Trên Sao Hỏa Chỉ Có Trẻ Con                                                                                               , NXB Thanh Niên                                                        , Còn hàng  , "88,350₫"   , "93,000₫"   , https://nhasachphuongnam.com/products/tren-sao-hoa-chi-co-tre-con                                                                                   , Phuong Nam
Trắng                                                                                                                     , NXB Hội Nhà Văn                                                       , Còn hàng  , "75,050₫"   , "79,000₫"   , https://nhasachphuongnam.com/products/trang                                                                                                         , Phuong Nam
Tony Buổi Sáng - Trên Đường Băng (Tái bản năm 2022)                                                                       , NXB Trẻ                                                               , Còn hàng  , "99,750₫"   , "105,000₫"  , https://nhasachphuongnam.com/products/tony-buoi-sang-tren-duong-bang-tai-ban-nam-2022                                                               , Phuong Nam
Tổng Thống Lincoln Và Những Điều Bạn Chưa Biết (Song ngữ Anh-Việt)                                                        , NXB Hồng Đức                                                          , Còn hàng  , "265,050₫"  , "279,000₫"  , https://nhasachphuongnam.com/products/tong-thong-lincoln-va-nhung-dieu-ban-chua-biet-song-ngu-anh-viet                                              , Phuong Nam
Tôi Có Triệu Chứng Cứ Yêu Em                                                                                              , NXB Phụ Nữ Việt Nam                                                   , Còn hàng  , "79,800₫"   , "84,000₫"   , https://nhasachphuongnam.com/products/toi-co-trieu-chung-cu-yeu-em                                                                                  , Phuong Nam
"Tiếng Việt Giàu Đẹp - Vẻ Đẹp Ngôn Ngữ, Vẻ Đẹp Văn Chương (Tái bản năm 2022)"                                             , NXB Trẻ                                                               , Còn hàng  , "85,500₫"   , "90,000₫"   , https://nhasachphuongnam.com/products/tieng-viet-giau-dep-ve-dep-ngon-ngu-ve-dep-van-chuong-tai-ban-nam-2022                                        , Phuong Nam
Tiếng Việt Giàu Đẹp - Đi Tìm Bản Sắc Tiếng Việt (Tái bản năm 2022)                                                        , NXB Trẻ                                                               , Còn hàng  , "99,750₫"   , "105,000₫"  , https://nhasachphuongnam.com/products/tieng-viet-giau-dep-di-tim-ban-sac-tieng-viet-tai-ban-nam-2022                                                , Phuong Nam
Tiếng Việt - Văn Việt - Người Việt (Tái bản năm 2023)                                                                     , NXB Văn Hóa Dân Tộc                                                   , Còn hàng  , "143,200₫"  , "179,000₫"  , https://nhasachphuongnam.com/products/tieng-viet-van-viet-nguoi-viet-tai-ban-nam-2023                                                               , Phuong Nam
Tiếng Việt - Văn Việt - Người Việt (Tái bản năm 2021)                                                                     , NXB Văn Hóa Dân Tộc                                                   , Còn hàng  , "107,400₫"  , "179,000₫"  , https://nhasachphuongnam.com/products/tieng-viet-van-viet-nguoi-viet-tai-ban-nam-2021                                                               , Phuong Nam
Tiếng Gọi Chân Trời                                                                                                       , NXB Trẻ                                                               , Còn hàng  , "90,250₫"   , "95,000₫"   , https://nhasachphuongnam.com/products/tieng-goi-chan-troi                                                                                           , Phuong Nam
Tiệm Cắt Tóc Trông Về Phía Biển                                                                                           , NXB Phụ Nữ Việt Nam                                                   , Còn hàng  , "150,100₫"  , "158,000₫"  , https://nhasachphuongnam.com/products/tiem-cat-toc-trong-ve-phia-bien                                                                               , Phuong Nam
Tỉ Tê Chuyện Đam Mê - 1000 Ngày Đi Bụi Của “Con Nghiện” Tự Do                                                             , NXB Thanh Niên                                                        , Còn hàng  , "114,000₫"  , "120,000₫"  , https://nhasachphuongnam.com/products/ti-te-chuyen-dam-me-1000-ngay-di-bui-cua-con-nghien-tu-do                                                     , Phuong Nam
Thung Lũng Bất Hạnh                                                                                                       , NXB Trẻ                                                               , Còn hàng  , "114,000₫"  , "120,000₫"  , https://nhasachphuongnam.com/products/thung-lung-bat-hanh                                                                                           , Phuong Nam
Thư Tình Gửi Một Người (Tái bản năm 2022)                                                                                 , NXB Trẻ                                                               , Còn hàng  , "185,250₫"  , "195,000₫"  , https://nhasachphuongnam.com/products/thu-tinh-gui-mot-nguoi-tai-ban-nam-2022                                                                       , Phuong Nam
Thời Thơ Ấu (Tái bản năm 2021)                                                                                            , NXB Văn Học                                                           , Còn hàng  , "86,450₫"   , "91,000₫"   , https://nhasachphuongnam.com/products/thoi-tho-au-tai-ban-nam-2021                                                                                  , Phuong Nam
Thoát Khỏi Trò Chơi Chết Chóc                                                                                             , NXB Văn Học                                                           , Còn hàng  , "179,550₫"  , "189,000₫"  , https://nhasachphuongnam.com/products/thoat-khoi-tro-choi-chet-choc                                                                                 , Phuong Nam
Thi Nhân Việt Nam (Tái bản năm 2022)                                                                                      , NXB Văn Học                                                           , Còn hàng  , "96,900₫"   , "102,000₫"  , https://nhasachphuongnam.com/products/thi-nhan-viet-nam-tai-ban-nam-2022                                                                            , Phuong Nam
Thép Đã Tôi Thế Đấy (Tái bản năm 2022)                                                                                    , NXB Văn Học                                                           , Còn hàng  , "156,750₫"  , "165,000₫"  , https://nhasachphuongnam.com/products/thep-da-toi-the-day-tai-ban-nam-2022                                                                          , Phuong Nam
The Perfect Camping Day - Buổi Cắm Trại Hoàn Hảo (Song ngữ Anh-Việt)                                                      , NXB Thanh Niên                                                        , Còn hàng  , "85,500₫"   , "90,000₫"   , https://nhasachphuongnam.com/products/the-perfect-camping-day-buoi-cam-trai-hoan-hao-song-ngu-anh-viet                                              , Phuong Nam
The Godfather - Bố Già (Bìa cứng)                                                                                         , NXB Văn Học                                                           , Còn hàng  , "237,500₫"  , "250,000₫"  , https://nhasachphuongnam.com/products/the-godfather-bo-gia-bia-cung                                                                                 , Phuong Nam
"Thế Giới Xấu Xí, Với Anh, Em Vẫn Đẹp"                                                                                    , NXB Thế Giới                                                          , Còn hàng  , "87,400₫"   , "92,000₫"   , https://nhasachphuongnam.com/products/the-gioi-xau-xi-voi-anh-em-van-dep                                                                            , Phuong Nam
"Thế Giới Mênh Mông, Buồn Vui Cất Vào Lòng"                                                                               , NXB Văn Học                                                           , Còn hàng  , "85,500₫"   , "90,000₫"   , https://nhasachphuongnam.com/products/the-gioi-menh-mong-buon-vui-cat-vao-long                                                                      , Phuong Nam
Thế Giới Chìm Trong Khoảng Trống                                                                                          , NXB Thế Giới                                                          , Còn hàng  , "122,550₫"  , "129,000₫"  , https://nhasachphuongnam.com/products/the-gioi-chim-trong-khoang-trong                                                                              , Phuong Nam
Thất Lạc Cõi Người (Tái bản lần 9 năm 2022)                                                                               , NXB Hội Nhà Văn                                                       , Còn hàng  , "83,300₫"   , "119,000₫"  , https://nhasachphuongnam.com/products/that-lac-coi-nguoi-tai-ban-lan-9-nam-2022                                                                     , Phuong Nam
Thất Lạc Cõi Người (Tái bản lần 8 năm 2022)                                                                               , NXB Hội Nhà Văn                                                       , Còn hàng  , "83,300₫"   , "119,000₫"  , https://nhasachphuongnam.com/products/that-lac-coi-nguoi-tai-ban-lan-8-nam-2022                                                                     , Phuong Nam
Thất Lạc Cõi Người (Tái bản lần 10 năm 2022)                                                                              , NXB Hội Nhà Văn                                                       , Còn hàng  , "83,300₫"   , "119,000₫"  , https://nhasachphuongnam.com/products/that-lac-coi-nguoi-tai-ban-lan-10-nam-2022                                                                    , Phuong Nam
Thanh Xuân Ấy Tôi Đã Thương Một Người                                                                                     , NXB Hồng Đức                                                          , Còn hàng  , "104,500₫"  , "110,000₫"  , https://nhasachphuongnam.com/products/thanh-xuan-ay-toi-da-thuong-mot-nguoi                                                                         , Phuong Nam
Thành Phố Những Lục Địa Bay                                                                                               , NXB Đà Nẵng                                                           , Còn hàng  , "87,200₫"   , "109,000₫"  , https://nhasachphuongnam.com/products/thanh-pho-nhung-luc-dia-bay                                                                                   , Phuong Nam
Thần Thoại Hy Lạp (Bộ 2 tập)                                                                                              , NXB Văn Học                                                           , Còn hàng  , "312,550₫"  , "329,000₫"  , https://nhasachphuongnam.com/products/than-thoai-hy-lap-bo-2-tap                                                                                    , Phuong Nam
Tết Ở Làng Địa Ngục                                                                                                       , NXB Thanh Niên                                                        , Còn hàng  , "160,550₫"  , "169,000₫"  , https://nhasachphuongnam.com/products/tet-o-lang-dia-nguc                                                                                           , Phuong Nam
Tây Sơn Phụng Thần Ký                                                                                                     , NXB Phụ Nữ Việt Nam                                                   , Còn hàng  , "128,250₫"  , "135,000₫"  , https://nhasachphuongnam.com/products/tay-son-phung-than-ky                                                                                         , Phuong Nam
Tắt Đèn (Tái bản năm 2022)                                                                                                , NXB Văn Học                                                           , Còn hàng  , "47,500₫"   , "50,000₫"   , https://nhasachphuongnam.com/products/tat-den-tai-ban-nam-2022                                                                                      , Phuong Nam
Tặng Hoa Cho Bách Đồ - Tập 1                                                                                              , NXB Hà Nội                                                            , Còn hàng  , "142,500₫"  , "150,000₫"  , https://nhasachphuongnam.com/products/tang-hoa-cho-bach-do-tap-1                                                                                    , Phuong Nam
Tàn Tro                                                                                                                   , NXB Phụ Nữ Việt Nam                                                   , Còn hàng  , "102,600₫"  , "108,000₫"  , https://nhasachphuongnam.com/products/tan-tro                                                                                                       , Phuong Nam
Tầm Nhìn Thay Đổi Quốc Gia - Điều Kỳ Diệu Ở Dubai (Tái bản năm 2022)                                                      , NXB Thế Giới                                                          , Còn hàng  , "254,600₫"  , "268,000₫"  , https://nhasachphuongnam.com/products/tam-nhin-thay-doi-quoc-gia-dieu-ky-dieu-o-dubai-tai-ban-nam-2022                                              , Phuong Nam
Tạm Biệt Tôi Của Nhiều Năm Về Trước                                                                                       , NXB Dân Trí                                                           , Còn hàng  , "90,250₫"   , "95,000₫"   , https://nhasachphuongnam.com/products/tam-biet-toi-cua-nhieu-nam-ve-truoc                                                                           , Phuong Nam
Tại Sao Ta Yêu...                                                                                                         , Nxv Tổng Hợp Đồng Nai                                                 , Còn hàng  , "182,400₫"  , "192,000₫"  , https://nhasachphuongnam.com/products/tai-sao-ta-yeu                                                                                                , Phuong Nam
Sương Khói Đông Kinh - Tập 1: Vùng Đất Ánh Sáng                                                                           , NXB Hội Nhà Văn                                                       , Còn hàng  , "237,500₫"  , "250,000₫"  , https://nhasachphuongnam.com/products/suong-khoi-dong-kinh-tap-1-vung-dat-anh-sang                                                                  , Phuong Nam
Sơn Trà Nở Muộn                                                                                                           , NXB Thanh Niên                                                        , Còn hàng  , "235,600₫"  , "248,000₫"  , https://nhasachphuongnam.com/products/son-tra-no-muon                                                                                               , Phuong Nam
Số Đỏ (Tái bản năm 2022)                                                                                                  , NXB Văn Học                                                           , Còn hàng  , "59,850₫"   , "63,000₫"   , https://nhasachphuongnam.com/products/so-do-tai-ban-nam-2022                                                                                        , Phuong Nam
Sau Tang Lễ                                                                                                               , NXB Trẻ                                                               , Còn hàng  , "137,750₫"  , "145,000₫"  , https://nhasachphuongnam.com/products/sau-tang-le                                                                                                   , Phuong Nam
Sát Nhân Liên Hoàn Kế - Tập 2                                                                                             , NXB Dân Trí                                                           , Còn hàng  , "146,300₫"  , "154,000₫"  , https://nhasachphuongnam.com/products/sat-nhan-lien-hoan-ke-tap-2                                                                                   , Phuong Nam
Sát Nhân Liên Hoàn Kế - Tập 1                                                                                             , NXB Dân Trí                                                           , Còn hàng  , "160,550₫"  , "169,000₫"  , https://nhasachphuongnam.com/products/sat-nhan-lien-hoan-ke-tap-1                                                                                   , Phuong Nam
Sài Gòn Những Mảnh Ghép Rời Ký Ức                                                                                         , NXB Trẻ                                                               , Còn hàng  , "118,750₫"  , "125,000₫"  , https://nhasachphuongnam.com/products/sai-gon-nhung-manh-ghep-roi-ky-uc                                                                             , Phuong Nam
"Sài Gòn Một Thuở: ""Dân Ông Tạ Đó!"" - Tập 2"                                                                            , NXB Tổng Hợp TP.HCM                                                   , Còn hàng  , "140,600₫"  , "148,000₫"  , https://nhasachphuongnam.com/products/sai-gon-mot-thuo-dan-ong-ta-do-tap-2                                                                          , Phuong Nam
Sài Gòn Hay Ta!                                                                                                           , NXB Phụ Nữ Việt Nam                                                   , Còn hàng  , "188,100₫"  , "198,000₫"  , https://nhasachphuongnam.com/products/sai-gon-hay-ta                                                                                                , Phuong Nam
Sài Gòn Đất Thiêng Khí Tụ (Tái bản năm 2018)                                                                              , NXB Văn Hóa-Văn Nghệ                                                  , Còn hàng  , "122,550₫"  , "129,000₫"  , https://nhasachphuongnam.com/products/sai-gon-dat-thieng-khi-tu-tai-ban-nam-2018                                                                    , Phuong Nam
Những Kẻ Tuyệt Vọng                                                                                                       , NXB Phụ Nữ Việt Nam                                                   , Còn hàng  , "156,000₫"  , "195,000₫"  , https://nhasachphuongnam.com/products/sach                                                                                                          , Phuong Nam
Rượu Độc Lóng Lánh                                                                                                        , NXB Trẻ                                                               , Còn hàng  , "137,750₫"  , "145,000₫"  , https://nhasachphuongnam.com/products/ruou-doc-long-lanh                                                                                            , Phuong Nam
Rừng Xa                                                                                                                   , NXB Tổng Hợp TP.HCM                                                   , Còn hàng  , "66,500₫"   , "70,000₫"   , https://nhasachphuongnam.com/products/rung-xa                                                                                                       , Phuong Nam
Roses And Champagne - Hoa Hồng Và Sâm Banh - Tập 1                                                                        , NXB Hà Nội                                                            , Còn hàng  , "179,550₫"  , "189,000₫"  , https://nhasachphuongnam.com/products/roses-and-champagne-hoa-hong-va-sam-banh-tap-1                                                                , Phuong Nam
Quỷ Giá                                                                                                                   , NXB Hà Nội                                                            , Còn hàng  , "151,050₫"  , "159,000₫"  , https://nhasachphuongnam.com/products/quy-gia                                                                                                       , Phuong Nam
Quân Khu Nam Đồng (Ấn bản đặc biệt)                                                                                       , NXB Trẻ                                                               , Còn hàng  , "223,250₫"  , "235,000₫"  , https://nhasachphuongnam.com/products/quan-khu-nam-dong-an-ban-dac-biet                                                                             , Phuong Nam
Papillon Người Tù Khổ Sai (Tái bản năm 2023)                                                                              , NXB Hội Nhà Văn                                                       , Còn hàng  , "303,200₫"  , "379,000₫"  , https://nhasachphuongnam.com/products/papillon-nguoi-tu-kho-sai-tai-ban-nam-2023                                                                    , Phuong Nam
Ông Tướng Tình Báo Bí Ẩn Và Những Điệp Vụ Siêu Hạng                                                                       , NXB Tổng Hợp TP.HCM                                                   , Còn hàng  , "112,100₫"  , "118,000₫"  , https://nhasachphuongnam.com/products/ong-tuong-tinh-bao-bi-an-va-nhung-diep-vu-sieu-hang                                                           , Phuong Nam
Ông Già Và Biển Cả (Tái bản năm 2022)                                                                                     , NXB Văn Học                                                           , Còn hàng  , "39,900₫"   , "42,000₫"   , https://nhasachphuongnam.com/products/ong-gia-va-bien-ca-tai-ban-nam-2022                                                                           , Phuong Nam
Nuốt Ngược Nước Mắt Để Trưởng Thành Hơn                                                                                   , NXB Văn Học                                                           , Còn hàng  , "128,250₫"  , "135,000₫"  , https://nhasachphuongnam.com/products/nuot-nguoc-nuoc-mat-de-truong-thanh-hon                                                                       , Phuong Nam
Nụ Hôn Của Sói (Tái bản năm 2022)                                                                                         , Công ty TNHH Thương Mại Và Dịch Vụ Văn Hoá Đinh Tị                    , Còn hàng  , "113,050₫"  , "119,000₫"  , https://nhasachphuongnam.com/products/nu-hon-cua-soi-tai-ban-nam-2022                                                                               , Phuong Nam
Nỗi Buồn Chiến Tranh (Tái bản năm 2022)                                                                                   , NXB Trẻ                                                               , Còn hàng  , "123,500₫"  , "130,000₫"  , https://nhasachphuongnam.com/products/noi-buon-chien-tranh-tai-ban-nam-2022                                                                         , Phuong Nam
Những Vụ Kỳ Án Của Sherlock Holmes (Tái bản năm 2022)                                                                     , NXB Văn Học                                                           , Còn hàng  , "171,000₫"  , "180,000₫"  , https://nhasachphuongnam.com/products/nhung-vu-ky-an-cua-sherlock-holmes-tai-ban-nam-2022                                                           , Phuong Nam
Những Tấm Lòng Cao Cả (Trí Việt)                                                                                          , NXB Văn Học                                                           , Còn hàng  , "103,550₫"  , "109,000₫"  , https://nhasachphuongnam.com/products/nhung-tam-long-cao-ca-tri-viet                                                                                , Phuong Nam
Những Người Phụ Nữ Bé Nhỏ                                                                                                 , NXB Văn Học                                                           , Còn hàng  , "122,550₫"  , "129,000₫"  , https://nhasachphuongnam.com/products/nhung-nguoi-phu-nu-be-nho                                                                                     , Phuong Nam
Những Người Hàng Xóm (Bản đặc biệt)                                                                                       , NXB Trẻ                                                               , Còn hàng  , "190,000₫"  , "200,000₫"  , https://nhasachphuongnam.com/products/nhung-nguoi-hang-xom-ban-dac-biet                                                                             , Phuong Nam
Những Người Hàng Xóm                                                                                                      , NXB Trẻ                                                               , Còn hàng  , "104,500₫"  , "110,000₫"  , https://nhasachphuongnam.com/products/nhung-nguoi-hang-xom                                                                                          , Phuong Nam
Những Người Canh Giữ Hiện Thực                                                                                            , NXB Lao Động Xã Hội                                                   , Còn hàng  , "121,600₫"  , "128,000₫"  , https://nhasachphuongnam.com/products/nhung-nguoi-canh-giu-hien-thuc                                                                                , Phuong Nam
Những Kẻ Âu Lo                                                                                                            , NXB Trẻ                                                               , Còn hàng  , "171,000₫"  , "180,000₫"  , https://nhasachphuongnam.com/products/nhung-ke-au-lo                                                                                                , Phuong Nam
Những Chuyện Tình Thế Kỷ Mới                                                                                              , NXB Phụ Nữ Việt Nam                                                   , Còn hàng  , "197,600₫"  , "208,000₫"  , https://nhasachphuongnam.com/products/nhung-chuyen-tinh-the-ky-moi                                                                                  , Phuong Nam
Những Chiếc Cầu Ở Quận Madison (Tái bản năm 2022)                                                                         , NXB Hội Nhà Văn                                                       , Còn hàng  , "75,650₫"   , "89,000₫"   , https://nhasachphuongnam.com/products/nhung-chiec-cau-o-quan-madison-tai-ban-nam-2022                                                               , Phuong Nam
"Những Câu Chuyện Về Tình Yêu, Tự Do Và Hòa Bình (Tái bản năm 2022)"                                                      , NXB Trẻ                                                               , Còn hàng  , "23,750₫"   , "25,000₫"   , https://nhasachphuongnam.com/products/nhung-cau-chuyen-ve-tinh-yeu-tu-do-va-hoa-binh-tai-ban-nam-2022                                               , Phuong Nam
Những Cậu Bé Can Đảm Thế                                                                                                  , NXB Hà Nội                                                            , Còn hàng  , "102,600₫"  , "108,000₫"  , https://nhasachphuongnam.com/products/nhung-cau-be-can-dam-the                                                                                      , Phuong Nam
Những Bữa Cơm Hoài Niệm Ở Trạm Mèo Con                                                                                    , NXB Văn Học                                                           , Còn hàng  , "131,100₫"  , "138,000₫"  , https://nhasachphuongnam.com/products/nhung-bua-com-hoai-niem-o-tram-meo-con                                                                        , Phuong Nam
Như Đóa Hoa Sương                                                                                                         , NXB Hà Nội                                                            , Còn hàng  , "125,400₫"  , "132,000₫"  , https://nhasachphuongnam.com/products/nhu-doa-hoa-suong                                                                                             , Phuong Nam
Nhặt Tình Đan Những Sợi Thương                                                                                            , NXB Thanh Niên                                                        , Còn hàng  , "90,250₫"   , "95,000₫"   , https://nhasachphuongnam.com/products/nhat-tinh-dan-nhung-soi-thuong                                                                                , Phuong Nam
Nhật Ký Trong Tù (Tái bản năm 2021)                                                                                       , NXB Văn Học                                                           , Còn hàng  , "45,600₫"   , "48,000₫"   , https://nhasachphuongnam.com/products/nhat-ky-trong-tu-tai-ban-nam-2021                                                                             , Phuong Nam
Nhật Ký Đặng Thùy Trâm (Tái bản năm 2022)                                                                                 , NXB Hội Nhà Văn                                                       , Còn hàng  , "85,500₫"   , "90,000₫"   , https://nhasachphuongnam.com/products/nhat-ky-dang-thuy-tram-tai-ban-nam-2022                                                                       , Phuong Nam
Nhật Ký Chăm Sóc Thú Cưng                                                                                                 , NXB Dân Trí                                                           , Còn hàng  , "157,700₫"  , "166,000₫"  , https://nhasachphuongnam.com/products/nhat-ky-cham-soc-thu-cung                                                                                     , Phuong Nam
Nhập Mạc Chi Thần - Tập 1                                                                                                 , NXB Dân Trí                                                           , Còn hàng  , "122,550₫"  , "129,000₫"  , https://nhasachphuongnam.com/products/nhap-mac-chi-than-tap-1                                                                                       , Phuong Nam
Nhà Thờ Đức Bà Paris (Tái bản năm 2022)                                                                                   , NXB Văn Học                                                           , Còn hàng  , "184,300₫"  , "194,000₫"  , https://nhasachphuongnam.com/products/nha-tho-duc-ba-paris-tai-ban-nam-2022                                                                         , Phuong Nam
Nhà Thờ Đức Bà Paris (Bìa cứng)                                                                                           , NXB Văn Học                                                           , Còn hàng  , "617,500₫"  , "650,000₫"  , https://nhasachphuongnam.com/products/nha-tho-duc-ba-paris-bia-cung                                                                                 , Phuong Nam
Nguyện Vì Người Đi Trên Hành Trình Không Biết Trước Tương Lai                                                             , NXB Tôn Giáo                                                          , Còn hàng  , "122,550₫"  , "129,000₫"  , https://nhasachphuongnam.com/products/nguyen-vi-nguoi-di-tren-hanh-trinh-khong-biet-truoc-tuong-lai                                                 , Phuong Nam
Người Tập Lớn                                                                                                             , NXB Dân Trí                                                           , Còn hàng  , "103,550₫"  , "109,000₫"  , https://nhasachphuongnam.com/products/nguoi-tap-lon                                                                                                 , Phuong Nam
"Người Ngựa, Ngựa Người (Tái bản năm 2022)"                                                                               , NXB Văn Học                                                           , Còn hàng  , "72,200₫"   , "76,000₫"   , https://nhasachphuongnam.com/products/nguoi-ngua-ngua-nguoi-tai-ban-nam-2022                                                                        , Phuong Nam
Người Hạt Dẻ                                                                                                              , NXB Văn Học                                                           , Còn hàng  , "189,050₫"  , "199,000₫"  , https://nhasachphuongnam.com/products/nguoi-hat-de                                                                                                  , Phuong Nam
Người Dọn Dẹp Hiện Trường Án Mạng                                                                                         , NXB Dân Trí                                                           , Còn hàng  , "89,300₫"   , "94,000₫"   , https://nhasachphuongnam.com/products/nguoi-don-dep-hien-truong-an-mang                                                                             , Phuong Nam
Người Đàn Ông Mang Tên Ove (Tái bản năm 2022)                                                                             , NXB Trẻ                                                               , Còn hàng  , "152,000₫"  , "160,000₫"  , https://nhasachphuongnam.com/products/nguoi-dan-ong-mang-ten-ove-tai-ban-nam-2022                                                                   , Phuong Nam
Người Cá (Sách Trí Việt)                                                                                                  , NXB Văn Học                                                           , Còn hàng  , "57,000₫"   , "60,000₫"   , https://nhasachphuongnam.com/products/nguo-i-ca-sach-tri-viet                                                                                       , Phuong Nam
Ngọn Cờ Của Cha                                                                                                           , NXB Tri Thức                                                          , Còn hàng  , "84,550₫"   , "89,000₫"   , https://nhasachphuongnam.com/products/ngon-co-cua-cha                                                                                               , Phuong Nam
Ngôi Nhà Trông Về Phía Biển Và Chuyện Ngày Sau                                                                            , NXB Văn Học                                                           , Còn hàng  , "251,750₫"  , "265,000₫"  , https://nhasachphuongnam.com/products/ngoi-nha-trong-ve-phia-bien-va-chuyen-ngay-sau                                                                , Phuong Nam
Ngôi Nhà Kỳ Quái                                                                                                          , NXB Phụ Nữ Việt Nam                                                   , Còn hàng  , "131,100₫"  , "138,000₫"  , https://nhasachphuongnam.com/products/ngoi-nha-ky-quai                                                                                              , Phuong Nam
Ngôi Nhà Bên Bờ Biển Xanh Thẳm                                                                                            , NXB Thế Giới                                                          , Còn hàng  , "165,300₫"  , "174,000₫"  , https://nhasachphuongnam.com/products/ngoi-nha-ben-bo-bien-xanh-tham                                                                                , Phuong Nam
"Nếu Như Tôi Nói Nhớ, Em Có Trở Về Không?"                                                                                , NXB Dân Trí                                                           , Còn hàng  , "83,600₫"   , "88,000₫"   , https://nhasachphuongnam.com/products/neu-nhu-toi-noi-nho-em-co-tro-ve-khong                                                                        , Phuong Nam
Nếu Biết Trăm Năm Là Hữu Hạn (Bản đặc biệt - Tái bản năm 2023) (Bìa mềm)                                                  , NXB Thế Giới                                                          , Còn hàng  , "146,300₫"  , "209,000₫"  , https://nhasachphuongnam.com/products/neu-biet-tram-nam-la-huu-han-ban-dac-biet-tai-ban-nam-2023-bia-mem                                            , Phuong Nam
Nếu Biết Trăm Năm Là Hữu Hạn (Bản đặc biệt - Tái bản năm 2022) (Bìa mềm)                                                  , NXB Hội Nhà Văn                                                       , Còn hàng  , "146,300₫"  , "209,000₫"  , https://nhasachphuongnam.com/products/neu-biet-tram-nam-la-huu-han-ban-dac-biet-tai-ban-nam-2022-bia-mem                                            , Phuong Nam
"Nếu Bạn Chưa Ổn, Tôi Xin Gửi Bạn Một Cái Ôm"                                                                             , NXB Văn Học                                                           , Còn hàng  , "93,100₫"   , "98,000₫"   , https://nhasachphuongnam.com/products/neu-ban-chua-on-toi-xin-gui-ban-mot-cai-om                                                                    , Phuong Nam
"Naughty Babe - Em Bướng, Lại Cho Là Em Quậy"                                                                             , NXB Hà Nội                                                            , Còn hàng  , "179,550₫"  , "189,000₫"  , https://nhasachphuongnam.com/products/naughty-babe-em-buong-lai-cho-la-em-quay                                                                      , Phuong Nam
Nắng Thổ Tang                                                                                                             , NXB Hội Nhà Văn                                                       , Còn hàng  , "142,500₫"  , "150,000₫"  , https://nhasachphuongnam.com/products/nang-tho-tang                                                                                                 , Phuong Nam
Một Thư Viện Ở Paris                                                                                                      , NXB Văn Học                                                           , Còn hàng  , "223,250₫"  , "235,000₫"  , https://nhasachphuongnam.com/products/mot-thu-vien-o-paris                                                                                          , Phuong Nam
Một Thoáng Ta Rực Rỡ Ở Nhân Gian                                                                                          , NXB Hội Nhà Văn                                                       , Còn hàng  , "128,250₫"  , "135,000₫"  , https://nhasachphuongnam.com/products/mot-thoang-ta-ruc-ro-o-nhan-gian                                                                              , Phuong Nam
"Một Nửa Ngọt Ngào, Một Nửa Đau Thương"                                                                                   , NXB Văn Học                                                           , Còn hàng  , "170,050₫"  , "179,000₫"  , https://nhasachphuongnam.com/products/mot-nua-ngot-ngao-mot-nua-dau-thuong                                                                          , Phuong Nam
Một Dòng Họ Do Thái                                                                                                       , NXB Hội Nhà Văn                                                       , Còn hàng  , "236,550₫"  , "249,000₫"  , https://nhasachphuongnam.com/products/mot-dong-ho-do-thai                                                                                           , Phuong Nam
Một Cuốn Sách Trầm Cảm                                                                                                    , NXB Thanh Niên                                                        , Còn hàng  , "100,700₫"  , "106,000₫"  , https://nhasachphuongnam.com/products/mot-cuon-sach-tram-cam                                                                                        , Phuong Nam
Mỗi Một Người Đều Cần Nhiều Trạm Dừng                                                                                     , NXB Văn Học                                                           , Còn hàng  , "112,100₫"  , "118,000₫"  , https://nhasachphuongnam.com/products/moi-mot-nguoi-deu-can-nhieu-tram-dung                                                                         , Phuong Nam
Minh Nhật Tinh Trình - Tập 1                                                                                              , NXB Dân Trí                                                           , Còn hàng  , "178,600₫"  , "188,000₫"  , https://nhasachphuongnam.com/products/minh-nhat-tinh-trinh-tap-1                                                                                    , Phuong Nam
Michelangelo: Cuộc Đời Và Tác Phẩm Qua 500 Hình Ảnh                                                                       , NXB Dân Trí                                                           , Còn hàng  , "479,200₫"  , "599,000₫"  , https://nhasachphuongnam.com/products/michelangelo-cuoc-doi-va-tac-pham-qua-500-hinh-anh                                                            , Phuong Nam
Mẹ Làm Gì Có Ước Mơ                                                                                                       , NXB Văn Học                                                           , Còn hàng  , "84,550₫"   , "89,000₫"   , https://nhasachphuongnam.com/products/me-lam-gi-co-uoc-mo                                                                                           , Phuong Nam
Màu Nhạt Nắng                                                                                                             , NXB Thế Giới                                                          , Còn hàng  , "141,550₫"  , "149,000₫"  , https://nhasachphuongnam.com/products/mau-nhat-nang                                                                                                 , Phuong Nam
Mặt Dày Tâm Đen (Tái bản năm 2021)                                                                                        , NXB Đà Nẵng                                                           , Còn hàng  , "160,550₫"  , "169,000₫"  , https://nhasachphuongnam.com/products/mat-day-tam-den-tai-ban-nam-2021                                                                              , Phuong Nam
Martin Eden                                                                                                               , NXB Dân Trí                                                           , Còn hàng  , "237,500₫"  , "250,000₫"  , https://nhasachphuongnam.com/products/martin-eden                                                                                                   , Phuong Nam
Mãi Mãi Là Bao Xa (Tái bản năm 2021)                                                                                      , NXB Văn Học                                                           , Còn hàng  , "128,250₫"  , "135,000₫"  , https://nhasachphuongnam.com/products/mai-mai-la-bao-xa-tai-ban-nam-2021                                                                            , Phuong Nam
Lũ Trẻ Đường Tàu                                                                                                          , NXB Dân Trí                                                           , Còn hàng  , "122,550₫"  , "129,000₫"  , https://nhasachphuongnam.com/products/lu-tre-duong-tau                                                                                              , Phuong Nam
Lời Cầu Cứu Của Kẻ Sát Nhân                                                                                               , NXB Hội Nhà Văn                                                       , Còn hàng  , "143,100₫"  , "159,000₫"  , https://nhasachphuongnam.com/products/loi-cau-cuu-cua-ke-sat-nhan                                                                                   , Phuong Nam
Lốc Xoáy                                                                                                                  , NXB Phụ Nữ Việt Nam                                                   , Còn hàng  , "176,700₫"  , "186,000₫"  , https://nhasachphuongnam.com/products/loc-xoay                                                                                                      , Phuong Nam
Lò Mổ Linh Hồn                                                                                                            , NXB Thanh Niên                                                        , Còn hàng  , "185,250₫"  , "195,000₫"  , https://nhasachphuongnam.com/products/lo-mo-linh-hon                                                                                                , Phuong Nam
Linh Đinh Tình Phù Sa                                                                                                     , NXB Thế Giới                                                          , Còn hàng  , "79,200₫"   , "99,000₫"   , https://nhasachphuongnam.com/products/linh-dinh-tinh-phu-sa                                                                                         , Phuong Nam
Lều Chõng (Tái bản năm 2022)                                                                                              , NXB Văn Học                                                           , Còn hàng  , "85,500₫"   , "90,000₫"   , https://nhasachphuongnam.com/products/leu-chong-tai-ban-nam-2022                                                                                    , Phuong Nam
Không Gia Đình (Tái bản năm 2022)                                                                                         , NXB Văn Học                                                           , Còn hàng  , "166,250₫"  , "175,000₫"  , https://nhasachphuongnam.com/products/khong-gia-dinh-tai-ban-nam-2022                                                                               , Phuong Nam
Không Gia Đình (Tái bản năm 2021) (Huy Hoàng)                                                                             , NXB Văn Học                                                           , Còn hàng  , "152,000₫"  , "160,000₫"  , https://nhasachphuongnam.com/products/khong-gia-dinh-tai-ban-nam-2021-huy-hoang                                                                     , Phuong Nam
Khói Trời Lộng Lẫy (Tái bản năm 2022)                                                                                     , NXB Trẻ                                                               , Còn hàng  , "85,500₫"   , "90,000₫"   , https://nhasachphuongnam.com/products/khoi-troi-long-lay-tai-ban-nam-2022                                                                           , Phuong Nam
Khởi Đầu Là Mèo                                                                                                           , NXB Trẻ                                                               , Còn hàng  , "74,100₫"   , "78,000₫"   , https://nhasachphuongnam.com/products/khoi-dau-la-meo                                                                                               , Phuong Nam
Khi Đại Dịch Thế Kỷ Covid-19 Đi Qua                                                                                       , NXB Văn Học                                                           , Còn hàng  , "80,750₫"   , "85,000₫"   , https://nhasachphuongnam.com/products/khi-dai-dich-the-ky-covid-19-di-qua                                                                           , Phuong Nam
Khách Sạn Metropol                                                                                                        , NXB Hội Nhà Văn                                                       , Còn hàng  , "270,750₫"  , "285,000₫"  , https://nhasachphuongnam.com/products/khach-san-metropol                                                                                            , Phuong Nam
Keanu Reeves: Ma Trận Cuộc Đời                                                                                            , NXB Dân Trí                                                           , Còn hàng  , "159,600₫"  , "168,000₫"  , https://nhasachphuongnam.com/products/keanu-reeves-ma-tran-cuoc-doi                                                                                 , Phuong Nam
Hương Rừng Cà Mau (Tái bản năm 2022)                                                                                      , NXB Trẻ                                                               , Còn hàng  , "470,250₫"  , "495,000₫"  , https://nhasachphuongnam.com/products/huong-rung-ca-mau-tai-ban-nam-2022                                                                            , Phuong Nam
Hong Tay Khói Lạnh                                                                                                        , NXB Trẻ                                                               , Còn hàng  , "85,500₫"   , "90,000₫"   , https://nhasachphuongnam.com/products/hong-tay-khoi-lanh                                                                                            , Phuong Nam
Hồn Đô Thị                                                                                                                , NXB Thế Giới                                                          , Còn hàng  , "223,200₫"  , "279,000₫"  , https://nhasachphuongnam.com/products/hon-do-thi                                                                                                    , Phuong Nam
Hôm Nay Thương Nhớ Rơi Vỡ Lòng Ai                                                                                         , NXB Phụ Nữ Việt Nam                                                   , Còn hàng  , "93,100₫"   , "98,000₫"   , https://nhasachphuongnam.com/products/hom-nay-thuong-nho-roi-vo-long-ai                                                                             , Phuong Nam
Hoàng Thượng Đừng Nghịch (Tập 1 + 2)                                                                                      , NXB Thế Giới                                                          , Còn hàng  , "322,050₫"  , "339,000₫"  , https://nhasachphuongnam.com/products/hoang-thuong-dung-nghich-tap-1-2                                                                              , Phuong Nam
Hồ Sơ Tâm Lí Tội Phạm - Tập 2                                                                                             , NXB Kim Đồng                                                          , Còn hàng  , "104,500₫"  , "110,000₫"  , https://nhasachphuongnam.com/products/ho-so-tam-li-toi-pham-tap-2                                                                                   , Phuong Nam
Hiểm Họa Ở Nhà Kết                                                                                                        , NXB Trẻ                                                               , Còn hàng  , "99,750₫"   , "105,000₫"  , https://nhasachphuongnam.com/products/hiem-hoa-o-nha-ket                                                                                            , Phuong Nam
"Hickory, Hickory, Oẳn Tù Tì"                                                                                             , NXB Trẻ                                                               , Còn hàng  , "123,500₫"  , "130,000₫"  , https://nhasachphuongnam.com/products/hickory-hickory-oan-tu-ti                                                                                     , Phuong Nam
Hero - Người Hùng (Tái băn năm 2022)                                                                                      , NXB Thế Giới                                                          , Còn hàng  , "283,100₫"  , "298,000₫"  , https://nhasachphuongnam.com/products/hero-nguoi-hung-tai-ban-nam-2022                                                                              , Phuong Nam
Hệ Giá Trị Việt Nam Từ Truyền Thống Đến Hiện Đại                                                                          , NXB Tổng Hợp TP.HCM                                                   , Còn hàng  , "237,500₫"  , "250,000₫"  , https://nhasachphuongnam.com/products/he-gia-tri-viet-nam-tu-truyen-thong-den-hien-dai                                                              , Phuong Nam
Hãy Tìm Tôi Giữa Cánh Đồng (Tái bản năm 2022) (Bìa mềm)                                                                   , NXB Hội Nhà Văn                                                       , Còn hàng  , "199,200₫"  , "249,000₫"  , https://nhasachphuongnam.com/products/hay-tim-toi-giua-canh-dong-tai-ban-nam-2022-bia-mem                                                           , Phuong Nam
Hãy Tìm Tôi Giữa Cánh Đồng (Tái bản năm 2022) (Bìa cứng)                                                                  , NXB Hội Nhà Văn                                                       , Còn hàng  , "303,200₫"  , "379,000₫"  , https://nhasachphuongnam.com/products/hay-tim-toi-giua-canh-dong-tai-ban-nam-2022-bia-cung                                                          , Phuong Nam
Hành Trình Theo Chân Bác (Tái bản năm 2022)                                                                               , NXB Trẻ                                                               , Còn hàng  , "118,750₫"  , "125,000₫"  , https://nhasachphuongnam.com/products/hanh-trinh-theo-chan-bac-tai-ban-nam-2022                                                                     , Phuong Nam
Hàng Ma Tháp                                                                                                              , NXB Hà Nội                                                            , Còn hàng  , "137,750₫"  , "145,000₫"  , https://nhasachphuongnam.com/products/hang-ma-thap                                                                                                  , Phuong Nam
Hãng Luật (Tái bản năm 2022)                                                                                              , NXB Trẻ                                                               , Còn hàng  , "190,000₫"  , "200,000₫"  , https://nhasachphuongnam.com/products/hang-luat-tai-ban-nam-2022                                                                                    , Phuong Nam
Hai Vạn Dặm Dưới Biển (Tái bản năm 2022)                                                                                  , NXB Văn Học                                                           , Còn hàng  , "96,900₫"   , "102,000₫"  , https://nhasachphuongnam.com/products/hai-van-dam-duoi-bien-tai-ban-nam-2022                                                                        , Phuong Nam
Hà Nội 36 Phố Phường (Tái bản năm 2022)                                                                                   , NXB Văn Học                                                           , Còn hàng  , "47,500₫"   , "50,000₫"   , https://nhasachphuongnam.com/products/ha-noi-36-pho-phuong-tai-ban-nam-2022                                                                         , Phuong Nam
Gửi Tới Người Mùa Đông Này Sẽ Không Còn Nữa                                                                               , NXB Dân Trí                                                           , Còn hàng  , "116,850₫"  , "123,000₫"  , https://nhasachphuongnam.com/products/gui-toi-nguoi-mua-dong-nay-se-khong-con-nua                                                                   , Phuong Nam
Góc Sân Và Khoảng Trời (Tái bản năm 2022)                                                                                 , NXB Văn Học                                                           , Còn hàng  , "62,700₫"   , "66,000₫"   , https://nhasachphuongnam.com/products/goc-san-va-khoang-troi-tai-ban-nam-2022                                                                       , Phuong Nam
"Gió, Cát Và Những Ngôi Sao"                                                                                              , NXB Văn Học                                                           , Còn hàng  , "179,550₫"  , "189,000₫"  , https://nhasachphuongnam.com/products/gio-cat-va-nhung-ngoi-sao                                                                                     , Phuong Nam
Gió Lẻ Và 9 Câu Chuyện Khác (Tái bản năm 2022)                                                                            , NXB Trẻ                                                               , Còn hàng  , "85,500₫"   , "90,000₫"   , https://nhasachphuongnam.com/products/gio-le-va-9-cau-chuyen-khac-tai-ban-nam-2022                                                                  , Phuong Nam
Giao Thừa                                                                                                                 , NXB Trẻ                                                               , Còn hàng  , "90,250₫"   , "95,000₫"   , https://nhasachphuongnam.com/products/giao-thua                                                                                                     , Phuong Nam
Giang Hồ Lắm Kẻ Dở Hơi - Tập 4                                                                                            , Công ty TNHH Sách Trí Tuệ Việt                                        , Còn hàng  , "160,550₫"  , "169,000₫"  , https://nhasachphuongnam.com/products/giang-ho-lam-ke-do-hoi-tap-4                                                                                  , Phuong Nam
Gia Sư Của Công Chúa Quỷ                                                                                                  , NXB Phụ Nữ Việt Nam                                                   , Còn hàng  , "151,050₫"  , "159,000₫"  , https://nhasachphuongnam.com/products/gia-su-cua-cong-chua-quy                                                                                      , Phuong Nam
Già Sao Cho Sướng (Tái bản năm 2022)                                                                                      , NXB Thế Giới                                                          , Còn hàng  , "83,300₫"   , "119,000₫"  , https://nhasachphuongnam.com/products/gia-sao-cho-suong-tai-ban-nam-2022                                                                            , Phuong Nam
Giá Như Thế Gian Này Ai Cũng Chân Thật                                                                                    , NXB Dân Trí                                                           , Còn hàng  , "89,300₫"   , "94,000₫"   , https://nhasachphuongnam.com/products/gia-nhu-the-gian-nay-ai-cung-chan-that                                                                        , Phuong Nam
Giá Mà Nỗi Buồn Có Thể Cầm Nắm Trên Tay                                                                                   , NXB Thanh Niên                                                        , Còn hàng  , "103,550₫"  , "109,000₫"  , https://nhasachphuongnam.com/products/gia-ma-noi-buon-co-the-cam-nam-tren-tay                                                                       , Phuong Nam
"Gia Định Là Nhớ, Sài Gòn Là Thương"                                                                                      , NXB Hồ Chí Minh                                                       , Còn hàng  , "112,100₫"  , "118,000₫"  , https://nhasachphuongnam.com/products/gia-dinh-la-nho-sai-gon-la-thuong                                                                             , Phuong Nam
Ghi Chép Pháp Y - Những Cái Chết Bí Ẩn                                                                                    , NXB Thanh Niên                                                        , Còn hàng  , "142,500₫"  , "150,000₫"  , https://nhasachphuongnam.com/products/ghi-chep-phap-y-nhung-cai-chet-bi-an                                                                          , Phuong Nam
Ghi Chép Của Tôi Người Nhìn Thấy Em Sẽ Biến Mất Vào Ngày Mai                                                              , NXB Dân Trí                                                           , Còn hàng  , "126,350₫"  , "133,000₫"  , https://nhasachphuongnam.com/products/ghi-chep-cua-toi-nguoi-nhin-thay-em-se-bien-mat-vao-ngay-mai                                                  , Phuong Nam
Gáy Người Thì Lạnh (Tái bản năm 2022)                                                                                     , NXB Trẻ                                                               , Còn hàng  , "76,000₫"   , "80,000₫"   , https://nhasachphuongnam.com/products/gay-nguoi-thi-lanh-tai-ban-nam-2022                                                                           , Phuong Nam
Gã Du Đãng Chúng Ta Đang Lùng Kiếm                                                                                        , NXB Thế Giới                                                          , Còn hàng  , "87,200₫"   , "109,000₫"  , https://nhasachphuongnam.com/products/ga-du-dang-chung-ta-dang-lung-kiem                                                                            , Phuong Nam
Fake News Và Chống Fake News                                                                                              , NXB Tổng Hợp TP.HCM                                                   , Còn hàng  , "114,000₫"  , "120,000₫"  , https://nhasachphuongnam.com/products/fake-news-va-chong-fake-news                                                                                  , Phuong Nam
Em                                                                                                                        , NXB Phụ Nữ Việt Nam                                                   , Còn hàng  , "113,050₫"  , "119,000₫"  , https://nhasachphuongnam.com/products/em                                                                                                            , Phuong Nam
Dưới Tán Chò Nâu Sài Gòn (Song ngữ Việt-Anh)                                                                              , NXB Thế Giới                                                          , Còn hàng  , "119,200₫"  , "149,000₫"  , https://nhasachphuongnam.com/products/duoi-tan-cho-nau-sai-gon-song-ngu-viet-anh                                                                    , Phuong Nam
Dưới Cánh Cửa Thầm Thì                                                                                                    , NXB Thế Giới                                                          , Còn hàng  , "189,050₫"  , "199,000₫"  , https://nhasachphuongnam.com/products/duoi-canh-cua-tham-thi                                                                                        , Phuong Nam
"Đừng Nhìn Lén Nữa, Anh Cũng Thích Em"                                                                                    , NXB Thanh Niên                                                        , Còn hàng  , "121,600₫"  , "128,000₫"  , https://nhasachphuongnam.com/products/dung-nhin-len-nua-anh-cung-thich-em                                                                           , Phuong Nam
Đừng Khóc Ở Sài Gòn                                                                                                       , NXB Phụ Nữ Việt Nam                                                   , Còn hàng  , "90,250₫"   , "95,000₫"   , https://nhasachphuongnam.com/products/dung-khoc-o-sai-gon                                                                                           , Phuong Nam
Đừng Để Trà Nguội                                                                                                         , NXB Phụ Nữ Việt Nam                                                   , Còn hàng  , "83,600₫"   , "88,000₫"   , https://nhasachphuongnam.com/products/dung-de-tra-nguoi                                                                                             , Phuong Nam
Dune - Xứ Cát (Tái bản năm 2021)                                                                                          , NXB Văn Học                                                           , Còn hàng  , "236,550₫"  , "249,000₫"  , https://nhasachphuongnam.com/products/dune-xu-cat-tai-ban-nam-2021                                                                                  , Phuong Nam
Đũa: Chuyện Linh Dị                                                                                                       , NXB Thế Giới                                                          , Còn hàng  , "231,200₫"  , "289,000₫"  , https://nhasachphuongnam.com/products/dua-chuyen-linh-di                                                                                            , Phuong Nam
Dù Ngủ Dù Thức                                                                                                            , NXB Phụ Nữ Việt Nam                                                   , Còn hàng  , "122,550₫"  , "129,000₫"  , https://nhasachphuongnam.com/products/du-ngu-du-thuc                                                                                                , Phuong Nam
Đồng Linh Dị Truyện - Quỷ Triền Thân                                                                                      , NXB Thanh Niên                                                        , Còn hàng  , "137,750₫"  , "145,000₫"  , https://nhasachphuongnam.com/products/dong-linh-di-truyen-quy-trien-than                                                                            , Phuong Nam
Đón Ngọn Triều Dâng                                                                                                       , Công ty TNHH Một Thành Viên Nhà Xuất Bản Trẻ                          , Còn hàng  , "123,500₫"  , "130,000₫"  , https://nhasachphuongnam.com/products/don-ngon-trieu-dang                                                                                           , Phuong Nam
Đời Thừa (Tái bản năm 2022)                                                                                               , NXB Văn Học                                                           , Còn hàng  , "39,900₫"   , "42,000₫"   , https://nhasachphuongnam.com/products/doi-thua-tai-ban-nam-2022                                                                                     , Phuong Nam
Đôi Mắt Trũng Sâu                                                                                                         , NXB Phụ Nữ Việt Nam                                                   , Còn hàng  , "183,200₫"  , "229,000₫"  , https://nhasachphuongnam.com/products/doi-mat-trung-sau                                                                                             , Phuong Nam
Định Mệnh Dưới Mưa                                                                                                        , NXB Thanh Niên                                                        , Còn hàng  , "179,550₫"  , "189,000₫"  , https://nhasachphuongnam.com/products/dinh-menh-duoi-mua                                                                                            , Phuong Nam
Điều Dịu Dàng Gửi Những Ngày Đơn Phương                                                                                   , NXB Dân Trí                                                           , Còn hàng  , "85,500₫"   , "90,000₫"   , https://nhasachphuongnam.com/products/dieu-diu-dang-gui-nhung-ngay-don-phuong                                                                       , Phuong Nam
Điệp Viên Hoàn Hảo X6 - Phạm Xuân Ẩn (Tái bản năm 2022) (Bìa mềm)                                                         , NXB Hồng Đức                                                          , Còn hàng  , "169,100₫"  , "178,000₫"  , https://nhasachphuongnam.com/products/diep-vien-hoan-hao-x6-pham-xuan-an-tai-ban-nam-2022-bia-mem                                                   , Phuong Nam
Điệp Viên Hoàn Hảo X6 - Phạm Xuân Ẩn (Tái bản năm 2022) (Bìa cứng)                                                        , NXB Hồng Đức                                                          , Còn hàng  , "188,100₫"  , "198,000₫"  , https://nhasachphuongnam.com/products/diep-vien-hoan-hao-x6-pham-xuan-an-tai-ban-nam-2022-bia-cung                                                  , Phuong Nam
Đi Hết Một Đời Anh Vẫn Là Của Em (Tái bản năm 2023)                                                                       , NXB Dân Trí                                                           , Còn hàng  , "120,650₫"  , "127,000₫"  , https://nhasachphuongnam.com/products/di-het-mot-doi-anh-van-la-cua-em-tai-ban-nam-2023                                                             , Phuong Nam
"Đi Dọc Mùa Nhớ, Qua Miền Tương Tư"                                                                                       , NXB Văn Học                                                           , Còn hàng  , "131,100₫"  , "138,000₫"  , https://nhasachphuongnam.com/products/di-doc-mua-nho-qua-mien-tuong-tu                                                                              , Phuong Nam
Đến Nhật Bản Học Về Cuộc Đời                                                                                              , NXB Trẻ                                                               , Còn hàng  , "94,050₫"   , "99,000₫"   , https://nhasachphuongnam.com/products/den-nhat-ban-hoc-ve-cuoc-doi                                                                                  , Phuong Nam
Đèn Không Hắt Bóng (Tái bản năm 2022)                                                                                     , NXB Hội Nhà Văn                                                       , Còn hàng  , "153,300₫"  , "219,000₫"  , https://nhasachphuongnam.com/products/den-khong-hat-bong-tai-ban-nam-2022                                                                           , Phuong Nam
Đêm Trước Bình Minh (Tái bản năm 2022)                                                                                    , NXB Phụ Nữ Việt Nam                                                   , Còn hàng  , "129,200₫"  , "136,000₫"  , https://nhasachphuongnam.com/products/dem-truoc-binh-minh-tai-ban-nam-2022                                                                          , Phuong Nam
"Dear, Darling - Người Là Lời An Ủi Dịu Dàng Nhất Đời Tôi"                                                                , NXB Phụ Nữ Việt Nam                                                   , Còn hàng  , "83,600₫"   , "88,000₫"   , https://nhasachphuongnam.com/products/dear-darling-nguoi-la-loi-an-ui-diu-dang-nhat-doi-toi                                                         , Phuong Nam
Đế Quốc Bóng Tối                                                                                                          , NXB Hà Nội                                                            , Còn hàng  , "227,050₫"  , "239,000₫"  , https://nhasachphuongnam.com/products/de-quoc-bong-toi                                                                                              , Phuong Nam
Đấu Trường U Ám                                                                                                           , Văn Hoá Đông A                                                        , Còn hàng  , "142,500₫"  , "150,000₫"  , https://nhasachphuongnam.com/products/dau-truong-u-am                                                                                               , Phuong Nam
Dẫu Hóa Linh Hồn Xin Hãy Ở Bên Tôi                                                                                        , Skybooks                                                              , Còn hàng  , "112,100₫"  , "118,000₫"  , https://nhasachphuongnam.com/products/dau-hoa-linh-hon-xin-hay-o-ben-toi                                                                            , Phuong Nam
Đất Tiền Đất Bạc                                                                                                          , Văn Hoá Đông A                                                        , Còn hàng  , "142,500₫"  , "150,000₫"  , https://nhasachphuongnam.com/products/dat-tien-dat-bac                                                                                              , Phuong Nam
Đất Ở Rãnh Bạch Đàn                                                                                                       , NXB Hội Nhà Văn                                                       , Còn hàng  , "142,500₫"  , "150,000₫"  , https://nhasachphuongnam.com/products/dat-o-ranh-bach-dan                                                                                           , Phuong Nam
Đảo                                                                                                                       , NXB Trẻ                                                               , Còn hàng  , "76,000₫"   , "80,000₫"   , https://nhasachphuongnam.com/products/dao                                                                                                           , Phuong Nam
Danh Tác Việt Nam - Truyện Ngắn Vũ Trọng Phụng (Tái bản năm 2022)                                                         , NXB Văn Học                                                           , Còn hàng  , "53,200₫"   , "56,000₫"   , https://nhasachphuongnam.com/products/danh-tac-viet-nam-truyen-ngan-vu-trong-phung-tai-ban-nam-2022                                                 , Phuong Nam
Danh Tác Việt Nam - Truyện Ngắn Thạch Lam                                                                                 , NXB Văn Học                                                           , Còn hàng  , "60,800₫"   , "64,000₫"   , https://nhasachphuongnam.com/products/danh-tac-viet-nam-truyen-ngan-thach-lam                                                                       , Phuong Nam
Danh Tác Việt Nam - Nắng Trong Vườn                                                                                       , NXB Văn Học                                                           , Còn hàng  , "36,100₫"   , "38,000₫"   , https://nhasachphuongnam.com/products/danh-tac-viet-nam-nang-trong-vuon                                                                             , Phuong Nam
Danh Tác Việt Nam - Đôi Mắt                                                                                               , NXB Văn Học                                                           , Còn hàng  , "74,100₫"   , "78,000₫"   , https://nhasachphuongnam.com/products/danh-tac-viet-nam-doi-mat                                                                                     , Phuong Nam
Đám Trẻ Ở Đại Dương Đen                                                                                                   , NXB Thế Giới                                                          , Còn hàng  , "94,050₫"   , "99,000₫"   , https://nhasachphuongnam.com/products/dam-tre-o-dai-duong-den                                                                                       , Phuong Nam
Dại Thì Chết                                                                                                              , Văn Hoá Đông A                                                        , Còn hàng  , "237,500₫"  , "250,000₫"  , https://nhasachphuongnam.com/products/dai-thi-chet                                                                                                  , Phuong Nam
Cuộc Sống Không Giới Hạn (Tái bản năm 2022)                                                                               , NXB Tổng Hợp TP.HCM                                                   , Còn hàng  , "140,600₫"  , "148,000₫"  , https://nhasachphuongnam.com/products/cuoc-song-khong-gioi-han-tai-ban-nam-2022                                                                     , Phuong Nam
Công Chúa Ma Cà Rồng Quyền Năng Chỉ Muốn Có Một Người Em Gái Mà Thôi                                                      , NXB Phụ Nữ Việt Nam                                                   , Còn hàng  , "166,250₫"  , "175,000₫"  , https://nhasachphuongnam.com/products/cong-chua-ma-ca-rong-quyen-nang-chi-muon-co-mo-t-nguoi-em-gai-ma-thoi                                         , Phuong Nam
Chuyện Kể Rằng Có Nàng Và Tôi                                                                                             , NXB Phụ Nữ Việt Nam                                                   , Còn hàng  , "68,400₫"   , "72,000₫"   , https://nhasachphuongnam.com/products/chuyen-ke-rang-co-nang-va-toi                                                                                 , Phuong Nam
Chuyên Gia Pháp Y - Tập 3                                                                                                 , NXB Văn Học                                                           , Còn hàng  , "128,250₫"  , "135,000₫"  , https://nhasachphuongnam.com/products/chuyen-gia-phap-y-tap-3                                                                                       , Phuong Nam
Chuyện Đã Cũ Cứ Thong Dong Mà Cũ                                                                                          , NXB Thế Giới                                                          , Còn hàng  , "114,000₫"  , "120,000₫"  , https://nhasachphuongnam.com/products/chuyen-da-cu-cu-thong-dong-ma-cu                                                                              , Phuong Nam
"Chầm Chậm Gặp Gỡ, Từ Từ Bên Nhau"                                                                                        , NXB Phụ Nữ Việt Nam                                                   , Còn hàng  , "83,600₫"   , "88,000₫"   , https://nhasachphuongnam.com/products/cham-cham-gap-go-tu-tu-ben-nhau                                                                               , Phuong Nam
Yêu Em Bằng Mắt Giữ Em Bằng Tim                                                                                           , NXB Trẻ                                                               , Còn hàng  , "166,250₫"  , "175,000₫"  , https://nhasachphuongnam.com/products/yeu-em-bang-mat-giu-em-bang-tim                                                                               , Phuong Nam
Xuân Thu Nhã Tập                                                                                                          , NXB Thế Giới                                                          , Còn hàng  , "87,400₫"   , "92,000₫"   , https://nhasachphuongnam.com/products/xuan-thu-nha-tap                                                                                              , Phuong Nam
Vui Vẻ Không Quạu Nha 2 - Một Cuốn Sách Buồn... Cười                                                                      , NXB Phụ Nữ Việt Nam                                                   , Còn hàng  , "75,050₫"   , "79,000₫"   , https://nhasachphuongnam.com/products/vui-ve-khong-quau-nha-2-mot-cuon-sach-buon-cuoi                                                               , Phuong Nam
Việt Nam Danh Tác - Những Ngày Thơ Ấu                                                                                     , NXB Hội Nhà Văn                                                       , Còn hàng  , "71,250₫"   , "75,000₫"   , https://nhasachphuongnam.com/products/viet-nam-danh-tac-nhung-ngay-tho-au                                                                           , Phuong Nam
Vĩ Đại Một Con Người                                                                                                      , NXB Trẻ                                                               , Còn hàng  , "49,400₫"   , "52,000₫"   , https://nhasachphuongnam.com/products/vi-dai-mot-con-nguoi                                                                                          , Phuong Nam
Vẫy Vùng Giữa Vũng Lầy                                                                                                    , NXB Hội Nhà Văn                                                       , Còn hàng  , "178,600₫"  , "188,000₫"  , https://nhasachphuongnam.com/products/vay-vung-giua-vung-lay                                                                                        , Phuong Nam
Văn Học Sài Gòn 1954-1975: Những Chuyện Bên Lề                                                                            , NXB Tổng Hợp TP.HCM                                                   , Còn hàng  , "180,500₫"  , "190,000₫"  , https://nhasachphuongnam.com/products/van-hoc-sai-gon-1954-1975-nhung-chuyen-ben-le                                                                 , Phuong Nam
Văn Học Cổ Điển - Đảo Giấu Vàng (Tái bản năm 2020)                                                                        , NXB Văn Học                                                           , Còn hàng  , "95,000₫"   , "100,000₫"  , https://nhasachphuongnam.com/products/van-hoc-co-dien-dao-giau-vang-tai-ban-nam-2020                                                                , Phuong Nam
"Uống Nhầm Một Ánh Mắt, Cơn Say Theo Cả Đời - Tập 2"                                                                      , NXB Văn Học                                                           , Còn hàng  , "122,550₫"  , "129,000₫"  , https://nhasachphuongnam.com/products/uong-nham-mot-anh-mat-con-say-theo-ca-doi-tap-2                                                               , Phuong Nam
Tùy Bút - Hồi Ký - Giai Thoại Trên Báo Xuân Sài Gòn Xưa (Tập 2)                                                           , NXB Thế Giới                                                          , Còn hàng  , "143,200₫"  , "179,000₫"  , https://nhasachphuongnam.com/products/tuy-but-hoi-ky-giai-thoai-tren-bao-xuan-sai-gon-xua-tap-2                                                     , Phuong Nam
Tùy Bút - Hồi Ký - Giai Thoại Trên Báo Xuân Sài Gòn Xưa (Tập 1)                                                           , NXB Văn Hóa-Văn Nghệ                                                  , Còn hàng  , "151,200₫"  , "189,000₫"  , https://nhasachphuongnam.com/products/tuy-but-hoi-ky-giai-thoai-tren-bao-xuan-sai-gon-xua-tap-1                                                     , Phuong Nam
Tuổi Thanh Xuân Còn Mãi                                                                                                   , NXB Văn Học                                                           , Còn hàng  , "166,250₫"  , "175,000₫"  , https://nhasachphuongnam.com/products/tuoi-thanh-xuan-con-mai                                                                                       , Phuong Nam
"Tục Ngữ, Ca Dao, Dân Ca Việt Nam (Tái bản năm 2021)"                                                                     , NXB Văn Học                                                           , Còn hàng  , "270,000₫"  , "450,000₫"  , https://nhasachphuongnam.com/products/tuc-ngu-ca-dao-dan-ca-viet-nam-tai-ban-nam-2021                                                               , Phuong Nam
Tứ Trấn Huyền Linh                                                                                                        , NXB Hội Nhà Văn                                                       , Còn hàng  , "246,050₫"  , "259,000₫"  , https://nhasachphuongnam.com/products/tu-tran-huyen-linh                                                                                            , Phuong Nam
Tủ Sách Văn Học Trong Nhà Trường - Thơ Nguyễn Bính                                                                        , NXB Kim Đồng                                                          , Còn hàng  , "39,900₫"   , "42,000₫"   , https://nhasachphuongnam.com/products/tu-sach-van-hoc-trong-nha-truong-tho-nguyen-binh                                                              , Phuong Nam
Trường Ca Achilles                                                                                                        , NXB Kim Đồng                                                          , Còn hàng  , "148,200₫"  , "156,000₫"  , https://nhasachphuongnam.com/products/truong-ca-achilles                                                                                            , Phuong Nam
Trứng Như Ý                                                                                                               , NXB Hồng Đức                                                          , Còn hàng  , "151,050₫"  , "159,000₫"  , https://nhasachphuongnam.com/products/trung-nhu-y                                                                                                   , Phuong Nam
Trịnh Công Sơn Và Cây Đàn Lyre Của Hoàng Tử Bé (Tái bản năm 2021)                                                         , NXB Trẻ                                                               , Còn hàng  , "85,500₫"   , "90,000₫"   , https://nhasachphuongnam.com/products/trinh-cong-son-va-cay-dan-lyre-cua-hoang-tu-be-tai-ban-nam-2021                                               , Phuong Nam
Triền Đời Lộng Gió                                                                                                        , NXB Tổng Hợp TP.HCM                                                   , Còn hàng  , "61,750₫"   , "65,000₫"   , https://nhasachphuongnam.com/products/trien-doi-long-gio                                                                                            , Phuong Nam
Trăng Non (Tái bản năm 2020)                                                                                              , NXB Trẻ                                                               , Còn hàng  , "209,000₫"  , "220,000₫"  , https://nhasachphuongnam.com/products/trang-non-tai-ban-nam-2020                                                                                    , Phuong Nam
Tìm Em Nơi Anh                                                                                                            , NXB Trẻ                                                               , Còn hàng  , "109,250₫"  , "115,000₫"  , https://nhasachphuongnam.com/products/tim-em-noi-anh                                                                                                , Phuong Nam
Thương Nhau Như Người Thân                                                                                                , NXB Văn Học                                                           , Còn hàng  , "129,200₫"  , "136,000₫"  , https://nhasachphuongnam.com/products/thuong-nhau-nhu-nguoi-than                                                                                    , Phuong Nam
Thương (Tập thơ)                                                                                                          , NXB Phụ Nữ Việt Nam                                                   , Còn hàng  , "71,250₫"   , "75,000₫"   , https://nhasachphuongnam.com/products/thuong-tap-tho                                                                                                , Phuong Nam
Thuật Tư Tưởng (Tái bản năm 2021)                                                                                         , NXB Trẻ                                                               , Còn hàng  , "90,250₫"   , "95,000₫"   , https://nhasachphuongnam.com/products/thuat-tu-tuong-tai-ban-nam-2021                                                                               , Phuong Nam
Tháo Gỡ Phép Màu                                                                                                          , NXB Phụ Nữ Việt Nam                                                   , Còn hàng  , "167,200₫"  , "209,000₫"  , https://nhasachphuongnam.com/products/thao-go-phep-mau                                                                                              , Phuong Nam
Thanh Dạ Văn Chung (Tái bản năm 2021)                                                                                     , NXB Trẻ                                                               , Còn hàng  , "47,500₫"   , "50,000₫"   , https://nhasachphuongnam.com/products/thanh-da-van-chung-tai-ban-nam-2021                                                                           , Phuong Nam
Thả Thính Chân Kinh                                                                                                       , NXB Trẻ                                                               , Còn hàng  , "90,250₫"   , "95,000₫"   , https://nhasachphuongnam.com/products/tha-thinh-chan-kinh                                                                                           , Phuong Nam
Tắt Đèn (Tái bản năm 2020)                                                                                                , NXB Văn Học                                                           , Còn hàng  , "47,500₫"   , "50,000₫"   , https://nhasachphuongnam.com/products/tat-den-tai-ban-nam-2020                                                                                      , Phuong Nam
Tạp Văn Nguyễn Ngọc Tư (Tái bản năm 2020)                                                                                 , NXB Trẻ                                                               , Còn hàng  , "85,500₫"   , "90,000₫"   , https://nhasachphuongnam.com/products/tap-van-nguyen-ngoc-tu-tai-ban-nam-2020                                                                       , Phuong Nam
Tam Thể - Phần 3: Tử Thần Sống Mãi                                                                                        , NXB Hà Nội                                                            , Còn hàng  , "275,500₫"  , "290,000₫"  , https://nhasachphuongnam.com/products/tam-the-phan-3-tu-than-song-mai                                                                               , Phuong Nam
Tam Thể - Phần 1 (Tái bản năm 2021)                                                                                       , NXB Hà Nội                                                            , Còn hàng  , "142,500₫"  , "150,000₫"  , https://nhasachphuongnam.com/products/tam-the-phan-1-tai-ban-nam-2021                                                                               , Phuong Nam
Tác Phẩm Kinh Điển Minh Họa Mới - Tiếng Gọi Của Hoang Dã                                                                  , NXB Văn Học                                                           , Còn hàng  , "159,600₫"  , "168,000₫"  , https://nhasachphuongnam.com/products/tac-pham-kinh-dien-minh-hoa-moi-tieng-goi-cua-hoang-da                                                        , Phuong Nam
Sự Cám Dỗ Cuối Cùng (Tái bản năm 2020)                                                                                    , NXB Văn Học                                                           , Còn hàng  , "138,700₫"  , "146,000₫"  , https://nhasachphuongnam.com/products/su-cam-do-cuoi-cung-tai-ban-nam-2020                                                                          , Phuong Nam
Sông (Tái bản năm 2020)                                                                                                   , NXB Trẻ                                                               , Còn hàng  , "94,050₫"   , "99,000₫"   , https://nhasachphuongnam.com/products/song-tai-ban-nam-2020                                                                                         , Phuong Nam
Sổ Tay Sửa Lỗi Hành Văn (Tái bản năm 2021)                                                                                , NXB Văn Hóa Dân Tộc                                                   , Còn hàng  , "28,800₫"   , "48,000₫"   , https://nhasachphuongnam.com/products/so-tay-sua-loi-hanh-van-tai-ban-nam-2021                                                                      , Phuong Nam
Số Đỏ (Hoạt-kê tiểu-thuyết – Theo bản in của Lê Cường Editeur MCMXXXVIII (1938))                                          , NXB Văn Học                                                           , Còn hàng  , "304,000₫"  , "320,000₫"  , https://nhasachphuongnam.com/products/so-do-hoat-ke-tieu-thuyet-theo-ban-in-cua-le-cuong-editeur-mcmxxxviii-1938                                    , Phuong Nam
Shine - Tỏa Sáng                                                                                                          , NXB Thanh Niên                                                        , Còn hàng  , "90,250₫"   , "95,000₫"   , https://nhasachphuongnam.com/products/shine-toa-sang                                                                                                , Phuong Nam
Sài Gòn Bún Bò Không Bản Quyền                                                                                            , NXB Hồng Đức                                                          , Còn hàng  , "93,100₫"   , "98,000₫"   , https://nhasachphuongnam.com/products/sai-gon-bun-bo-khong-ban-quyen                                                                                , Phuong Nam
Sài Gòn 7.000 Đêm Và Thương... Rồi Nhớ                                                                                    , NXB Văn Hóa-Văn Nghệ                                                  , Còn hàng  , "61,750₫"   , "65,000₫"   , https://nhasachphuongnam.com/products/sai-gon-7-000-dem-va-thuong-roi-nho                                                                           , Phuong Nam
Quý Ngài Định Kiến                                                                                                        , NXB Thanh Niên                                                        , Còn hàng  , "141,550₫"  , "149,000₫"  , https://nhasachphuongnam.com/products/quy-ngai-dinh-kien                                                                                            , Phuong Nam
Quái Thế Kỳ Đàm - Ống Nhòm Một Mắt                                                                                        , NXB Hội Nhà Văn                                                       , Còn hàng  , "114,000₫"  , "120,000₫"  , https://nhasachphuongnam.com/products/quai-the-ky-dam-ong-nhom-mot-mat                                                                              , Phuong Nam
Putin: Logic Của Quyền Lực (Tái bản năm 2020)                                                                             , NXB Tổng Hợp TP.HCM                                                   , Còn hàng  , "159,600₫"  , "168,000₫"  , https://nhasachphuongnam.com/products/putin-logic-cua-quyen-luc-tai-ban-nam-2020                                                                    , Phuong Nam
Những Con Chim Ẩn Mình Chờ Chết (Tái bản năm 2020)                                                                        , NXB Trẻ                                                               , Còn hàng  , "152,000₫"  , "160,000₫"  , https://nhasachphuongnam.com/products/nhung-con-chim-an-minh-cho-chet-tai-ban-nam-2020                                                              , Phuong Nam
Những Cảnh Đời Tỉnh Lẻ (Bộ 3 cuốn)                                                                                        , NXB Phụ Nữ Việt Nam                                                   , Còn hàng  , "292,000₫"  , "365,000₫"  , https://nhasachphuongnam.com/products/nhung-canh-doi-tinh-le-bo-3-cuon                                                                              , Phuong Nam
Những Cảnh Đời Tỉnh Lẻ - Tuổi Trẻ                                                                                         , NXB Phụ Nữ Việt Nam                                                   , Còn hàng  , "93,500₫"   , "110,000₫"  , https://nhasachphuongnam.com/products/nhung-canh-doi-tinh-le-tuoi-tre                                                                               , Phuong Nam
Những Cảnh Đời Tỉnh Lẻ - Tuổi Thơ                                                                                         , NXB Phụ Nữ Việt Nam                                                   , Còn hàng  , "93,500₫"   , "110,000₫"  , https://nhasachphuongnam.com/products/nhung-canh-doi-tinh-le-tuoi-tho                                                                               , Phuong Nam
Những Cảnh Đời Tỉnh Lẻ - Mùa Hè                                                                                           , NXB Phụ Nữ Việt Nam                                                   , Còn hàng  , "123,250₫"  , "145,000₫"  , https://nhasachphuongnam.com/products/nhung-canh-doi-tinh-le-mua-he                                                                                 , Phuong Nam
Nhìn Lại Cuộc Sống Đẹp Biết Bao                                                                                           , NXB Thế Giới                                                          , Còn hàng  , "207,200₫"  , "259,000₫"  , https://nhasachphuongnam.com/products/nhin-lai-cuoc-song-dep-biet-bao                                                                               , Phuong Nam
Nhật Thực (Tái bản năm 2020)                                                                                              , NXB Trẻ                                                               , Còn hàng  , "223,250₫"  , "235,000₫"  , https://nhasachphuongnam.com/products/nhat-thuc-tai-ban-nam-2020                                                                                    , Phuong Nam
Người Quay Tơ                                                                                                             , NXB Thế Giới                                                          , Còn hàng  , "73,150₫"   , "77,000₫"   , https://nhasachphuongnam.com/products/nguoi-quay-to                                                                                                 , Phuong Nam
Người Phá Vỡ Chứng Cứ Ngoại Phạm                                                                                          , NXB Thế Giới                                                          , Còn hàng  , "114,000₫"  , "120,000₫"  , https://nhasachphuongnam.com/products/nguoi-pha-vo-chung-cu-ngoai-pham                                                                              , Phuong Nam
Người Đưa Thư Tình                                                                                                        , NXB Hội Nhà Văn                                                       , Còn hàng  , "75,050₫"   , "79,000₫"   , https://nhasachphuongnam.com/products/nguoi-dua-thu-tinh                                                                                            , Phuong Nam
Người Của Thế Gian                                                                                                        , NXB Văn Học                                                           , Còn hàng  , "102,600₫"  , "108,000₫"  , https://nhasachphuongnam.com/products/nguoi-cua-the-gian                                                                                            , Phuong Nam
Ngọn Đèn Không Tắt (Tái bản năm 2021)                                                                                     , NXB Trẻ                                                               , Còn hàng  , "61,750₫"   , "65,000₫"   , https://nhasachphuongnam.com/products/ngon-den-khong-tat-tai-ban-nam-2021                                                                           , Phuong Nam
"Tục Ngữ, Ca Dao, Dân Ca Việt Nam (Tái bản năm 2024)"                                                                     , NXB Văn Học                                                           , Còn hàng  , "360,000₫"  , "450,000₫"  , https://nhasachphuongnam.com/products/tuc-ngu-ca-dao-dan-ca-viet-nam-tai-ban-nam-2024                                                               , Phuong Nam
Tục Ngữ Phong Dao (Theo bản in của Mặc Lâm năm 1967)                                                                      , NXB Văn Học                                                           , Còn hàng  , "137,750₫"  , "145,000₫"  , https://nhasachphuongnam.com/products/tuc-ngu-phong-dao-theo-ban-in-cua-mac-lam-nam-1967                                                            , Phuong Nam
Từ Từ Chậm Chậm                                                                                                           , NXB Văn Học                                                           , Còn hàng  , "99,750₫"   , "105,000₫"  , https://nhasachphuongnam.com/products/tu-tu-cham-cham                                                                                               , Phuong Nam
Tự Truyện Steven Gerrard - Người Đội Trưởng Vĩ Đại                                                                        , NXB Lao Động Xã Hội                                                   , Còn hàng  , "227,050₫"  , "239,000₫"  , https://nhasachphuongnam.com/products/tu-truyen-steven-gerrard-nguoi-doi-truong-vi-dai                                                              , Phuong Nam
Tự Truyện Của Một Geisha                                                                                                  , NXB Phụ Nữ Việt Nam                                                   , Còn hàng  , "265,050₫"  , "279,000₫"  , https://nhasachphuongnam.com/products/tu-truyen-cua-mot-geisha                                                                                      , Phuong Nam
Tu Tiên Ngôn Ngữ C - Tập 3                                                                                                , NXB Dân Trí                                                           , Còn hàng  , "167,200₫"  , "176,000₫"  , https://nhasachphuongnam.com/products/tu-tien-ngon-ngu-c-tap-3                                                                                      , Phuong Nam
Tu Tiên Ngôn Ngữ C - Tập 2                                                                                                , NXB Dân Trí                                                           , Còn hàng  , "150,100₫"  , "158,000₫"  , https://nhasachphuongnam.com/products/tu-tien-ngon-ngu-c-tap-2                                                                                      , Phuong Nam
Tự Sát Tinh Thần                                                                                                          , NXB Văn Học                                                           , Còn hàng  , "189,050₫"  , "199,000₫"  , https://nhasachphuongnam.com/products/tu-sat-tinh-than                                                                                              , Phuong Nam
Tủ Sách Văn Học Trong Nhà Trường - Mùa Lá Rụng Trong Vườn                                                                 , NXB Kim Đồng                                                          , Còn hàng  , "71,250₫"   , "75,000₫"   , https://nhasachphuongnam.com/products/tu-sach-van-hoc-trong-nha-truong-mua-la-rung-trong-vuon                                                       , Phuong Nam
Tủ Sách Các Nhà Cách Mạng Tiền Bối - Trần Phú                                                                             , NXB Kim Đồng                                                          , Còn hàng  , "57,000₫"   , "60,000₫"   , https://nhasachphuongnam.com/products/tu-sach-cac-nha-cach-mang-tien-boi-tran-phu                                                                   , Phuong Nam
Tủ Sách Các Nhà Cách Mạng Tiền Bối - Nguyễn Thị Minh Khai - Khúc Hát Vườn Trầu                                            , NXB Kim Đồng                                                          , Còn hàng  , "38,000₫"   , "40,000₫"   , https://nhasachphuongnam.com/products/tu-sach-cac-nha-cach-mang-tien-boi-nguyen-thi-minh-khai-khuc-hat-vuon-trau                                    , Phuong Nam
Tủ Sách Các Nhà Cách Mạng Tiền Bối - Nguyễn Hữu Tiến - Người Vẽ Cờ Tổ Quốc                                                , NXB Kim Đồng                                                          , Còn hàng  , "66,500₫"   , "70,000₫"   , https://nhasachphuongnam.com/products/tu-sach-cac-nha-cach-mang-tien-boi-nguyen-huu-tien-nguoi-ve-co-to-quoc                                        , Phuong Nam
Tủ Sách Các Nhà Cách Mạng Tiền Bối - Người Thợ Máy Tôn Đức Thắng                                                          , NXB Kim Đồng                                                          , Còn hàng  , "80,750₫"   , "85,000₫"   , https://nhasachphuongnam.com/products/tu-sach-cac-nha-cach-mang-tien-boi-nguoi-tho-may-ton-duc-thang                                                , Phuong Nam
Tự Nhiên Như Người Hà Nội (Tái bản năm 2024)                                                                              , NXB Trẻ                                                               , Còn hàng  , "80,750₫"   , "85,000₫"   , https://nhasachphuongnam.com/products/tu-nhien-nhu-nguoi-ha-noi-tai-ban-nam-2024                                                                    , Phuong Nam
Tù Nhân                                                                                                                   , NXB Văn Học                                                           , Còn hàng  , "156,750₫"  , "165,000₫"  , https://nhasachphuongnam.com/products/tu-nhan                                                                                                       , Phuong Nam
Từ Nhà Anh Về Nhà Em - Hành Trình 16000 Km Đạp Xe Xuyên Âu-Á Của Cặp Đôi Pháp-Việt                                        , NXB Kim Đồng                                                          , Còn hàng  , "142,500₫"  , "150,000₫"  , https://nhasachphuongnam.com/products/tu-nha-anh-ve-nha-em-hanh-trinh-16000-km-dap-xe-xuyen-au-a-cua-cap-doi-phap-viet                              , Phuong Nam
Tự Bốc Cháy                                                                                                               , NXB Dân Trí                                                           , Còn hàng  , "94,050₫"   , "99,000₫"   , https://nhasachphuongnam.com/products/tu-boc-chay                                                                                                   , Phuong Nam
"Từ Beirut Đến Jerusalem - Hành Trình ""Đi Để Hiểu"" Trung Đông Của Một Nhà Báo Mỹ (Tái bản năm 2024)"                    , NXB Thế Giới                                                          , Còn hàng  , "340,200₫"  , "378,000₫"  , https://nhasachphuongnam.com/products/tu-beirut-den-jerusalem-hanh-trinh-di-de-hieu-trung-dong-cua-mot-nha-bao-my-tai-ban-nam-2024                  , Phuong Nam
Truyện Xưa Bất Tận - Đông Phương Bách Quái - Tập 2                                                                        , NXB Kim Đồng                                                          , Còn hàng  , "247,000₫"  , "260,000₫"  , https://nhasachphuongnam.com/products/truyen-xua-bat-tan-dong-phuong-bach-quai-tap-2                                                                , Phuong Nam
Truyện Xưa Bất Tận - Đông Phương Bách Quái - Tập 1                                                                        , NXB Kim Đồng                                                          , Còn hàng  , "247,000₫"  , "260,000₫"  , https://nhasachphuongnam.com/products/truyen-xua-bat-tan-dong-phuong-bach-quai-tap-1                                                                , Phuong Nam
Truyện Ngắn Đặc Sắc 2024                                                                                                  , NXB Văn Học                                                           , Còn hàng  , "131,100₫"  , "138,000₫"  , https://nhasachphuongnam.com/products/truyen-ngan-dac-sac-2024                                                                                      , Phuong Nam
Truyện Kiều Văn Xuôi Dành Cho Người Trẻ (Tái bản năm 2024)                                                                , NXB Thế Giới                                                          , Còn hàng  , "76,000₫"   , "95,000₫"   , https://nhasachphuongnam.com/products/truyen-kieu-van-xuoi-danh-cho-nguoi-tre-tai-ban-nam-2024                                                      , Phuong Nam
Truyện Kiều - Nguyễn Du: 24 Tranh Lê Thiết Cương                                                                          , NXB Dân Trí                                                           , Còn hàng  , "475,000₫"  , "500,000₫"  , https://nhasachphuongnam.com/products/truyen-kieu-nguyen-du-24-tranh-le-thiet-cuong                                                                 , Phuong Nam
Truy Đuổi Khói Tuyết                                                                                                      , NXB Hà Nội                                                            , Còn hàng  , "175,750₫"  , "185,000₫"  , https://nhasachphuongnam.com/products/truy-duoi-khoi-tuyet                                                                                          , Phuong Nam
Trượt Chân Trên Tầng Cao                                                                                                  , NXB Phụ Nữ Việt Nam                                                   , Còn hàng  , "102,600₫"  , "108,000₫"  , https://nhasachphuongnam.com/products/truot-chan-tren-tang-cao                                                                                      , Phuong Nam
Trước Khi Trở Thành Quái Vật                                                                                              , NXB Hội Nhà Văn                                                       , Còn hàng  , "213,750₫"  , "225,000₫"  , https://nhasachphuongnam.com/products/truoc-khi-tro-thanh-quai-vat                                                                                  , Phuong Nam
Trúng Số Độc Đắc - Vũ Trọng Phụng (Minh Long Book)                                                                        , NXB Văn Học                                                           , Còn hàng  , "74,100₫"   , "78,000₫"   , https://nhasachphuongnam.com/products/trung-so-doc-dac-vu-trong-phung-minh-long-book                                                                , Phuong Nam
Trong Gia Đình (Tái bản năm 2023) (Sách Huy Hoàng)                                                                        , NXB Văn Học                                                           , Còn hàng  , "128,250₫"  , "135,000₫"  , https://nhasachphuongnam.com/products/trong-gia-dinh-tai-ban-nam-2023-sach-huy-hoang                                                                , Phuong Nam
Trong Gia Đình (Sách Đông A)                                                                                              , NXB Văn Học                                                           , Còn hàng  , "114,000₫"  , "120,000₫"  , https://nhasachphuongnam.com/products/trong-gia-dinh-sach-dong-a                                                                                    , Phuong Nam
Năm Chú Heo Con                                                                                                           , NXB Trẻ                                                               , Còn hàng  , "109,250₫"  , "115,000₫"  , https://nhasachphuongnam.com/products/nam-chu-heo-con                                                                                               , Phuong Nam
Trốn Lên Mái Nhà Để Khóc                                                                                                  , NXB Dân Trí                                                           , Còn hàng  , "90,250₫"   , "95,000₫"   , https://nhasachphuongnam.com/products/tron-len-mai-nha-de-khoc                                                                                      , Phuong Nam
Trời Này Quá Đẹp Để Buồn - Đời Này Quá Đẹp Lại Buồn                                                                       , NXB Thế Giới                                                          , Còn hàng  , "76,950₫"   , "81,000₫"   , https://nhasachphuongnam.com/products/troi-nay-qua-dep-de-buon-doi-nay-qua-dep-lai-buon                                                             , Phuong Nam
Trôi (Truyện ngắn Nguyễn Ngọc Tư)                                                                                         , NXB Trẻ                                                               , Còn hàng  , "90,250₫"   , "95,000₫"   , https://nhasachphuongnam.com/products/troi-truyen-ngan-nguyen-ngoc-tu                                                                               , Phuong Nam
Trở Về Từ Cõi Chết                                                                                                        , NXB Dân Trí                                                           , Còn hàng  , "159,600₫"  , "168,000₫"  , https://nhasachphuongnam.com/products/tro-ve-tu-coi-chet                                                                                            , Phuong Nam
Trở Thành Phiên Bản Điềm Tĩnh Hơn (Phiên bản song ngữ Trung - Việt)                                                       , NXB Lao Động Xã Hội                                                   , Còn hàng  , "113,050₫"  , "119,000₫"  , https://nhasachphuongnam.com/products/tro-thanh-phien-ban-diem-tinh-hon-phien-ban-song-ngu-trung-viet                                               , Phuong Nam
Trở Thành Chàng Vợ Làm Nền Của Nhân Vật Phản Diện - Tập 2                                                                 , NXB Hà Nội                                                            , Còn hàng  , "204,250₫"  , "215,000₫"  , https://nhasachphuongnam.com/products/tro-thanh-chang-vo-lam-nen-cua-nhan-vat-phan-dien-tap-2                                                       , Phuong Nam
Trò Chuyện Với Kẻ Sát Nhân: Trước Khi Trở Thành Ác Quỷ                                                                    , NXB Hà Nội                                                            , Còn hàng  , "189,050₫"  , "199,000₫"  , https://nhasachphuongnam.com/products/tro-chuyen-voi-ke-sat-nhan-truoc-khi-tro-thanh-ac-quy                                                         , Phuong Nam
Trò Chuyện Với Hoa Thủy Tiên Và...                                                                                        , NXB Trẻ                                                               , Còn hàng  , "137,750₫"  , "145,000₫"  , https://nhasachphuongnam.com/products/tro-chuyen-voi-hoa-thuy-tien-va                                                                               , Phuong Nam
Trò Chơi Sinh Tồn Không Ai Sống Sót                                                                                       , NXB Trẻ                                                               , Còn hàng  , "95,000₫"   , "100,000₫"  , https://nhasachphuongnam.com/products/tro-choi-sinh-ton-khong-ai-song-sot                                                                           , Phuong Nam
Trò Chơi Giẫm Bóng                                                                                                        , NXB Thế Giới                                                          , Còn hàng  , "132,050₫"  , "139,000₫"  , https://nhasachphuongnam.com/products/tro-choi-giam-bong                                                                                            , Phuong Nam
Trò Chơi Đoạt Mạng                                                                                                        , NXB Phụ Nữ Việt Nam                                                   , Còn hàng  , "175,750₫"  , "185,000₫"  , https://nhasachphuongnam.com/products/tro-choi-doat-mang                                                                                            , Phuong Nam
Triệu Lá Thư Gửi Mẹ                                                                                                       , NXB Công Thương                                                       , Còn hàng  , "189,050₫"  , "199,000₫"  , https://nhasachphuongnam.com/products/trieu-la-thu-gui-me                                                                                           , Phuong Nam
Trêu Nhầm - Tập 1                                                                                                         , NXB Văn Học                                                           , Còn hàng  , "170,050₫"  , "179,000₫"  , https://nhasachphuongnam.com/products/treu-nham-tap-1                                                                                               , Phuong Nam
Trăng Tan Đáy Nước                                                                                                        , NXB Văn Học                                                           , Còn hàng  , "142,500₫"  , "150,000₫"  , https://nhasachphuongnam.com/products/trang-tan-day-nuoc                                                                                            , Phuong Nam
Trăng Lãng Du                                                                                                             , NXB Phụ Nữ Việt Nam                                                   , Còn hàng  , "171,000₫"  , "180,000₫"  , https://nhasachphuongnam.com/products/trang-lang-du                                                                                                 , Phuong Nam
Trắng Án                                                                                                                  , NXB Thế Giới                                                          , Còn hàng  , "160,550₫"  , "169,000₫"  , https://nhasachphuongnam.com/products/trang-an                                                                                                      , Phuong Nam
Trần Văn Giàu - Dấu Ấn Trăm Năm (Tái bản năm 2024)                                                                        , NXB Trẻ                                                               , Còn hàng  , "190,000₫"  , "200,000₫"  , https://nhasachphuongnam.com/products/tran-van-giau-dau-an-tram-nam-tai-ban-nam-2024                                                                , Phuong Nam
Trăm Năm Một Bước Hải Hà                                                                                                  , NXB Phụ Nữ Việt Nam                                                   , Còn hàng  , "151,050₫"  , "159,000₫"  , https://nhasachphuongnam.com/products/tram-nam-mot-buoc-hai-ha                                                                                      , Phuong Nam
Trăm Năm Cô Đơn (Nobel văn chương 1982)                                                                                   , NXB Văn Học                                                           , Còn hàng  , "189,050₫"  , "199,000₫"  , https://nhasachphuongnam.com/products/tram-nam-co-don-nobel-van-chuong-1982                                                                         , Phuong Nam
Trại Trẻ Đặc Biệt Của Cô Peregrine 6 - Đồng Ma Tiêu Điều                                                                  , NXB Văn Học                                                           , Còn hàng  , "223,250₫"  , "235,000₫"  , https://nhasachphuongnam.com/products/trai-tre-dac-biet-cua-co-peregrine-6-dong-ma-tieu-dieu                                                        , Phuong Nam
Trái Tim Người Lớn Là Con Hàu Mang Vỏ                                                                                     , NXB Hà Nội                                                            , Còn hàng  , "180,500₫"  , "190,000₫"  , https://nhasachphuongnam.com/products/trai-tim-nguoi-lon-la-con-hau-mang-vo                                                                         , Phuong Nam
Trái Tim Chó                                                                                                              , NXB Lao Động Xã Hội                                                   , Còn hàng  , "90,250₫"   , "95,000₫"   , https://nhasachphuongnam.com/products/trai-tim-cho                                                                                                  , Phuong Nam
Trại Hè Kinh Hoàng                                                                                                        , NXB Dân Trí                                                           , Còn hàng  , "163,400₫"  , "172,000₫"  , https://nhasachphuongnam.com/products/trai-he-kinh-hoang                                                                                            , Phuong Nam
Tổng Đài Kể Chuyện Lúc 0H                                                                                                 , NXB Phụ Nữ Việt Nam                                                   , Còn hàng  , "159,600₫"  , "168,000₫"  , https://nhasachphuongnam.com/products/tong-dai-ke-chuyen-luc-0h                                                                                     , Phuong Nam
Tôn Tử Binh Pháp (Tái bản năm 2024)                                                                                       , NXB Hồng Đức                                                          , Còn hàng  , "83,600₫"   , "88,000₫"   , https://nhasachphuongnam.com/products/ton-tu-binh-phap-tai-ban-nam-2024                                                                             , Phuong Nam
Tôi Yêu Nữ Phản Diện - Tập 4                                                                                              , NXB Hà Nội                                                            , Còn hàng  , "137,750₫"  , "145,000₫"  , https://nhasachphuongnam.com/products/toi-yeu-nu-phan-dien-tap-4                                                                                    , Phuong Nam
Tôi Thức Tìm Cách Thức Để Ngủ                                                                                             , NXB Lao Động Xã Hội                                                   , Còn hàng  , "84,550₫"   , "89,000₫"   , https://nhasachphuongnam.com/products/toi-thuc-tim-cach-thuc-de-ngu                                                                                 , Phuong Nam
Tôi Thích Bản Thân Dũng Cảm Vượt Qua Giông Bão                                                                            , NXB Văn Học                                                           , Còn hàng  , "156,750₫"  , "165,000₫"  , https://nhasachphuongnam.com/products/toi-thich-ban-than-dung-cam-vuot-qua-giong-bao                                                                , Phuong Nam
Tội Phạm Tâm Thần Và Những Lỗ Hổng Công Lý                                                                                , NXB Thanh Niên                                                        , Còn hàng  , "133,000₫"  , "140,000₫"  , https://nhasachphuongnam.com/products/toi-pham-tam-than-va-nhung-lo-hong-cong-ly                                                                    , Phuong Nam
Tôi Muốn Ở Bên Một Người Dịu Dàng                                                                                         , NXB Văn Học                                                           , Còn hàng  , "80,750₫"   , "85,000₫"   , https://nhasachphuongnam.com/products/toi-muon-o-ben-mot-nguoi-diu-dang                                                                             , Phuong Nam
"Tôi Muốn Bảo Vệ Cậu, Dù Phải Mất Đi... Tình Yêu Này"                                                                     , NXB Thế Giới                                                          , Còn hàng  , "119,700₫"  , "126,000₫"  , https://nhasachphuongnam.com/products/toi-muon-bao-ve-cau-du-phai-mat-di-tinh-yeu-nay                                                               , Phuong Nam
Tội Lỗi Và Khoan Dung                                                                                                     , NXB Trẻ                                                               , Còn hàng  , "266,000₫"  , "280,000₫"  , https://nhasachphuongnam.com/products/toi-loi-va-khoan-dung                                                                                         , Phuong Nam
Tôi Giỏi Để Tôi Lên - Tập 3                                                                                               , NXB Hà Nội                                                            , Còn hàng  , "170,050₫"  , "179,000₫"  , https://nhasachphuongnam.com/products/toi-gioi-de-toi-len-tap-3                                                                                     , Phuong Nam
Tôi Giỏi Để Tôi Lên - Tập 2                                                                                               , NXB Văn Học                                                           , Còn hàng  , "170,050₫"  , "179,000₫"  , https://nhasachphuongnam.com/products/toi-gioi-de-toi-len-tap-2                                                                                     , Phuong Nam
Tôi Đọc Tôn Tử Binh Pháp Trong Thời Hiện Đại - Quyền Lực Hướng Thiện                                                      , NXB Hồng Đức                                                          , Còn hàng  , "254,600₫"  , "268,000₫"  , https://nhasachphuongnam.com/products/toi-doc-ton-tu-binh-phap-trong-thoi-hien-dai-quyen-luc-huong-thien                                            , Phuong Nam
Tôi Đến Từ Thế Giới Song Song - Tập 3                                                                                     , NXB Hà Nội                                                            , Còn hàng  , "233,700₫"  , "246,000₫"  , https://nhasachphuongnam.com/products/toi-den-tu-the-gioi-song-song-tap-3                                                                           , Phuong Nam
Tôi Đến Từ Thế Giới Song Song - Tập 2                                                                                     , NXB Hà Nội                                                            , Còn hàng  , "233,700₫"  , "246,000₫"  , https://nhasachphuongnam.com/products/toi-den-tu-the-gioi-song-song-tap-2                                                                           , Phuong Nam
Tôi Biết Tại Sao Chim Trong Lồng Vẫn Hót (Tái bản năm 2023)                                                               , NXB Văn Học                                                           , Còn hàng  , "189,050₫"  , "199,000₫"  , https://nhasachphuongnam.com/products/toi-biet-tai-sao-chim-trong-long-van-hot-tai-ban-nam-2023                                                     , Phuong Nam
Tôi Bị Đàn Em Đứng Hạng Nhất Trong Cuộc Thi Người Vợ Lý Tưởng Nắm Được Điểm Yếu - Tập 1                                   , NXB Lao Động Xã Hội                                                   , Còn hàng  , "132,050₫"  , "139,000₫"  , https://nhasachphuongnam.com/products/toi-bi-dan-em-dung-hang-nhat-trong-cuoc-thi-nguoi-vo-ly-tuong-nam-duoc-diem-yeu-tap-1                         , Phuong Nam
Tội Ác Và Hình Phạt (Tái bản năm 2024)                                                                                    , NXB Văn Học                                                           , Còn hàng  , "279,300₫"  , "399,000₫"  , https://nhasachphuongnam.com/products/toi-ac-va-hinh-phat-tai-ban-nam-2024                                                                          , Phuong Nam
Tội Ác Và Hình Phạt (Tái bản năm 2023)                                                                                    , Công ty TNHH Mtv Sách Phương Nam                                      , Còn hàng  , "265,300₫"  , "379,000₫"  , https://nhasachphuongnam.com/products/toi-ac-va-hinh-phat-tai-ban-nam-2023                                                                          , Phuong Nam
Tội Ác Có Thật                                                                                                            , NXB Thế Giới                                                          , Còn hàng  , "122,550₫"  , "129,000₫"  , https://nhasachphuongnam.com/products/toi-ac-co-that                                                                                                , Phuong Nam
Toàn Cầu Tiến Hóa - Tập 1 (Tái bản năm 2025)                                                                              , NXB Dân Trí                                                           , Còn hàng  , "189,050₫"  , "199,000₫"  , https://nhasachphuongnam.com/products/toan-cau-tien-hoa-tap-1-tai-ban-nam-2025                                                                      , Phuong Nam
Tỏ Tình (Bộ 2 tập) (Ưng Chanh)                                                                                            , NXB Lao Động Xã Hội                                                   , Còn hàng  , "331,550₫"  , "349,000₫"  , https://nhasachphuongnam.com/products/to-tinh-bo-2-tap-ung-chanh                                                                                    , Phuong Nam
Tổ Tiên Của Chúng Ta                                                                                                      , NXB Văn Học                                                           , Còn hàng  , "223,250₫"  , "235,000₫"  , https://nhasachphuongnam.com/products/to-tien-cua-chung-ta                                                                                          , Phuong Nam
Tố Thư                                                                                                                    , NXB Công Thương                                                       , Còn hàng  , "380,000₫"  , "400,000₫"  , https://nhasachphuongnam.com/products/to-thu                                                                                                        , Phuong Nam
Tơ Mảnh                                                                                                                   , NXB Phụ Nữ Việt Nam                                                   , Còn hàng  , "151,050₫"  , "159,000₫"  , https://nhasachphuongnam.com/products/to-manh                                                                                                       , Phuong Nam
Tình Yêu Vẫn Cháy Trong Đống Tro Tàn                                                                                      , NXB Văn Học                                                           , Còn hàng  , "99,750₫"   , "105,000₫"  , https://nhasachphuongnam.com/products/tinh-yeu-van-chay-trong-dong-tro-tan                                                                          , Phuong Nam
Tình Yêu Đau Dạ Dày                                                                                                       , NXB Hà Nội                                                            , Còn hàng  , "236,550₫"  , "249,000₫"  , https://nhasachphuongnam.com/products/tinh-yeu-dau-da-day                                                                                           , Phuong Nam
Tình Yêu Cuồng Nhiệt Sau Khi Kết Hôn                                                                                      , NXB Hà Nội                                                            , Còn hàng  , "122,550₫"  , "129,000₫"  , https://nhasachphuongnam.com/products/tinh-yeu-cuong-nhiet-sau-khi-ket-hon                                                                          , Phuong Nam
"Tỉnh Giấc Tan Mộng, Người Bên Gối Đã Không Còn"                                                                          , NXB Văn Học                                                           , Còn hàng  , "118,750₫"  , "125,000₫"  , https://nhasachphuongnam.com/products/tinh-giac-tan-mong-nguoi-ben-goi-da-khong-con                                                                 , Phuong Nam
Tìm Trà                                                                                                                   , NXB Hội Nhà Văn                                                       , Còn hàng  , "273,600₫"  , "288,000₫"  , https://nhasachphuongnam.com/products/tim-tra                                                                                                       , Phuong Nam
Tìm Mình Giữa Từng Lớp Đau Thương                                                                                         , NXB Lao Động Xã Hội                                                   , Còn hàng  , "99,750₫"   , "105,000₫"  , https://nhasachphuongnam.com/products/tim-minh-giua-tung-lop-dau-thuong                                                                             , Phuong Nam
Tìm Lại Chính Mình Trong Lưng Chừng Ký Ức                                                                                 , NXB Văn Học                                                           , Còn hàng  , "109,250₫"  , "115,000₫"  , https://nhasachphuongnam.com/products/tim-lai-chinh-minh-trong-lung-chung-ky-uc                                                                     , Phuong Nam
Tiểu Luận Về Nghệ Thuật An Nam                                                                                            , NXB Thế Giới                                                          , Còn hàng  , "114,000₫"  , "120,000₫"  , https://nhasachphuongnam.com/products/tieu-luan-ve-nghe-thuat-an-nam                                                                                , Phuong Nam
Tiếng Việt Giàu Đẹp - Tình Ca Tiếng Nước Ta                                                                               , NXB Trẻ                                                               , Còn hàng  , "137,750₫"  , "145,000₫"  , https://nhasachphuongnam.com/products/tieng-viet-giau-dep-tinh-ca-tieng-nuoc-ta                                                                     , Phuong Nam
Tiếng Việt Cắc Cớ Cũng Cứng Cựa                                                                                           , NXB Tổng Hợp TP.HCM                                                   , Còn hàng  , "152,000₫"  , "160,000₫"  , https://nhasachphuongnam.com/products/tieng-viet-cac-co-cung-cung-cua                                                                               , Phuong Nam
Tiếng Việt Ân Tình - Tập 2                                                                                                , NXB Thế Giới                                                          , Còn hàng  , "170,050₫"  , "179,000₫"  , https://nhasachphuongnam.com/products/tieng-viet-an-tinh-tap-2                                                                                      , Phuong Nam
Tiếng Việt Ân Tình                                                                                                        , NXB Thế Giới                                                          , Còn hàng  , "160,550₫"  , "169,000₫"  , https://nhasachphuongnam.com/products/tieng-viet-an-tinh                                                                                            , Phuong Nam
"Tiếng Nói Nam Kỳ Cũ: Địa Danh, Nhơn Danh, Thổ Ngữ"                                                                       , NXB Trẻ                                                               , Còn hàng  , "266,000₫"  , "280,000₫"  , https://nhasachphuongnam.com/products/tieng-noi-nam-ky-cu-dia-danh-nhon-danh-tho-ngu                                                                , Phuong Nam
Mùa Hè Rực Rỡ Của Chúng Ta                                                                                                , NXB Báo Tiền Phong                                                    , Còn hàng  , "94,050₫"   , "99,000₫"   , https://nhasachphuongnam.com/products/mua-he-ruc-ro-cua-chung-ta                                                                                    , Phuong Nam
Mùa Hè Năm Petrus (Tái bản năm 2020)                                                                                      , NXB Trẻ                                                               , Còn hàng  , "142,500₫"  , "150,000₫"  , https://nhasachphuongnam.com/products/mua-he-nam-petrus-tai-ban-nam-2020                                                                            , Phuong Nam
Tiếng Gọi Nơi Hoang Dã (Song ngữ Việt-Anh)                                                                                , NXB Dân Trí                                                           , Còn hàng  , "75,050₫"   , "79,000₫"   , https://nhasachphuongnam.com/products/tieng-goi-noi-hoang-da-song-ngu-viet-anh                                                                      , Phuong Nam
Tiếng Gọi Của Hoang Dã (Sách Tân Việt)                                                                                    , NXB Văn Học                                                           , Còn hàng  , "71,250₫"   , "75,000₫"   , https://nhasachphuongnam.com/products/tieng-goi-cua-hoang-da-sach-tan-viet                                                                          , Phuong Nam
Tiếng Gọi Của Hoang Dã (Minh Long Book)                                                                                   , NXB Văn Học                                                           , Còn hàng  , "45,600₫"   , "48,000₫"   , https://nhasachphuongnam.com/products/tieng-goi-cua-hoang-da-minh-long-book                                                                         , Phuong Nam
Tiếng Chợ (Tản văn Lê Thiết Cương)                                                                                        , NXB Trẻ                                                               , Còn hàng  , "118,750₫"  , "125,000₫"  , https://nhasachphuongnam.com/products/tieng-cho-tan-van-le-thiet-cuong                                                                              , Phuong Nam
Tiến Về Phía Nhau - Tập 2                                                                                                 , NXB Dân Trí                                                           , Còn hàng  , "170,050₫"  , "179,000₫"  , https://nhasachphuongnam.com/products/tien-ve-phia-nhau-tap-2                                                                                       , Phuong Nam
Tiền Bẩn Và Ngụy Khoa Học                                                                                                 , NXB Thông Tấn                                                         , Còn hàng  , "198,550₫"  , "209,000₫"  , https://nhasachphuongnam.com/products/tien-ban-va-nguy-khoa-hoc                                                                                     , Phuong Nam
Tiệm Tạp Hóa Tuổi Thơ Đang Lớn                                                                                            , NXB Văn Học                                                           , Còn hàng  , "114,000₫"  , "120,000₫"  , https://nhasachphuongnam.com/products/tiem-tap-hoa-tuoi-tho-dang-lon                                                                                , Phuong Nam
"Tiệm Sách Của Nàng (Bìa mềm) (Tặng kèm 1 bookmark photostrip & 1 sổ tay ""Tiệm sách của nàng"")"                         , NXB Trẻ                                                               , Còn hàng  , "118,750₫"  , "125,000₫"  , https://nhasachphuongnam.com/products/tiem-sach-cua-nang-bia-mem-tang-kem-1-bookmark-photostrip-1-so-tay-tiem-sach-cua-nang                         , Phuong Nam
"Tiệm Sách Của Nàng (Bản đặc biệt - Bìa cứng) (Tặng kèm 1 bookmark photostrip & 1 sổ tay ""Tiệm sách của nàng"")"         , NXB Trẻ                                                               , Còn hàng  , "213,750₫"  , "225,000₫"  , https://nhasachphuongnam.com/products/tiem-sach-cua-nang-ban-dac-biet-bia-cung-tang-kem-1-bookmark-photostrip-1-so-tay-tiem-sach-cua-nang           , Phuong Nam
Tiệm Mua Bán Những Chuyện Ma Quái                                                                                         , NXB Hà Nội                                                            , Còn hàng  , "102,600₫"  , "108,000₫"  , https://nhasachphuongnam.com/products/tiem-mua-ban-nhung-chuyen-ma-quai                                                                             , Phuong Nam
Tiệm Bánh Tang Lễ Luyện Ngục Đường - Tập 2                                                                                , NXB Văn Học                                                           , Còn hàng  , "147,250₫"  , "155,000₫"  , https://nhasachphuongnam.com/products/tiem-banh-tang-le-luyen-nguc-duong-tap-2                                                                      , Phuong Nam
Tiệm Bánh Tang Lễ Luyện Ngục Đường - Tập 1                                                                                , NXB Văn Học                                                           , Còn hàng  , "137,750₫"  , "145,000₫"  , https://nhasachphuongnam.com/products/tiem-banh-tang-le-luyen-nguc-duong-tap-1                                                                      , Phuong Nam
Tiệm Bánh Chuối Hạnh Phúc                                                                                                 , NXB Hà Nội                                                            , Còn hàng  , "114,000₫"  , "120,000₫"  , https://nhasachphuongnam.com/products/tiem-banh-chuoi-hanh-phuc                                                                                     , Phuong Nam
Ti Nam 2 - Kẻ Hai Mặt                                                                                                     , NXB Hà Nội                                                            , Còn hàng  , "304,000₫"  , "320,000₫"  , https://nhasachphuongnam.com/products/ti-nam-2-ke-hai-mat                                                                                           , Phuong Nam
Ti Nam - Nữ Hải Tặc                                                                                                       , NXB Hà Nội                                                            , Còn hàng  , "266,000₫"  , "280,000₫"  , https://nhasachphuongnam.com/products/ti-nam-nu-hai-tac                                                                                             , Phuong Nam
Thuyền (Nguyễn Đức Tùng)                                                                                                  , NXB Phụ Nữ Việt Nam                                                   , Còn hàng  , "121,600₫"  , "128,000₫"  , https://nhasachphuongnam.com/products/thuyen-nguyen-duc-tung                                                                                        , Phuong Nam
Thương Tiến Tửu - Tập 3                                                                                                   , NXB Hà Nội                                                            , Còn hàng  , "160,550₫"  , "169,000₫"  , https://nhasachphuongnam.com/products/thuong-tien-tuu-tap-3                                                                                         , Phuong Nam
Thương Tiến Tửu - Tập 2                                                                                                   , NXB Hà Nội                                                            , Còn hàng  , "160,550₫"  , "169,000₫"  , https://nhasachphuongnam.com/products/thuong-tien-tuu-tap-2                                                                                         , Phuong Nam
Thương Tiến Tửu - Tập 1                                                                                                   , NXB Hà Nội                                                            , Còn hàng  , "160,550₫"  , "169,000₫"  , https://nhasachphuongnam.com/products/thuong-tien-tuu-tap-1                                                                                         , Phuong Nam
Thương Nhớ Tình Thi                                                                                                       , NXB Dân Trí                                                           , Còn hàng  , "227,050₫"  , "239,000₫"  , https://nhasachphuongnam.com/products/thuong-nho-tinh-thi                                                                                           , Phuong Nam
Thương Một Người Đã Có Người Thương                                                                                       , NXB Văn Học                                                           , Còn hàng  , "84,550₫"   , "89,000₫"   , https://nhasachphuongnam.com/products/thuong-mot-nguoi-da-co-nguoi-thuong                                                                           , Phuong Nam
Thương Hoài Ngàn Năm                                                                                                      , NXB Hội Nhà Văn                                                       , Còn hàng  , "81,700₫"   , "86,000₫"   , https://nhasachphuongnam.com/products/thuong-hoai-ngan-nam                                                                                          , Phuong Nam
Thương Gửi Thế Gian                                                                                                       , NXB Phụ Nữ Việt Nam                                                   , Còn hàng  , "118,750₫"  , "125,000₫"  , https://nhasachphuongnam.com/products/thuong-gui-the-gian                                                                                           , Phuong Nam
Thuần Thú Sư Ở Dị Giới - Tập 4                                                                                            , NXB Thế Giới                                                          , Còn hàng  , "151,050₫"  , "159,000₫"  , https://nhasachphuongnam.com/products/thuan-thu-su-o-di-gioi-tap-4                                                                                  , Phuong Nam
Thưa Ngoại Con Mới Về                                                                                                     , NXB Dân Trí                                                           , Còn hàng  , "99,750₫"   , "105,000₫"  , https://nhasachphuongnam.com/products/thua-ngoai-con-moi-ve                                                                                         , Phuong Nam
Thu Trắng 4                                                                                                               , NXB Hội Nhà Văn                                                       , Còn hàng  , "159,600₫"  , "168,000₫"  , https://nhasachphuongnam.com/products/thu-trang-4                                                                                                   , Phuong Nam
Thư Tình Hoàng Tử Bé                                                                                                      , NXB Thanh Niên                                                        , Còn hàng  , "99,750₫"   , "105,000₫"  , https://nhasachphuongnam.com/products/thu-tinh-hoang-tu-be                                                                                          , Phuong Nam
Thú Chơi Sách                                                                                                             , NXB Trẻ                                                               , Còn hàng  , "161,500₫"  , "170,000₫"  , https://nhasachphuongnam.com/products/thu-choi-sach                                                                                                 , Phuong Nam
Thư Cho Em (Chuyện tình tướng Hoàng Đan và vợ qua lời kể con trai)                                                        , NXB Hội Nhà Văn                                                       , Còn hàng  , "133,000₫"  , "140,000₫"  , https://nhasachphuongnam.com/products/thu-cho-em-chuyen-tinh-tuong-hoang-dan-va-vo-qua-loi-ke-con-trai                                              , Phuong Nam
Thời Thơ Ấu (Song ngữ Việt-Anh)                                                                                           , NXB Dân Trí                                                           , Còn hàng  , "103,550₫"  , "109,000₫"  , https://nhasachphuongnam.com/products/thoi-tho-au-song-ngu-viet-anh                                                                                 , Phuong Nam
Thời Niên Thiếu Của Pháp Y Tống Từ - Quyển Thượng                                                                         , NXB Hội Nhà Văn                                                       , Còn hàng  , "189,050₫"  , "199,000₫"  , https://nhasachphuongnam.com/products/thoi-nien-thieu-cua-phap-y-tong-tu-quyen-thuong                                                               , Phuong Nam
Thời Niên Thiếu Của Pháp Y Tống Từ - Quyển Hạ                                                                             , NXB Hội Nhà Văn                                                       , Còn hàng  , "189,050₫"  , "199,000₫"  , https://nhasachphuongnam.com/products/thoi-nien-thieu-cua-phap-y-tong-tu-quyen-ha                                                                   , Phuong Nam
Thời Khắc Còn Lại                                                                                                         , NXB Trẻ                                                               , Còn hàng  , "147,250₫"  , "155,000₫"  , https://nhasachphuongnam.com/products/thoi-khac-con-lai                                                                                             , Phuong Nam
Thời Đại Trăm Tuổi - Khuyến Khích Me-byo: Sự Chuẩn Bị Cho Xã Hội Siêu Già Hóa                                             , NXB Dân Trí                                                           , Còn hàng  , "142,500₫"  , "150,000₫"  , https://nhasachphuongnam.com/products/thoi-dai-tram-tuoi-khuyen-khich-me-byo-su-chuan-bi-cho-xa-hoi-sieu-gia-hoa                                    , Phuong Nam
Thời Ái Thấm Bi Lệ (Trọn bộ 2 tập)                                                                                        , NXB Lao Động Xã Hội                                                   , Còn hàng  , "356,250₫"  , "375,000₫"  , https://nhasachphuongnam.com/products/thoi-ai-tham-bi-le-tron-bo-2-tap                                                                              , Phuong Nam
Thời Ái Thấm Bi Lệ - Tập 2                                                                                                , NXB Lao Động Xã Hội                                                   , Còn hàng  , "170,050₫"  , "179,000₫"  , https://nhasachphuongnam.com/products/thoi-ai-tham-bi-le-tap-2                                                                                      , Phuong Nam
Thời Ái Thấm Bi Lệ - Tập 1                                                                                                , NXB Lao Động Xã Hội                                                   , Còn hàng  , "175,750₫"  , "185,000₫"  , https://nhasachphuongnam.com/products/thoi-ai-tham-bi-le-tap-1                                                                                      , Phuong Nam
Thơ Xuân Quỳnh (Tái bản năm 2024)                                                                                         , NXB Văn Học                                                           , Còn hàng  , "39,900₫"   , "42,000₫"   , https://nhasachphuongnam.com/products/tho-xuan-quynh-tai-ban-nam-2024                                                                               , Phuong Nam
Thơ Tố Hữu (Tái bản năm 2024) (Sách Huy Hoàng)                                                                            , NXB Văn Học                                                           , Còn hàng  , "52,250₫"   , "55,000₫"   , https://nhasachphuongnam.com/products/tho-to-huu-tai-ban-nam-2024-sach-huy-hoang                                                                    , Phuong Nam
Thơ Cho Thiếu Nhi (Tái bản năm 2024)                                                                                      , NXB Văn Học                                                           , Còn hàng  , "74,100₫"   , "78,000₫"   , https://nhasachphuongnam.com/products/tho-cho-thieu-nhi-tai-ban-nam-2024                                                                            , Phuong Nam
Thơ Cho Những Trái Tim Tan Vỡ                                                                                             , NXB Thế Giới                                                          , Còn hàng  , "103,550₫"  , "109,000₫"  , https://nhasachphuongnam.com/products/tho-cho-nhung-trai-tim-tan-vo                                                                                 , Phuong Nam
Thiên Thần Nổi Giận (Tái bản năm 2025)                                                                                    , NXB Văn Học                                                           , Còn hàng  , "209,000₫"  , "220,000₫"  , https://nhasachphuongnam.com/products/thien-than-noi-gian-tai-ban-nam-2025                                                                          , Phuong Nam
Thích Một Người Chính Là...                                                                                               , NXB Thế Giới                                                          , Còn hàng  , "103,550₫"  , "109,000₫"  , https://nhasachphuongnam.com/products/thich-mot-nguoi-chinh-la                                                                                      , Phuong Nam
Thi Thể Trong Thư Viện                                                                                                    , NXB Trẻ                                                               , Còn hàng  , "104,500₫"  , "110,000₫"  , https://nhasachphuongnam.com/products/thi-the-trong-thu-vien                                                                                        , Phuong Nam
Thì Ra Đừng Buồn Nữa Cũng Là Một Lựa Chọn                                                                                 , NXB Văn Học                                                           , Còn hàng  , "122,550₫"  , "129,000₫"  , https://nhasachphuongnam.com/products/thi-ra-dung-buon-nua-cung-la-mot-lua-chon                                                                     , Phuong Nam
Thị Lộ Chính Danh                                                                                                         , NXB Hội Nhà Văn                                                       , Còn hàng  , "224,200₫"  , "236,000₫"  , https://nhasachphuongnam.com/products/thi-lo-chinh-danh                                                                                             , Phuong Nam
Thép Đã Tôi Thế Đấy (Tái bản năm 2023)                                                                                    , NXB Văn Học                                                           , Còn hàng  , "132,050₫"  , "139,000₫"  , https://nhasachphuongnam.com/products/thep-da-toi-the-day-tai-ban-nam-2023                                                                          , Phuong Nam
Theo Dõi Thu Chi Làm Chủ Tiền Bạc (Sổ tay)                                                                                , NXB Dân Trí                                                           , Còn hàng  , "84,550₫"   , "89,000₫"   , https://nhasachphuongnam.com/products/theo-doi-thu-chi-lam-chu-tien-bac-so-tay                                                                      , Phuong Nam
Theo Dấu Hoàng Hậu Nam Phương Và Vua Bảo Đại                                                                              , NXB Phụ Nữ Việt Nam                                                   , Còn hàng  , "175,750₫"  , "185,000₫"  , https://nhasachphuongnam.com/products/theo-dau-hoang-hau-nam-phuong-va-vua-bao-dai                                                                  , Phuong Nam
Thế Thân                                                                                                                  , NXB Dân Trí                                                           , Còn hàng  , "151,050₫"  , "159,000₫"  , https://nhasachphuongnam.com/products/the-than                                                                                                      , Phuong Nam
The Surgeon - Gã Đồ Tể                                                                                                    , NXB Công Thương                                                       , Còn hàng  , "227,050₫"  , "239,000₫"  , https://nhasachphuongnam.com/products/the-surgeon-ga-do-te                                                                                          , Phuong Nam
Mình Sẽ Đi Cuối Đất Cùng Trời                                                                                             , NXB Phụ Nữ Việt Nam                                                   , Còn hàng  , "93,100₫"   , "98,000₫"   , https://nhasachphuongnam.com/products/minh-se-di-cuoi-dat-cung-troi                                                                                 , Phuong Nam
The Origin Of Species - Nguồn Gốc Các Loài - Tập 2                                                                        , NXB Hà Nội                                                            , Còn hàng  , "170,050₫"  , "179,000₫"  , https://nhasachphuongnam.com/products/the-origin-of-species-nguon-goc-cac-loai-tap-2                                                                , Phuong Nam
The Origin Of Species - Nguồn Gốc Các Loài - Tập 1                                                                        , NXB Hà Nội                                                            , Còn hàng  , "170,050₫"  , "179,000₫"  , https://nhasachphuongnam.com/products/the-origin-of-species-nguon-goc-cac-loai-tap-1                                                                , Phuong Nam
Mỉm Cười Cho Qua (Tái bản năm 2020)                                                                                       , NXB Văn Học                                                           , Còn hàng  , "65,550₫"   , "69,000₫"   , https://nhasachphuongnam.com/products/mim-cuoi-cho-qua-tai-ban-nam-2020                                                                             , Phuong Nam
Thế Kỷ 21 Sống Cùng A.I: Thịnh Vượng Hay Hiểm Họa?                                                                        , NXB Dân Trí                                                           , Còn hàng  , "113,050₫"  , "119,000₫"  , https://nhasachphuongnam.com/products/the-ky-21-song-cung-a-i-thinh-vuong-hay-hiem-hoa                                                              , Phuong Nam
The Journey Into Summer - Chưa Kịp Lớn Đã Phải Trưởng Thành - Quyển 2: Phiên Bản Mùa Hè (Song ngữ Anh-Việt)               , NXB Dân Trí                                                           , Còn hàng  , "75,050₫"   , "79,000₫"   , https://nhasachphuongnam.com/products/the-journey-into-summer-chua-kip-lon-da-phai-truong-thanh-quyen-2-phien-ban-mua-he-song-ngu-anh-viet          , Phuong Nam
The Journey Into Summer - Chưa Kịp Lớn Đã Phải Trưởng Thành - Quyển 2 - Phiên Bản Mùa Hè                                  , Công ty Cổ Phần Time Books                                            , Còn hàng  , "75,050₫"   , "79,000₫"   , https://nhasachphuongnam.com/products/the-journey-into-summer-chua-kip-lon-da-phai-truong-thanh-quyen-2-phien-ban-mua-he                            , Phuong Nam
Thế Giới Qua Đôi Mắt Cá Của Cô Ấy (Tái bản năm 2025)                                                                      , NXB Thế Giới                                                          , Còn hàng  , "113,050₫"  , "119,000₫"  , https://nhasachphuongnam.com/products/the-gioi-qua-doi-mat-ca-cua-co-ay-tai-ban-nam-2025                                                            , Phuong Nam
Thế Giới Otome Game Thật Khắc Nghiệt Với Nhân Vật Quần Chúng - Tập 9                                                      , NXB Thế Giới                                                          , Còn hàng  , "132,050₫"  , "139,000₫"  , https://nhasachphuongnam.com/products/the-gioi-otome-game-that-khac-nghiet-voi-nhan-vat-quan-chung-tap-9                                            , Phuong Nam
Thế Giới Otome Game Thật Khắc Nghiệt Với Nhân Vật Quần Chúng - Tập 7                                                      , NXB Thế Giới                                                          , Còn hàng  , "132,050₫"  , "139,000₫"  , https://nhasachphuongnam.com/products/the-gioi-otome-game-that-khac-nghiet-voi-nhan-vat-quan-chung-tap-7                                            , Phuong Nam
Thế Giới Otome Game Thật Khắc Nghiệt Với Nhân Vật Quần Chúng - Tập 13                                                     , NXB Thế Giới                                                          , Còn hàng  , "151,050₫"  , "159,000₫"  , https://nhasachphuongnam.com/products/the-gioi-otome-game-that-khac-nghiet-voi-nhan-vat-quan-chung-tap-13                                           , Phuong Nam
Thế Giới Otome Game Thật Khắc Nghiệt Với Nhân Vật Quần Chúng - Tập 12                                                     , NXB Thế Giới                                                          , Còn hàng  , "132,050₫"  , "139,000₫"  , https://nhasachphuongnam.com/products/the-gioi-otome-game-that-khac-nghiet-voi-nhan-vat-quan-chung-tap-12                                           , Phuong Nam
"Thế Giới Mong Cậu Lớn, Tớ Mong Cậu Bình An"                                                                              , NXB Dân Trí                                                           , Còn hàng  , "151,050₫"  , "159,000₫"  , https://nhasachphuongnam.com/products/the-gioi-mong-cau-lon-to-mong-cau-binh-an                                                                     , Phuong Nam
Thế Giới Luôn Có Chỗ Cho Chúng Mình                                                                                       , NXB Phụ Nữ Việt Nam                                                   , Còn hàng  , "90,250₫"   , "95,000₫"   , https://nhasachphuongnam.com/products/the-gioi-luon-co-cho-cho-chung-minh                                                                           , Phuong Nam
Thế Giới Không Hồi Kết                                                                                                    , NXB Thông Tấn                                                         , Còn hàng  , "285,000₫"  , "300,000₫"  , https://nhasachphuongnam.com/products/the-gioi-khong-hoi-ket                                                                                        , Phuong Nam
Thế Gian Dài Hơn Bước Chân Người                                                                                          , NXB Dân Trí                                                           , Còn hàng  , "140,600₫"  , "148,000₫"  , https://nhasachphuongnam.com/products/the-gian-dai-hon-buoc-chan-nguoi                                                                              , Phuong Nam
Mẹ Teresa: Trên Cả Tình Yêu (Tái bản năm 2021)                                                                            , NXB Thanh Niên                                                        , Còn hàng  , "83,600₫"   , "88,000₫"   , https://nhasachphuongnam.com/products/me-teresa-tren-ca-tinh-yeu-tai-ban-nam-2021                                                                   , Phuong Nam
Thầy Sờ Cốt - Tập 2                                                                                                       , NXB Dân Trí                                                           , Còn hàng  , "180,500₫"  , "190,000₫"  , https://nhasachphuongnam.com/products/thay-so-cot-tap-2                                                                                             , Phuong Nam
Thầy Sờ Cốt - Tập 1                                                                                                       , NXB Dân Trí                                                           , Còn hàng  , "180,500₫"  , "190,000₫"  , https://nhasachphuongnam.com/products/thay-so-cot-tap-1                                                                                             , Phuong Nam
Thầy Cúng Kể Chuyện Trừ Tà - Tổng Hợp 100 Câu Chuyện Ma Quái                                                              , NXB Thế Giới                                                          , Còn hàng  , "151,050₫"  , "159,000₫"  , https://nhasachphuongnam.com/products/thay-cung-ke-chuyen-tru-ta-tong-hop-100-cau-chuyen-ma-quai                                                    , Phuong Nam
Thất Lạc Cõi Người (Tái bản lần 9) (Bìa cứng)                                                                             , Phương Nam Book                                                       , Còn hàng  , "125,300₫"  , "179,000₫"  , https://nhasachphuongnam.com/products/that-lac-coi-nguoi-tbl9-bc                                                                                    , Phuong Nam
Thất Lạc Cõi Người (Tái bản năm 2024)                                                                                     , NXB Hội Nhà Văn                                                       , Còn hàng  , "83,300₫"   , "119,000₫"  , https://nhasachphuongnam.com/products/that-lac-coi-nguoi-tai-ban-nam-2024                                                                           , Phuong Nam
Thất Lạc Cõi Người (Tái bản năm 2023) (Bìa mềm)                                                                           , NXB Hội Nhà Văn                                                       , Còn hàng  , "83,300₫"   , "119,000₫"  , https://nhasachphuongnam.com/products/that-lac-coi-nguoi-tai-ban-nam-2023-bia-mem                                                                   , Phuong Nam
Thành Thật                                                                                                                , NXB Hà Nội                                                            , Còn hàng  , "132,050₫"  , "139,000₫"  , https://nhasachphuongnam.com/products/thanh-that                                                                                                    , Phuong Nam
Thành Phố Thiếu Một Bữa Cơm Nhà                                                                                           , NXB Thế Giới                                                          , Còn hàng  , "78,850₫"   , "83,000₫"   , https://nhasachphuongnam.com/products/thanh-pho-thieu-mot-bua-com-nha                                                                               , Phuong Nam
"Thành Phố Đông Đúc, Đâu Là Chỗ Cho Mình?"                                                                                , NXB Văn Học                                                           , Còn hàng  , "91,200₫"   , "96,000₫"   , https://nhasachphuongnam.com/products/thanh-pho-dong-duc-dau-la-cho-cho-minh                                                                        , Phuong Nam
"Thành Ngữ, Tục Ngữ, Ca Dao, Dân Ca Việt Nam (Tái bản năm 2023)"                                                          , NXB Văn Học                                                           , Còn hàng  , "94,050₫"   , "99,000₫"   , https://nhasachphuongnam.com/products/thanh-ngu-tuc-ngu-ca-dao-dan-ca-viet-nam-tai-ban-nam-2023                                                     , Phuong Nam
Thành Lũy Của Kỳ Quan Thứ 8                                                                                               , Công ty TNHH Sách Và Truyền Thông Việt Nam                            , Còn hàng  , "83,600₫"   , "88,000₫"   , https://nhasachphuongnam.com/products/thanh-luy-cua-ky-quan-thu-8                                                                                   , Phuong Nam
Tháng 7 (Sách AZ Books)                                                                                                   , NXB Hà Nội                                                            , Còn hàng  , "160,550₫"  , "169,000₫"  , https://nhasachphuongnam.com/products/thang-7-sach-az-books                                                                                         , Phuong Nam
Tháng 12 - Tập 2                                                                                                          , NXB Hà Nội                                                            , Còn hàng  , "150,100₫"  , "158,000₫"  , https://nhasachphuongnam.com/products/thang-12-tap-2                                                                                                , Phuong Nam
Tháng 12 - Tập 1                                                                                                          , NXB Hà Nội                                                            , Còn hàng  , "150,100₫"  , "158,000₫"  , https://nhasachphuongnam.com/products/thang-12-tap-1                                                                                                , Phuong Nam
Thần Thoại Hy Lạp (Tái bản năm 2023)                                                                                      , NXB Văn Học                                                           , Còn hàng  , "280,250₫"  , "295,000₫"  , https://nhasachphuongnam.com/products/than-thoai-hy-lap-tai-ban-nam-2023                                                                            , Phuong Nam
Thần Thoại Bắc Âu (Tái bản năm 2024)                                                                                      , NXB Văn Học                                                           , Còn hàng  , "122,550₫"  , "129,000₫"  , https://nhasachphuongnam.com/products/than-thoai-bac-au-tai-ban-nam-2024                                                                            , Phuong Nam
Thân Em (Hồi ký Emily Ratajkowski)                                                                                        , NXB Phụ Nữ Việt Nam                                                   , Còn hàng  , "142,500₫"  , "150,000₫"  , https://nhasachphuongnam.com/products/than-em-hoi-ky-emily-ratajkowski                                                                              , Phuong Nam
Than Đỏ Dưới Tro Tàn                                                                                                      , NXB Hội Nhà Văn                                                       , Còn hàng  , "197,600₫"  , "208,000₫"  , https://nhasachphuongnam.com/products/than-do-duoi-tro-tan                                                                                          , Phuong Nam
Thầm Yêu Ánh Dương Rực Rỡ - Tập 2                                                                                         , NXB Dân Trí                                                           , Còn hàng  , "189,050₫"  , "199,000₫"  , https://nhasachphuongnam.com/products/tham-yeu-anh-duong-ruc-ro-tap-2                                                                               , Phuong Nam
Thầm Yêu Ánh Dương Rực Rỡ - Tập 1                                                                                         , NXB Dân Trí                                                           , Còn hàng  , "189,050₫"  , "199,000₫"  , https://nhasachphuongnam.com/products/tham-yeu-anh-duong-ruc-ro-tap-1                                                                               , Phuong Nam
Tham Vọng                                                                                                                 , NXB Hà Nội                                                            , Còn hàng  , "151,050₫"  , "159,000₫"  , https://nhasachphuongnam.com/products/tham-vong                                                                                                     , Phuong Nam
Thám Tử Sherlock Holmes (Bộ 3 tập) (Sách Trí Việt)                                                                        , NXB Văn Học                                                           , Còn hàng  , "408,500₫"  , "430,000₫"  , https://nhasachphuongnam.com/products/tham-tu-sherlock-holmes-bo-3-tap-sach-tri-viet                                                                , Phuong Nam
Thám Tử Ghế Bành                                                                                                          , NXB Thế Giới                                                          , Còn hàng  , "94,050₫"   , "99,000₫"   , https://nhasachphuongnam.com/products/tham-tu-ghe-banh                                                                                              , Phuong Nam
Thảm Họa Tuyết Trắng (Higashino Keigo)                                                                                    , NXB Hà Nội                                                            , Còn hàng  , "175,750₫"  , "185,000₫"  , https://nhasachphuongnam.com/products/tham-hoa-tuyet-trang-higashino-keigo                                                                          , Phuong Nam
Thảm Án Ma-nơ-canh                                                                                                        , NXB Lao Động Xã Hội                                                   , Còn hàng  , "122,550₫"  , "129,000₫"  , https://nhasachphuongnam.com/products/tham-an-ma-no-canh                                                                                            , Phuong Nam
Thái Hồng - Có Em Trong Đời                                                                                               , NXB Văn Học                                                           , Còn hàng  , "194,750₫"  , "205,000₫"  , https://nhasachphuongnam.com/products/thai-hong-co-em-trong-doi                                                                                     , Phuong Nam
"Thái Bình Dương, Đại Tây Dương"                                                                                          , NXB Lao Động Xã Hội                                                   , Còn hàng  , "161,500₫"  , "170,000₫"  , https://nhasachphuongnam.com/products/thai-binh-duong-dai-tay-duong                                                                                 , Phuong Nam
Thái Bạch Kim Tinh Đang Phiền Muộn                                                                                        , NXB Văn Học                                                           , Còn hàng  , "170,050₫"  , "179,000₫"  , https://nhasachphuongnam.com/products/thai-bach-kim-tinh-dang-phien-muon                                                                            , Phuong Nam
Tết Ở Làng Địa Ngục (Bản đặc biệt)                                                                                        , NXB Thanh Niên                                                        , Còn hàng  , "293,550₫"  , "309,000₫"  , https://nhasachphuongnam.com/products/tet-o-lang-dia-nguc-ban-dac-biet                                                                              , Phuong Nam
Tên Của Cô Ấy                                                                                                             , NXB Dân Trí                                                           , Còn hàng  , "175,750₫"  , "185,000₫"  , https://nhasachphuongnam.com/products/ten-cua-co-ay                                                                                                 , Phuong Nam
Tật Xấu Người Việt                                                                                                        , NXB Hội Nhà Văn                                                       , Còn hàng  , "141,550₫"  , "149,000₫"  , https://nhasachphuongnam.com/products/tat-xau-nguoi-viet                                                                                            , Phuong Nam
Tắt Đèn Nghe Chuyện Cõi Âm                                                                                                , NXB Dân Trí                                                           , Còn hàng  , "94,050₫"   , "99,000₫"   , https://nhasachphuongnam.com/products/tat-den-nghe-chuyen-coi-am                                                                                    , Phuong Nam
Tắt Đèn (Tái bản năm 2023) (Sách Đinh Tị)                                                                                 , NXB Văn Học                                                           , Còn hàng  , "52,250₫"   , "55,000₫"   , https://nhasachphuongnam.com/products/tat-den-tai-ban-nam-2023-sach-dinh-ti                                                                         , Phuong Nam
Madam Nhu Trần Lệ Xuân - Quyền Lực Bà Rồng (Tái bản năm 2021)                                                             , NXB Hội Nhà Văn                                                       , Còn hàng  , "111,000₫"  , "185,000₫"  , https://nhasachphuongnam.com/products/madam-nhu-tran-le-xuan-quyen-luc-ba-rong-tai-ban-nam-2021                                                     , Phuong Nam
Tạp Bút Năm Quí Dậu 1993 (Di cảo Vương Hồng Sển)                                                                          , NXB Trẻ                                                               , Còn hàng  , "256,500₫"  , "270,000₫"  , https://nhasachphuongnam.com/products/tap-but-nam-qui-dau-1993-di-cao-vuong-hong-sen                                                                , Phuong Nam
"Tặng Người, Người Ấy Em Thương"                                                                                          , NXB Thanh Niên                                                        , Còn hàng  , "65,550₫"   , "69,000₫"   , https://nhasachphuongnam.com/products/tang-nguoi-nguoi-ay-em-thuong                                                                                 , Phuong Nam
Tan Học Đợi Tôi - Tập 1                                                                                                   , NXB Dân Trí                                                           , Còn hàng  , "198,550₫"  , "209,000₫"  , https://nhasachphuongnam.com/products/tan-hoc-doi-toi-tap-1                                                                                         , Phuong Nam
Tạm Thời Cứ Vậy Đã                                                                                                        , NXB Hội Nhà Văn                                                       , Còn hàng  , "180,500₫"  , "190,000₫"  , https://nhasachphuongnam.com/products/tam-thoi-cu-vay-da                                                                                            , Phuong Nam
Tam Tai                                                                                                                   , NXB Hội Nhà Văn                                                       , Còn hàng  , "140,600₫"  , "148,000₫"  , https://nhasachphuongnam.com/products/tam-tai                                                                                                       , Phuong Nam
Tam Quốc Lầy Lội Diễn Nghĩa - Tập 2                                                                                       , NXB Hội Nhà Văn                                                       , Còn hàng  , "176,700₫"  , "186,000₫"  , https://nhasachphuongnam.com/products/tam-quoc-lay-loi-dien-nghia-tap-2                                                                             , Phuong Nam
Tâm Lý Học Biến Thái - Những Kẻ Thái Nhân Cách                                                                            , NXB Hồng Đức                                                          , Còn hàng  , "141,550₫"  , "149,000₫"  , https://nhasachphuongnam.com/products/tam-ly-hoc-bien-thai-nhung-ke-thai-nhan-cach                                                                  , Phuong Nam
Tâm Lý Học Biến Thái - Những Kẻ Đó                                                                                        , NXB Hồng Đức                                                          , Còn hàng  , "159,600₫"  , "168,000₫"  , https://nhasachphuongnam.com/products/tam-ly-hoc-bien-thai-nhung-ke-do                                                                              , Phuong Nam
Tâm Kế Phụ Nữ                                                                                                             , NXB Văn Học                                                           , Còn hàng  , "131,100₫"  , "138,000₫"  , https://nhasachphuongnam.com/products/tam-ke-phu-nu                                                                                                 , Phuong Nam
Tâm Hồn Cao Thượng (Bìa vải)                                                                                              , NXB Văn Học                                                           , Còn hàng  , "380,000₫"  , "400,000₫"  , https://nhasachphuongnam.com/products/tam-hon-cao-thuong-bia-vai                                                                                    , Phuong Nam
Tấm Gương Nứt Vỡ - Một Vụ Án Của Jane Marple                                                                              , NXB Trẻ                                                               , Còn hàng  , "118,750₫"  , "125,000₫"  , https://nhasachphuongnam.com/products/tam-guong-nut-vo-mot-vu-an-cua-jane-marple                                                                    , Phuong Nam
Tạm Biệt Tôi Của Nhiều Năm Về Trước (Song ngữ Việt-Hàn)                                                                   , NXB Dân Trí                                                           , Còn hàng  , "83,600₫"   , "88,000₫"   , https://nhasachphuongnam.com/products/tam-biet-toi-cua-nhieu-nam-ve-truoc-song-ngu-viet-han                                                         , Phuong Nam
Tại Sao Em Ít Nói Thế? (Tái bản năm 2024)                                                                                 , NXB Dân Trí                                                           , Còn hàng  , "128,250₫"  , "135,000₫"  , https://nhasachphuongnam.com/products/tai-sao-em-it-noi-the-tai-ban-nam-2024                                                                        , Phuong Nam
Tà Dương (Tái bản năm 2024)                                                                                               , NXB Hội Nhà Văn                                                       , Còn hàng  , "103,200₫"  , "129,000₫"  , https://nhasachphuongnam.com/products/ta-duong-tai-ban-nam-2024                                                                                     , Phuong Nam
Sưởi Ấm Mặt Trời                                                                                                          , NXB Hội Nhà Văn                                                       , Còn hàng  , "152,000₫"  , "160,000₫"  , https://nhasachphuongnam.com/products/suoi-am-mat-troi                                                                                              , Phuong Nam
Súng Và Sô Cô La                                                                                                          , NXB Thế Giới                                                          , Còn hàng  , "122,550₫"  , "129,000₫"  , https://nhasachphuongnam.com/products/sung-va-so-co-la                                                                                              , Phuong Nam
Summer Lancer - Vệt Sáng Mùa Hạ                                                                                           , NXB Thanh Niên                                                        , Còn hàng  , "132,050₫"  , "139,000₫"  , https://nhasachphuongnam.com/products/summer-lancer-vet-sang-mua-ha                                                                                 , Phuong Nam
Sức Mạnh Mối Quan Hệ                                                                                                      , NXB Thế Giới                                                          , Còn hàng  , "106,400₫"  , "112,000₫"  , https://nhasachphuongnam.com/products/suc-manh-moi-quan-he                                                                                          , Phuong Nam
Sự Ỷ Lại Nguy Hiểm - Tập 2                                                                                                , NXB Dân Trí                                                           , Còn hàng  , "145,350₫"  , "153,000₫"  , https://nhasachphuongnam.com/products/su-y-lai-nguy-hiem-tap-2                                                                                      , Phuong Nam
Sự Thật Chỉ Có Một                                                                                                        , NXB Dân Trí                                                           , Còn hàng  , "122,550₫"  , "129,000₫"  , https://nhasachphuongnam.com/products/su-that-chi-co-mot                                                                                            , Phuong Nam
Sứ Mệnh Hail Mary                                                                                                         , NXB Văn Học                                                           , Còn hàng  , "198,550₫"  , "209,000₫"  , https://nhasachphuongnam.com/products/su-menh-hail-mary                                                                                             , Phuong Nam
Sự Kiên Định Của Kẻ Săn Mồi                                                                                               , NXB Thanh Niên                                                        , Còn hàng  , "166,250₫"  , "175,000₫"  , https://nhasachphuongnam.com/products/su-kien-dinh-cua-ke-san-moi                                                                                   , Phuong Nam
Sự Cố Ban Ngày - Tập 2                                                                                                    , NXB Dân Trí                                                           , Còn hàng  , "160,550₫"  , "169,000₫"  , https://nhasachphuongnam.com/products/su-co-ban-ngay-tap-2                                                                                          , Phuong Nam
Sự Cố Ban Ngày - Tập 1                                                                                                    , NXB Dân Trí                                                           , Còn hàng  , "160,550₫"  , "169,000₫"  , https://nhasachphuongnam.com/products/su-co-ban-ngay-tap-1                                                                                          , Phuong Nam
Sự Chuyển Mình Kỳ Diệu                                                                                                    , NXB Thế Giới                                                          , Còn hàng  , "122,550₫"  , "129,000₫"  , https://nhasachphuongnam.com/products/su-chuyen-minh-ky-dieu                                                                                        , Phuong Nam
Loanh Quanh Sài Gòn                                                                                                       , NXB Tổng Hợp TP.HCM                                                   , Còn hàng  , "133,000₫"  , "140,000₫"  , https://nhasachphuongnam.com/products/loanh-quanh-sai-gon                                                                                           , Phuong Nam
Lỡ Hẹn Paris                                                                                                              , NXB Thanh Niên                                                        , Còn hàng  , "94,050₫"   , "99,000₫"   , https://nhasachphuongnam.com/products/lo-hen-paris                                                                                                  , Phuong Nam
Sốt Cao Không Hạ - Tập 2                                                                                                  , NXB Dân Trí                                                           , Còn hàng  , "208,050₫"  , "219,000₫"  , https://nhasachphuongnam.com/products/sot-cao-khong-ha-tap-2                                                                                        , Phuong Nam
Sốt Cao Không Hạ - Tập 1                                                                                                  , NXB Hà Nội                                                            , Còn hàng  , "208,050₫"  , "219,000₫"  , https://nhasachphuongnam.com/products/sot-cao-khong-ha-tap-1                                                                                        , Phuong Nam
Sống Vội                                                                                                                  , NXB Văn Học                                                           , Còn hàng  , "95,000₫"   , "100,000₫"  , https://nhasachphuongnam.com/products/song-voi                                                                                                      , Phuong Nam
Sống Như Gấm Sẽ Có Người Đến Thêm Hoa                                                                                     , NXB Dân Trí                                                           , Còn hàng  , "94,050₫"   , "99,000₫"   , https://nhasachphuongnam.com/products/song-nhu-gam-se-co-nguoi-den-them-hoa                                                                         , Phuong Nam
Sống Nay Stress Mai                                                                                                       , NXB Văn Học                                                           , Còn hàng  , "118,750₫"  , "125,000₫"  , https://nhasachphuongnam.com/products/song-nay-stress-mai                                                                                           , Phuong Nam
Sống Dưới Lớp Mặt Nạ                                                                                                      , NXB Văn Học                                                           , Còn hàng  , "151,050₫"  , "159,000₫"  , https://nhasachphuongnam.com/products/song-duoi-lop-mat-na                                                                                          , Phuong Nam
Sông Đông Êm Đềm (Bộ 2 tập) (Tái bản năm 2024)                                                                            , NXB Văn Học                                                           , Còn hàng  , "522,500₫"  , "550,000₫"  , https://nhasachphuongnam.com/products/song-dong-em-dem-bo-2-tap-tai-ban-nam-2024                                                                    , Phuong Nam
Sóng Đồng Bằng                                                                                                            , NXB Trẻ                                                               , Còn hàng  , "90,250₫"   , "95,000₫"   , https://nhasachphuongnam.com/products/song-dong-bang                                                                                                , Phuong Nam
Sông Còn Chưa Cạn                                                                                                         , NXB Kim Đồng                                                          , Còn hàng  , "76,000₫"   , "80,000₫"   , https://nhasachphuongnam.com/products/song-con-chua-can                                                                                             , Phuong Nam
Sống (Tác giả Dư Hoa)                                                                                                     , NXB Hội Nhà Văn                                                       , Còn hàng  , "123,500₫"  , "130,000₫"  , https://nhasachphuongnam.com/products/song-tac-gia-du-hoa                                                                                           , Phuong Nam
Sói Đi Thành Đôi - Tập 3                                                                                                  , NXB Dân Trí                                                           , Còn hàng  , "179,550₫"  , "189,000₫"  , https://nhasachphuongnam.com/products/soi-di-thanh-doi-tap-3                                                                                        , Phuong Nam
Sói Đi Thành Đôi - Tập 1                                                                                                  , NXB Dân Trí                                                           , Còn hàng  , "179,550₫"  , "189,000₫"  , https://nhasachphuongnam.com/products/soi-di-thanh-doi-tap-1                                                                                        , Phuong Nam
Sổ Tay Sửa Lỗi Hành Văn: Lỗi Ngữ Pháp Trong Câu Có Trạng Ngữ Mở Đầu (Tái bản năm 2024)                                    , NXB Văn Hóa Dân Tộc                                                   , Còn hàng  , "46,400₫"   , "58,000₫"   , https://nhasachphuongnam.com/products/so-tay-sua-loi-hanh-van-loi-ngu-phap-trong-cau-co-trang-ngu-mo-dau-tai-ban-nam-2024                           , Phuong Nam
Sổ Tay Ngôn Từ C-Net: Quần Chúng Ăn Dưa                                                                                   , NXB Thanh Niên                                                        , Còn hàng  , "86,450₫"   , "91,000₫"   , https://nhasachphuongnam.com/products/so-tay-ngon-tu-c-net-quan-chung-an-dua                                                                        , Phuong Nam
Số Đỏ (Sách Huy Hoàng) (Tái bản năm 2024)                                                                                 , NXB Văn Học                                                           , Còn hàng  , "61,750₫"   , "65,000₫"   , https://nhasachphuongnam.com/products/so-do-sach-huy-hoang-tai-ban-nam-2024                                                                         , Phuong Nam
Lên Lớp Không Được Nướng Xúc Xích                                                                                         , NXB Hội Nhà Văn                                                       , Còn hàng  , "102,600₫"  , "108,000₫"  , https://nhasachphuongnam.com/products/len-lop-khong-duoc-nuong-xuc-xich                                                                             , Phuong Nam
Siêu Án Mạng - Nỗi Ưu Phiền Của Các Nhà Văn Trinh Thám                                                                    , NXB Hà Nội                                                            , Còn hàng  , "123,500₫"  , "130,000₫"  , https://nhasachphuongnam.com/products/sieu-an-mang-noi-uu-phien-cua-cac-nha-van-trinh-tham                                                          , Phuong Nam
Sĩ Số Lớp Vắng 0                                                                                                          , NXB Dân Trí                                                           , Còn hàng  , "96,900₫"   , "102,000₫"  , https://nhasachphuongnam.com/products/si-so-lop-vang-0                                                                                              , Phuong Nam
Showbiz Là Của Tôi - Tập 2                                                                                                , NXB Văn Học                                                           , Còn hàng  , "210,900₫"  , "222,000₫"  , https://nhasachphuongnam.com/products/showbiz-la-cua-toi-tap-2                                                                                      , Phuong Nam
Showbiz Là Của Tôi - Tập 1                                                                                                , NXB Văn Học                                                           , Còn hàng  , "210,900₫"  , "222,000₫"  , https://nhasachphuongnam.com/products/showbiz-la-cua-toi-tap-1                                                                                      , Phuong Nam
Shipper Lục Giới                                                                                                          , NXB Lao Động Xã Hội                                                   , Còn hàng  , "208,050₫"  , "219,000₫"  , https://nhasachphuongnam.com/products/shipper-luc-gioi                                                                                              , Phuong Nam
Sherlock Holmes: Tuyển Tập Những Vụ Án Hóc Búa Nhất                                                                       , NXB Dân Trí                                                           , Còn hàng  , "94,050₫"   , "99,000₫"   , https://nhasachphuongnam.com/products/sherlock-holmes-tuyen-tap-nhung-vu-an-hoc-bua-nhat                                                            , Phuong Nam
Sherlock Holmes Toàn Tập - Tập 3 (Sách Đinh Tị)                                                                           , NXB Thanh Niên                                                        , Còn hàng  , "188,100₫"  , "198,000₫"  , https://nhasachphuongnam.com/products/sherlock-holmes-toan-tap-tap-3-sach-dinh-ti                                                                   , Phuong Nam
Sherlock Holmes Toàn Tập - Tập 2 (Sách Đinh Tị)                                                                           , NXB Thanh Niên                                                        , Còn hàng  , "207,100₫"  , "218,000₫"  , https://nhasachphuongnam.com/products/sherlock-holmes-toan-tap-tap-2-sach-dinh-ti                                                                   , Phuong Nam
Sherlock Holmes Toàn Tập - Tập 1 (Sách Đinh Tị)                                                                           , NXB Thanh Niên                                                        , Còn hàng  , "179,550₫"  , "189,000₫"  , https://nhasachphuongnam.com/products/sherlock-holmes-toan-tap-tap-1-sach-dinh-ti                                                                   , Phuong Nam
Sherlock Holmes (Bộ 3 tập) (Tái bản năm 2023)                                                                             , NXB Văn Học                                                           , Còn hàng  , "427,500₫"  , "450,000₫"  , https://nhasachphuongnam.com/products/sherlock-holmes-bo-3-tap-tai-ban-nam-2023                                                                     , Phuong Nam
Sherlock Holmes - Tập 3 (Tái bản năm 2023)                                                                                , NXB Văn Học                                                           , Còn hàng  , "142,500₫"  , "150,000₫"  , https://nhasachphuongnam.com/products/sherlock-holmes-tap-3-tai-ban-nam-2023                                                                        , Phuong Nam
Sherlock Holmes - Tập 2 (Tái bản năm 2023)                                                                                , NXB Văn Học                                                           , Còn hàng  , "142,500₫"  , "150,000₫"  , https://nhasachphuongnam.com/products/sherlock-holmes-tap-2-tai-ban-nam-2023                                                                        , Phuong Nam
Sherlock Holmes - Tập 1 (Tái bản năm 2023)                                                                                , NXB Văn Học                                                           , Còn hàng  , "142,500₫"  , "150,000₫"  , https://nhasachphuongnam.com/products/sherlock-holmes-tap-1-tai-ban-nam-2023                                                                        , Phuong Nam
Series Thần Xã Shinomiya - Lời Nguyền Trên Núi                                                                            , NXB Lao Động Xã Hội                                                   , Còn hàng  , "103,550₫"  , "109,000₫"  , https://nhasachphuongnam.com/products/series-than-xa-shinomiya-loi-nguyen-tren-nui                                                                  , Phuong Nam
Sếp Tôi Tài Giỏi Cũng Rất Dễ Thương (Bộ 2 tập)                                                                            , NXB Dân Trí                                                           , Còn hàng  , "150,100₫"  , "158,000₫"  , https://nhasachphuongnam.com/products/sep-toi-tai-gioi-cung-rat-de-thuong-bo-2-tap                                                                  , Phuong Nam
Sau Này Gặp Lại Ai Cũng Phải Hạnh Phúc                                                                                    , NXB Văn Học                                                           , Còn hàng  , "102,600₫"  , "108,000₫"  , https://nhasachphuongnam.com/products/sau-nay-gap-lai-ai-cung-phai-hanh-phuc                                                                        , Phuong Nam
"Sau Khi Tôi Chết, Anh Ấy Không Cưới Thêm Ai Nữa"                                                                         , NXB Văn Học                                                           , Còn hàng  , "103,550₫"  , "109,000₫"  , https://nhasachphuongnam.com/products/sau-khi-toi-chet-anh-ay-khong-cuoi-them-ai-nua                                                                , Phuong Nam
Sau Khi Thỏa Thuận Kết Hôn Cùng Ảnh Đế - Tập 2                                                                            , NXB Hà Nội                                                            , Còn hàng  , "233,700₫"  , "246,000₫"  , https://nhasachphuongnam.com/products/sau-khi-thoa-thuan-ket-hon-cung-anh-de-tap-2                                                                  , Phuong Nam
Sau Khi Thỏa Thuận Kết Hôn Cùng Ảnh Đế - Tập 1                                                                            , NXB Hà Nội                                                            , Còn hàng  , "233,700₫"  , "246,000₫"  , https://nhasachphuongnam.com/products/sau-khi-thoa-thuan-ket-hon-cung-anh-de-tap-1                                                                  , Phuong Nam
Sau Khi Đá Bay Đám Trai Đểu - Tập 2                                                                                       , NXB Dân Trí                                                           , Còn hàng  , "178,600₫"  , "188,000₫"  , https://nhasachphuongnam.com/products/sau-khi-da-bay-dam-trai-deu-tap-2                                                                             , Phuong Nam
Sau Khi Đá Bay Đám Trai Đểu - Tập 1                                                                                       , NXB Dân Trí                                                           , Còn hàng  , "178,600₫"  , "188,000₫"  , https://nhasachphuongnam.com/products/sau-khi-da-bay-dam-trai-deu-tap-1                                                                             , Phuong Nam
Sau Khi Chúng Ta Nói Lời Chia Tay                                                                                         , NXB Dân Trí                                                           , Còn hàng  , "104,500₫"  , "110,000₫"  , https://nhasachphuongnam.com/products/sau-khi-chung-ta-noi-loi-chia-tay                                                                             , Phuong Nam
Sau Động Đất                                                                                                              , NXB Hội Nhà Văn                                                       , Còn hàng  , "104,500₫"  , "110,000₫"  , https://nhasachphuongnam.com/products/sau-dong-dat                                                                                                  , Phuong Nam
Sau Cánh Cửa Khóa Kín                                                                                                     , NXB Văn Học                                                           , Còn hàng  , "153,900₫"  , "162,000₫"  , https://nhasachphuongnam.com/products/sau-canh-cua-khoa-kin                                                                                         , Phuong Nam
Sát Thủ Chim Én - Thảm Án Giữa Nấm Mồ Hạt Nhân Chernobyl (Tái bản năm 2024)                                               , NXB Phụ Nữ Việt Nam                                                   , Còn hàng  , "237,500₫"  , "250,000₫"  , https://nhasachphuongnam.com/products/sat-thu-chim-en-tham-an-giua-nam-mo-hat-nhan-chernobyl-tai-ban-nam-2024                                       , Phuong Nam
Sát Nhân Trong Chiếc Hộp Mắt Ma                                                                                           , NXB Thế Giới                                                          , Còn hàng  , "160,550₫"  , "169,000₫"  , https://nhasachphuongnam.com/products/sat-nhan-trong-chiec-hop-mat-ma                                                                               , Phuong Nam
"Lại Đây, Ôm Cái Nào!"                                                                                                    , NXB Văn Học                                                           , Còn hàng  , "159,600₫"  , "168,000₫"  , https://nhasachphuongnam.com/products/lai-day-om-cai-nao                                                                                            , Phuong Nam
Ký Túc Xá Phòng 307                                                                                                       , NXB Hội Nhà Văn                                                       , Còn hàng  , "65,550₫"   , "69,000₫"   , https://nhasachphuongnam.com/products/ky-tuc-xa-phong-307                                                                                           , Phuong Nam
Sanctify - Tập 1                                                                                                          , NXB Hội Nhà Văn                                                       , Còn hàng  , "103,550₫"  , "109,000₫"  , https://nhasachphuongnam.com/products/sanctify-tap-1                                                                                                , Phuong Nam
Salam! Chào Xứ Ba Tư (Tái bản năm 2025)                                                                                   , NXB Trẻ                                                               , Còn hàng  , "161,500₫"  , "170,000₫"  , https://nhasachphuongnam.com/products/salam-chao-xu-ba-tu-tai-ban-nam-2025                                                                          , Phuong Nam
Sài Gòn: Khâu Lại Mảnh Thời Gian (Tái bản năm 2025)                                                                       , NXB Trẻ                                                               , Còn hàng  , "123,500₫"  , "130,000₫"  , https://nhasachphuongnam.com/products/sai-gon-khau-lai-manh-thoi-gian-tai-ban-nam-2025                                                              , Phuong Nam
Sài Gòn: Chuyện Xưa Mà Chưa Cũ (Tái bản năm 2025)                                                                         , NXB Trẻ                                                               , Còn hàng  , "152,000₫"  , "160,000₫"  , https://nhasachphuongnam.com/products/sai-gon-chuyen-xua-ma-chua-cu-tai-ban-nam-2025                                                                , Phuong Nam
"Sài Gòn Một Thuở: ""Dân Ông Tạ Đó!"" - Tập 3"                                                                            , NXB Tổng Hợp TP.HCM                                                   , Còn hàng  , "140,600₫"  , "148,000₫"  , https://nhasachphuongnam.com/products/sai-gon-mot-thuo-dan-ong-ta-do-tap-3                                                                          , Phuong Nam
"Sài Gòn Một Thuở: ""Dân Ông Tạ Đó!"" - Tập 1"                                                                            , NXB Tổng Hợp TP.HCM                                                   , Còn hàng  , "112,100₫"  , "118,000₫"  , https://nhasachphuongnam.com/products/sai-gon-mot-thuo-dan-ong-ta-do-tap-1                                                                          , Phuong Nam
"SADIE - Nếu Cô Chết, Sự Thật Sẽ Bị Chôn Vùi"                                                                             , NXB Văn Học                                                           , Còn hàng  , "166,250₫"  , "175,000₫"  , https://nhasachphuongnam.com/products/sadie-neu-co-chet-su-that-se-bi-chon-vui                                                                      , Phuong Nam
Không Gia Đình (Tái bản năm 2021) (Bìa mềm)                                                                               , NXB Văn Học                                                           , Còn hàng  , "159,600₫"  , "168,000₫"  , https://nhasachphuongnam.com/products/khong-gia-dinh-tai-ban-nam-2021-bia-mem                                                                       , Phuong Nam
Khi Lỗi Thuộc Về Những Vì Sao (Tái bản năm 2020)                                                                          , NXB Trẻ                                                               , Còn hàng  , "114,000₫"  , "120,000₫"  , https://nhasachphuongnam.com/products/khi-loi-thuoc-ve-nhung-vi-sao-tai-ban-nam-2020                                                                , Phuong Nam
Khi Hơi Thở Hóa Thinh Không (Tái bản năm 2020)                                                                            , NXB Lao Động Xã Hội                                                   , Còn hàng  , "98,100₫"   , "109,000₫"  , https://nhasachphuongnam.com/products/khi-hoi-tho-hoa-thinh-khong-tai-ban-nam-2020                                                                  , Phuong Nam
Rừng Nauy (Tái bản năm 2024)                                                                                              , NXB Hội Nhà Văn                                                       , Còn hàng  , "171,000₫"  , "180,000₫"  , https://nhasachphuongnam.com/products/rung-nauy-tai-ban-nam-2024                                                                                    , Phuong Nam
Rồi Mai Sau Có Duyên Sẽ Gặp Lại                                                                                           , NXB Lao Động Xã Hội                                                   , Còn hàng  , "103,550₫"  , "109,000₫"  , https://nhasachphuongnam.com/products/roi-mai-sau-co-duyen-se-gap-lai                                                                               , Phuong Nam
Rìa Trời Lộng Gió                                                                                                         , NXB Lao Động Xã Hội                                                   , Còn hàng  , "94,050₫"   , "99,000₫"   , https://nhasachphuongnam.com/products/ria-troi-long-gio                                                                                             , Phuong Nam
Rập Rờn Cánh Hạc                                                                                                          , NXB Văn Học                                                           , Còn hàng  , "76,000₫"   , "80,000₫"   , https://nhasachphuongnam.com/products/rap-ron-canh-hac                                                                                              , Phuong Nam
Ra Vườn Nhặt Nắng (Bìa cứng)                                                                                              , NXB Thế Giới                                                          , Còn hàng  , "142,500₫"  , "150,000₫"  , https://nhasachphuongnam.com/products/ra-vuon-nhat-nang-bia-cung                                                                                    , Phuong Nam
Ra Vườn Nhặt Nắng                                                                                                         , NXB Thế Giới                                                          , Còn hàng  , "95,000₫"   , "100,000₫"  , https://nhasachphuongnam.com/products/ra-vuon-nhat-nang                                                                                             , Phuong Nam
Quý Ngài Ronaphee                                                                                                         , NXB Phụ Nữ Việt Nam                                                   , Còn hàng  , "166,250₫"  , "175,000₫"  , https://nhasachphuongnam.com/products/quy-ngai-ronaphee                                                                                             , Phuong Nam
Quỷ Ám Đêm Cô Hồn                                                                                                         , NXB Thanh Niên                                                        , Còn hàng  , "114,000₫"  , "120,000₫"  , https://nhasachphuongnam.com/products/quy-am-dem-co-hon                                                                                             , Phuong Nam
Quân Vương (Sách Nhã Nam)                                                                                                 , NXB Trí Thức                                                          , Còn hàng  , "76,000₫"   , "80,000₫"   , https://nhasachphuongnam.com/products/quan-vuong-sach-nha-nam                                                                                       , Phuong Nam
Quản Tử - Thuật Cai Trị Đất Nước Của Bậc Đế Vương                                                                         , NXB Hồng Đức                                                          , Còn hàng  , "237,500₫"  , "250,000₫"  , https://nhasachphuongnam.com/products/quan-tu-thuat-cai-tri-dat-nuoc-cua-bac-de-vuong                                                               , Phuong Nam
Quái Đàm Nam Kinh - Ghi Chép Về Kỳ Án Quỷ Tu La Của Ngài Bạch Trạch                                                       , NXB Văn Học                                                           , Còn hàng  , "189,050₫"  , "199,000₫"  , https://nhasachphuongnam.com/products/quai-dam-nam-kinh-ghi-chep-ve-ky-an-quy-tu-la-cua-ngai-bach-trach                                             , Phuong Nam
Qua Lăng Kính Của Một Chú Mèo                                                                                             , NXB Văn Học                                                           , Còn hàng  , "128,250₫"  , "135,000₫"  , https://nhasachphuongnam.com/products/qua-lang-kinh-cua-mot-chu-meo                                                                                 , Phuong Nam
Quá Gần Để Nói Lời Yêu                                                                                                    , NXB Dân Trí                                                           , Còn hàng  , "91,200₫"   , "96,000₫"   , https://nhasachphuongnam.com/products/qua-gan-de-noi-loi-yeu                                                                                        , Phuong Nam
Quá Đỗi Dịu Dàng                                                                                                          , NXB Văn Học                                                           , Còn hàng  , "198,550₫"  , "209,000₫"  , https://nhasachphuongnam.com/products/qua-doi-diu-dang                                                                                              , Phuong Nam
Qua Đêm Ở Nhà Các Vua Nguyễn                                                                                              , NXB Hội Nhà Văn                                                       , Còn hàng  , "114,000₫"  , "120,000₫"  , https://nhasachphuongnam.com/products/qua-dem-o-nha-cac-vua-nguyen                                                                                  , Phuong Nam
Hủ Nữ Gaga (Tái bản năm 2020)                                                                                             , NXB Văn Học                                                           , Còn hàng  , "142,500₫"  , "150,000₫"  , https://nhasachphuongnam.com/products/hu-nu-gaga-tai-ban-nam-2020                                                                                   , Phuong Nam
Phụng Nhãn                                                                                                                , NXB Văn Học                                                           , Còn hàng  , "189,050₫"  , "199,000₫"  , https://nhasachphuongnam.com/products/phung-nhan                                                                                                    , Phuong Nam
Phức Cảm Omega - Tập 2                                                                                                    , NXB Hà Nội                                                            , Còn hàng  , "175,750₫"  , "185,000₫"  , https://nhasachphuongnam.com/products/phuc-cam-omega-tap-2                                                                                          , Phuong Nam
Phù Thủy Xứ Oz (Song ngữ Việt-Anh)                                                                                        , NXB Văn Học                                                           , Còn hàng  , "84,550₫"   , "89,000₫"   , https://nhasachphuongnam.com/products/phu-thuy-xu-oz-song-ngu-viet-anh                                                                              , Phuong Nam
Phụ Nữ Hiểu Biết Sẽ Có Cuộc Sống Đẳng Cấp Hơn                                                                             , NXB Văn Học                                                           , Còn hàng  , "113,050₫"  , "119,000₫"  , https://nhasachphuongnam.com/products/phu-nu-hieu-biet-se-co-cuoc-song-dang-cap-hon                                                                 , Phuong Nam
Phụ Nữ Bàn Về Vấn Đề Phụ Nữ Trên Phụ Nữ Tân Văn                                                                           , NXB Phụ Nữ Việt Nam                                                   , Còn hàng  , "265,050₫"  , "279,000₫"  , https://nhasachphuongnam.com/products/phu-nu-ban-ve-van-de-phu-nu-tren-phu-nu-tan-van                                                               , Phuong Nam
Phong Quốc                                                                                                                , NXB Hội Nhà Văn                                                       , Còn hàng  , "179,550₫"  , "189,000₫"  , https://nhasachphuongnam.com/products/phong-quoc                                                                                                    , Phuong Nam
Phố Ngũ Hương                                                                                                             , NXB Phụ Nữ Việt Nam                                                   , Còn hàng  , "207,100₫"  , "218,000₫"  , https://nhasachphuongnam.com/products/pho-ngu-huong                                                                                                 , Phuong Nam
"Phía Trên Là Mây Trời, Trước Mắt Là Trùng Khơi (Tái bản năm 2025)"                                                       , NXB Văn Học                                                           , Còn hàng  , "99,750₫"   , "105,000₫"  , https://nhasachphuongnam.com/products/phia-tren-la-may-troi-truoc-mat-la-trung-khoi-tai-ban-nam-2025                                                , Phuong Nam
Phía Tây Không Có Gì Lạ (Sách Đông A)                                                                                     , Công ty Cổ Phần Văn Hoá Đông A                                        , Còn hàng  , "95,000₫"   , "100,000₫"  , https://nhasachphuongnam.com/products/phia-tay-khong-co-gi-la-sach-dong-a                                                                           , Phuong Nam
Phía Sau Nghi Can X (Tái bản năm 2024)                                                                                    , NXB Văn Hóa Sài Gòn                                                   , Còn hàng  , "122,550₫"  , "129,000₫"  , https://nhasachphuongnam.com/products/phia-sau-nghi-can-x-tai-ban-nam-2024                                                                          , Phuong Nam
"Phía Nam Biên GIới, Phía Tây Mặt Trời (Tái bản năm 2024)"                                                                , NXB Hội Nhà Văn                                                       , Còn hàng  , "93,100₫"   , "98,000₫"   , https://nhasachphuongnam.com/products/phia-nam-bien-gioi-phia-tay-mat-troi-tai-ban-nam-2024                                                         , Phuong Nam
Phi Long (Tiểu thuyết trinh thám Vũ Khúc)                                                                                 , NXB Văn Học                                                           , Còn hàng  , "144,000₫"  , "160,000₫"  , https://nhasachphuongnam.com/products/phi-long-tieu-thuyet-trinh-tham-vu-khuc                                                                       , Phuong Nam
Phép Tắc Người Con - Đệ Tử Quy                                                                                            , NXB Hồng Đức                                                          , Còn hàng  , "80,750₫"   , "85,000₫"   , https://nhasachphuongnam.com/products/phep-tac-nguoi-con-de-tu-quy                                                                                  , Phuong Nam
Phát Súng Thứ Hai                                                                                                         , NXB Thế Giới                                                          , Còn hàng  , "141,550₫"  , "149,000₫"  , https://nhasachphuongnam.com/products/phat-sung-thu-hai                                                                                             , Phuong Nam
Phân Tích Hành Vi Phạm Tội - Giải Mã Kỳ Án Thế Giới                                                                       , NXB Lao Động Xã Hội                                                   , Còn hàng  , "122,550₫"  , "129,000₫"  , https://nhasachphuongnam.com/products/phan-tich-hanh-vi-pham-toi-giai-ma-ky-an-the-gioi                                                             , Phuong Nam
Phán Quan - Tập 3 (Mộc Tô Lý - AZ Việt Nam)                                                                               , NXB Hà Nội                                                            , Còn hàng  , "189,050₫"  , "199,000₫"  , https://nhasachphuongnam.com/products/phan-quan-tap-3-moc-to-ly-az-viet-nam                                                                         , Phuong Nam
Phán Quan - Tập 2                                                                                                         , NXB Hà Nội                                                            , Còn hàng  , "189,050₫"  , "199,000₫"  , https://nhasachphuongnam.com/products/phan-quan-tap-2                                                                                               , Phuong Nam
Phán Quan - Tập 1                                                                                                         , NXB Hà Nội                                                            , Còn hàng  , "189,050₫"  , "199,000₫"  , https://nhasachphuongnam.com/products/phan-quan-tap-1                                                                                               , Phuong Nam
Phấn Hoa Lầu Xanh (Tái bản năm 2024)                                                                                      , NXB Văn Học                                                           , Còn hàng  , "102,600₫"  , "108,000₫"  , https://nhasachphuongnam.com/products/phan-hoa-lau-xanh-tai-ban-nam-2024                                                                            , Phuong Nam
Phạm Xuân Ẩn: Tên Người Như Cuộc Đời (Tái bản năm 2024)                                                                   , NXB Tổng Hợp TP.HCM                                                   , Còn hàng  , "114,000₫"  , "120,000₫"  , https://nhasachphuongnam.com/products/pham-xuan-an-ten-nguoi-nhu-cuoc-doi-tai-ban-nam-2024                                                          , Phuong Nam
Peter Pan (Song ngữ Việt-Anh)                                                                                             , NXB Dân Trí                                                           , Còn hàng  , "94,050₫"   , "99,000₫"   , https://nhasachphuongnam.com/products/peter-pan-song-ngu-viet-anh                                                                                   , Phuong Nam
Peter Pan (Sách Đinh Tị)                                                                                                  , NXB Thanh Niên                                                        , Còn hàng  , "103,550₫"  , "109,000₫"  , https://nhasachphuongnam.com/products/peter-pan-sach-dinh-ti                                                                                        , Phuong Nam
Oxford Thương Yêu (Tái bản năm 2023)                                                                                      , NXB Trẻ                                                               , Còn hàng  , "114,000₫"  , "120,000₫"  , https://nhasachphuongnam.com/products/oxford-thuong-yeu-tai-ban-nam-2023                                                                            , Phuong Nam
Ông Trăm Tuổi Trèo Qua Cửa Sổ Và Biến Mất (Tái bản năm 2023)                                                              , NXB Trẻ                                                               , Còn hàng  , "180,500₫"  , "190,000₫"  , https://nhasachphuongnam.com/products/ong-tram-tuoi-treo-qua-cua-so-va-bien-mat-tai-ban-nam-2023                                                    , Phuong Nam
Ông Trăm Tuổi Tái Xuất Và Giải Cứu Thế Giới                                                                               , NXB Trẻ                                                               , Còn hàng  , "180,500₫"  , "190,000₫"  , https://nhasachphuongnam.com/products/ong-tram-tuoi-tai-xuat-va-giai-cuu-the-gioi                                                                   , Phuong Nam
Ông Nội Phiêu Lưu Ký                                                                                                      , NXB Hội Nhà Văn                                                       , Còn hàng  , "141,550₫"  , "149,000₫"  , https://nhasachphuongnam.com/products/ong-noi-phieu-luu-ky                                                                                          , Phuong Nam
Ông Già Và Biển Cả (Tái bản năm 2024) (Sách Trí Việt)                                                                     , NXB Văn Học                                                           , Còn hàng  , "30,400₫"   , "32,000₫"   , https://nhasachphuongnam.com/products/ong-gia-va-bien-ca-tai-ban-nam-2024-sach-tri-viet                                                             , Phuong Nam
Ông Già Và Biển Cả (Song ngữ Việt-Anh)                                                                                    , NXB Dân Trí                                                           , Còn hàng  , "56,050₫"   , "59,000₫"   , https://nhasachphuongnam.com/products/ong-gia-va-bien-ca-song-ngu-viet-anh                                                                          , Phuong Nam
Ông Già Và Biển Cả (Sách AZ Books)                                                                                        , NXB Dân Trí                                                           , Còn hàng  , "84,550₫"   , "89,000₫"   , https://nhasachphuongnam.com/products/ong-gia-va-bien-ca-sach-az-books                                                                              , Phuong Nam
Ông Già Khốt Ta Bít                                                                                                       , NXB Văn Học                                                           , Còn hàng  , "113,050₫"  , "119,000₫"  , https://nhasachphuongnam.com/products/ong-gia-khot-ta-bit                                                                                           , Phuong Nam
Hơn Cả Tin Tức - Tương Lai Của Báo Chí                                                                                    , NXB Trẻ                                                               , Còn hàng  , "133,000₫"  , "140,000₫"  , https://nhasachphuongnam.com/products/hon-ca-tin-tuc-tuong-lai-cua-bao-chi                                                                          , Phuong Nam
Ôm Những Mộng Mơ Đi Qua Tuổi Trẻ                                                                                          , NXB Văn Học                                                           , Còn hàng  , "147,250₫"  , "155,000₫"  , https://nhasachphuongnam.com/products/om-nhung-mong-mo-di-qua-tuoi-tre                                                                              , Phuong Nam
Ôm Lấy Bản Thân Tuyệt Vời                                                                                                 , NXB Hội Nhà Văn                                                       , Còn hàng  , "141,550₫"  , "149,000₫"  , https://nhasachphuongnam.com/products/om-lay-ban-than-tuyet-voi                                                                                     , Phuong Nam
Okamoto Kido Tuyển Tập - Đèn Lồng Đá                                                                                      , NXB Dân Trí                                                           , Còn hàng  , "94,050₫"   , "99,000₫"   , https://nhasachphuongnam.com/products/okamoto-kido-tuyen-tap-den-long-da                                                                            , Phuong Nam
Okamoto Kido Tuyển Tập - Bầy Mèo Nổi Loạn                                                                                 , NXB Dân Trí                                                           , Còn hàng  , "103,550₫"  , "109,000₫"  , https://nhasachphuongnam.com/products/okamoto-kido-tuyen-tap-bay-meo-noi-loan                                                                       , Phuong Nam
Hồi Ức Là Cuộn Băng Tua Ngược                                                                                             , NXB Hà Nội                                                            , Còn hàng  , "106,400₫"  , "112,000₫"  , https://nhasachphuongnam.com/products/hoi-uc-la-cuon-bang-tua-nguoc                                                                                 , Phuong Nam
Nước Non Vạn Dặm 3 - Từ Việt Bắc Về Hà Nội                                                                                , NXB Văn Học                                                           , Còn hàng  , "178,600₫"  , "188,000₫"  , https://nhasachphuongnam.com/products/nuoc-non-van-dam-3-tu-viet-bac-ve-ha-noi                                                                      , Phuong Nam
Nước Đức Cổ Tích Mùa Đông - 108 Bài Thơ Nổi Tiếng Trong Văn Học Đức (Song ngữ Đức-Việt)                                   , NXB Thế Giới                                                          , Còn hàng  , "237,500₫"  , "250,000₫"  , https://nhasachphuongnam.com/products/nuoc-duc-co-tich-mua-dong-108-bai-tho-noi-tieng-trong-van-hoc-duc-song-ngu-duc-viet                           , Phuong Nam
Nữ Sinh (Tái bản năm 2025)                                                                                                , NXB Hội Nhà Văn                                                       , Còn hàng  , "111,200₫"  , "139,000₫"  , https://nhasachphuongnam.com/products/nu-sinh-tai-ban-nam-2025                                                                                      , Phuong Nam
Nữ Nhân (Kristin Hannah)                                                                                                  , NXB Đà Nẵng                                                           , Còn hàng  , "366,700₫"  , "386,000₫"  , https://nhasachphuongnam.com/products/nu-nhan-kristin-hannah                                                                                        , Phuong Nam
Hồi Ký Của Một Huyền Thoại Manchester United                                                                              , NXB Thanh Niên                                                        , Còn hàng  , "189,050₫"  , "199,000₫"  , https://nhasachphuongnam.com/products/hoi-ky-cua-mot-huyen-thoai-manchester-united                                                                  , Phuong Nam
Hồi Ký Alex Ferguson (Tái bản năm 2019)                                                                                   , NXB Trẻ                                                               , Còn hàng  , "166,250₫"  , "175,000₫"  , https://nhasachphuongnam.com/products/hoi-ky-alex-ferguson-tai-ban-nam-2019                                                                         , Phuong Nam
Nụ Cười Đáng Thương - Lời Nguyền Từ Bức Hình Ẩn Danh                                                                      , NXB Thế Giới                                                          , Còn hàng  , "113,050₫"  , "119,000₫"  , https://nhasachphuongnam.com/products/nu-cuoi-dang-thuong-loi-nguyen-tu-buc-hinh-an-danh                                                            , Phuong Nam
Novecento - Nghệ Sĩ Dương Cầm Trên Đại Dương                                                                              , NXB Đà Nẵng                                                           , Còn hàng  , "104,500₫"  , "110,000₫"  , https://nhasachphuongnam.com/products/novecento-nghe-si-duong-cam-tren-dai-duong                                                                    , Phuong Nam
Nơi Viết Nỗi Buồn                                                                                                         , NXB Văn Học                                                           , Còn hàng  , "74,100₫"   , "78,000₫"   , https://nhasachphuongnam.com/products/noi-viet-noi-buon                                                                                             , Phuong Nam
"Nơi Nào Có Mẹ, Nơi Ấy Là Nhà"                                                                                            , NXB Văn Học                                                           , Còn hàng  , "85,500₫"   , "90,000₫"   , https://nhasachphuongnam.com/products/noi-nao-co-me-noi-ay-la-nha                                                                                   , Phuong Nam
Nói Luôn Cho Nó Vuông (Tái bản năm 2023)                                                                                  , NXB Thế Giới                                                          , Còn hàng  , "102,600₫"  , "108,000₫"  , https://nhasachphuongnam.com/products/noi-luon-cho-no-vuong-tai-ban-nam-2023                                                                        , Phuong Nam
Nơi Dãy Núi Điên Dại (Tái bản năm 2025)                                                                                   , Chi Nhánh Nhà Xuất Bản Kim Đồng Tại Thành Phố Hồ Chí Minh             , Còn hàng  , "61,750₫"   , "65,000₫"   , https://nhasachphuongnam.com/products/noi-day-nui-dien-dai-tai-ban-nam-2025                                                                         , Phuong Nam
Nọc Bướm                                                                                                                  , NXB Trẻ                                                               , Còn hàng  , "166,250₫"  , "175,000₫"  , https://nhasachphuongnam.com/products/noc-buom                                                                                                      , Phuong Nam
Những Yêu Nữ Xứ Titan                                                                                                     , NXB Phụ Nữ Việt Nam                                                   , Còn hàng  , "190,000₫"  , "200,000₫"  , https://nhasachphuongnam.com/products/nhung-yeu-nu-xu-titan                                                                                         , Phuong Nam
Những Ước Mơ Không Lớn                                                                                                    , NXB Văn Học                                                           , Còn hàng  , "103,550₫"  , "109,000₫"  , https://nhasachphuongnam.com/products/nhung-uoc-mo-khong-lon                                                                                        , Phuong Nam
Những Thủ Lĩnh Triền Cát                                                                                                  , NXB Tổng Hợp TP.HCM                                                   , Còn hàng  , "170,050₫"  , "179,000₫"  , https://nhasachphuongnam.com/products/nhung-thu-linh-trien-cat                                                                                      , Phuong Nam
Những Tấm Lòng Cao Cả (Tái bản năm 2024) (Sách Huy Hoàng)                                                                 , NXB Mỹ Thuật                                                          , Còn hàng  , "109,250₫"  , "115,000₫"  , https://nhasachphuongnam.com/products/nhung-tam-long-cao-ca-tai-ban-nam-2024-sach-huy-hoang                                                         , Phuong Nam
Những Tấm Lòng Cao Cả (Tái bản năm 2023)                                                                                  , NXB Văn Học                                                           , Còn hàng  , "128,250₫"  , "135,000₫"  , https://nhasachphuongnam.com/products/nhung-tam-long-cao-ca-tai-ban-nam-2023                                                                        , Phuong Nam
Những Tấm Lòng Cao Cả (Song ngữ Việt-Anh)                                                                                 , NXB Dân Trí                                                           , Còn hàng  , "103,550₫"  , "109,000₫"  , https://nhasachphuongnam.com/products/nhung-tam-long-cao-ca-song-ngu-viet-anh                                                                       , Phuong Nam
Những Tấm Lòng Cao Cả (Sách AZ Books)                                                                                     , NXB Dân Trí                                                           , Còn hàng  , "132,050₫"  , "139,000₫"  , https://nhasachphuongnam.com/products/nhung-tam-long-cao-ca-sach-az-books                                                                           , Phuong Nam
NHỮNG TẤM LÒNG CAO CẢ                                                                                                     , Đinh Tị                                                               , Còn hàng  , "81,700₫"   , "86,000₫"   , https://nhasachphuongnam.com/products/nhung-tam-long-cao-ca                                                                                         , Phuong Nam
Những Ta                                                                                                                  , NXB Hội Nhà Văn                                                       , Còn hàng  , "171,000₫"  , "180,000₫"  , https://nhasachphuongnam.com/products/nhung-ta                                                                                                      , Phuong Nam
Những Quân Bài Trên Mặt Bàn                                                                                               , NXB Trẻ                                                               , Còn hàng  , "123,500₫"  , "130,000₫"  , https://nhasachphuongnam.com/products/nhung-quan-bai-tren-mat-ban                                                                                   , Phuong Nam
Những Nỗi Đau Đứt Đoạn                                                                                                    , NXB Thế Giới                                                          , Còn hàng  , "103,550₫"  , "109,000₫"  , https://nhasachphuongnam.com/products/nhung-noi-dau-dut-doan                                                                                        , Phuong Nam
Những Ngày Xưa An Tĩnh                                                                                                    , NXB Thế Giới                                                          , Còn hàng  , "110,200₫"  , "116,000₫"  , https://nhasachphuongnam.com/products/nhung-ngay-xua-an-tinh                                                                                        , Phuong Nam
Những Ngày Diễm Ảo - Tuyển Tập Truyện Ngắn (In theo bản Phượng Giang 1973)                                                , NXB Văn Học                                                           , Còn hàng  , "90,250₫"   , "95,000₫"   , https://nhasachphuongnam.com/products/nhung-ngay-diem-ao-tuyen-tap-truyen-ngan-in-theo-ban-phuong-giang-1973                                        , Phuong Nam
Những Ngày Ấu Thơ Thương Nhớ                                                                                              , NXB Văn Học                                                           , Còn hàng  , "110,200₫"  , "116,000₫"  , https://nhasachphuongnam.com/products/nhung-ngay-au-tho-thuong-nho                                                                                  , Phuong Nam
Những Kỳ Vọng Lớn Lao - Tập 2                                                                                             , NXB Thanh Niên                                                        , Còn hàng  , "160,550₫"  , "169,000₫"  , https://nhasachphuongnam.com/products/nhung-ky-vong-lon-lao-tap-2                                                                                   , Phuong Nam
Những Kỳ Vọng Lớn Lao - Tập 1                                                                                             , NXB Thanh Niên                                                        , Còn hàng  , "160,550₫"  , "169,000₫"  , https://nhasachphuongnam.com/products/nhung-ky-vong-lon-lao-tap-1                                                                                   , Phuong Nam
"Những Khi Hạnh Phúc, Những Lúc Vỡ Tan"                                                                                   , NXB Phụ Nữ Việt Nam                                                   , Còn hàng  , "151,050₫"  , "159,000₫"  , https://nhasachphuongnam.com/products/nhung-khi-hanh-phuc-nhung-luc-vo-tan                                                                          , Phuong Nam
Những Kẻ Mê Sách                                                                                                          , NXB Hà Nội                                                            , Còn hàng  , "214,700₫"  , "226,000₫"  , https://nhasachphuongnam.com/products/nhung-ke-me-sach                                                                                              , Phuong Nam
Những Hạt Bùn Vạn Dặm                                                                                                     , NXB Lao Động Xã Hội                                                   , Còn hàng  , "152,000₫"  , "160,000₫"  , https://nhasachphuongnam.com/products/nhung-hat-bun-van-dam                                                                                         , Phuong Nam
Những Giấc Mơ Chờ Bình Minh Lên                                                                                           , NXB Văn Học                                                           , Còn hàng  , "109,250₫"  , "115,000₫"  , https://nhasachphuongnam.com/products/nhung-giac-mo-cho-binh-minh-len                                                                               , Phuong Nam
Những Đứa Trẻ Thượng Lưu                                                                                                  , NXB Phụ Nữ Việt Nam                                                   , Còn hàng  , "128,250₫"  , "135,000₫"  , https://nhasachphuongnam.com/products/nhung-dua-tre-thuong-luu                                                                                      , Phuong Nam
Những Điều Bỏ Quên Trong Xó                                                                                               , NXB Phụ Nữ Việt Nam                                                   , Còn hàng  , "71,250₫"   , "75,000₫"   , https://nhasachphuongnam.com/products/nhung-dieu-bo-quen-trong-xo                                                                                   , Phuong Nam
Những Cuộc Phiêu Lưu Của Tom Sawyer (Sách Đông A)                                                                         , NXB Văn Học                                                           , Còn hàng  , "104,500₫"  , "110,000₫"  , https://nhasachphuongnam.com/products/nhung-cuoc-phieu-luu-cua-tom-sawyer-sach-dong-a                                                               , Phuong Nam
Những Con Cá Voi 52 Hertz                                                                                                 , NXB Phụ Nữ Việt Nam                                                   , Còn hàng  , "142,500₫"  , "150,000₫"  , https://nhasachphuongnam.com/products/nhung-con-ca-voi-52-hertz                                                                                     , Phuong Nam
Những Chuyện Lạ Ở Tokyo                                                                                                   , NXB Hội Nhà Văn                                                       , Còn hàng  , "104,500₫"  , "110,000₫"  , https://nhasachphuongnam.com/products/nhung-chuyen-la-o-tokyo                                                                                       , Phuong Nam
Những Chủ Nhật Tháng Tám                                                                                                  , NXB Văn Học                                                           , Còn hàng  , "104,500₫"  , "110,000₫"  , https://nhasachphuongnam.com/products/nhung-chu-nhat-thang-tam                                                                                      , Phuong Nam
Những Câu Chuyện Kinh Dị Khiến Bạn Dựng Tóc Gáy                                                                           , NXB Hà Nội                                                            , Còn hàng  , "113,050₫"  , "119,000₫"  , https://nhasachphuongnam.com/products/nhung-cau-chuyen-kinh-di-khien-ban-dung-toc-gay                                                               , Phuong Nam
Những Câu Chuyện Huyền Bí - Những Hiện Tượng Siêu Nhiên Và Huyền Bí Trên Khắp Thế Giới                                    , NXB Thanh Hóa                                                         , Còn hàng  , "150,100₫"  , "158,000₫"  , https://nhasachphuongnam.com/products/nhung-cau-chuyen-huyen-bi-nhung-hien-tuong-sieu-nhien-va-huyen-bi-tren-khap-the-gioi                          , Phuong Nam
Hình Như Ta Đã Yêu Nhau                                                                                                   , NXB Hội Nhà Văn                                                       , Còn hàng  , "114,000₫"  , "120,000₫"  , https://nhasachphuongnam.com/products/hinh-nhu-ta-da-yeu-nhau                                                                                       , Phuong Nam
Những Án Mạng Ở Phố Nhà Xác Rue                                                                                           , NXB Thanh Niên                                                        , Còn hàng  , "75,050₫"   , "79,000₫"   , https://nhasachphuongnam.com/products/nhung-an-mang-o-pho-nha-xac-rue                                                                               , Phuong Nam
Nhục Hồng Ngải - Những Đứa Trẻ Mất Tích                                                                                   , NXB Thanh Niên                                                        , Còn hàng  , "142,500₫"  , "150,000₫"  , https://nhasachphuongnam.com/products/nhuc-hong-ngai-nhung-dua-tre-mat-tich                                                                         , Phuong Nam
Như Sơ                                                                                                                    , NXB Phụ Nữ Việt Nam                                                   , Còn hàng  , "171,000₫"  , "180,000₫"  , https://nhasachphuongnam.com/products/nhu-so                                                                                                        , Phuong Nam
Như Sao Trời Ôm Lấy Đại Dương                                                                                             , NXB Dân Trí                                                           , Còn hàng  , "81,700₫"   , "86,000₫"   , https://nhasachphuongnam.com/products/nhu-sao-troi-om-lay-dai-duong                                                                                 , Phuong Nam
Hiệu Sách Nhỏ Ở Paris                                                                                                     , NXB Hà Nội                                                            , Còn hàng  , "141,550₫"  , "149,000₫"  , https://nhasachphuongnam.com/products/hieu-sach-nho-o-paris                                                                                         , Phuong Nam
Nhớ Thương Vẫn Để Ở Trong Lòng                                                                                            , NXB Thế Giới                                                          , Còn hàng  , "75,050₫"   , "79,000₫"   , https://nhasachphuongnam.com/products/nho-thuong-van-de-o-trong-long                                                                                , Phuong Nam
Nhớ Ai Đó Đến Kiệt Quệ                                                                                                    , NXB Dân Trí                                                           , Còn hàng  , "178,600₫"  , "188,000₫"  , https://nhasachphuongnam.com/products/nho-ai-do-den-kiet-que                                                                                        , Phuong Nam
Nhiều Buổi Chiều Và Nhiều Buổi Tối                                                                                        , NXB Hội Nhà Văn                                                       , Còn hàng  , "103,550₫"  , "109,000₫"  , https://nhasachphuongnam.com/products/nhieu-buoi-chieu-va-nhieu-buoi-toi                                                                            , Phuong Nam
Nhật Thực Toàn Phần                                                                                                       , NXB Hà Nội                                                            , Còn hàng  , "151,050₫"  , "159,000₫"  , https://nhasachphuongnam.com/products/nhat-thuc-toan-phan                                                                                           , Phuong Nam
Hẹn Nhau Phía Sau Tan Vỡ                                                                                                  , NXB Phụ Nữ Việt Nam                                                   , Còn hàng  , "81,700₫"   , "86,000₫"   , https://nhasachphuongnam.com/products/hen-nhau-phia-sau-tan-vo                                                                                      , Phuong Nam
Nhật Ký Thoát Khỏi Trầm Cảm                                                                                               , NXB Văn Học                                                           , Còn hàng  , "90,250₫"   , "95,000₫"   , https://nhasachphuongnam.com/products/nhat-ky-thoat-khoi-tram-cam                                                                                   , Phuong Nam
Nhật Ký Ghi Chép Pháp Y - Tập 3: Dư Âm Chưa Dứt                                                                           , NXB Hà Nội                                                            , Còn hàng  , "144,400₫"  , "152,000₫"  , https://nhasachphuongnam.com/products/nhat-ky-ghi-chep-phap-y-tap-3-du-am-chua-dut                                                                  , Phuong Nam
Nhật Ký Ghi Chép Pháp Y - Tập 2: Âm Thanh Của Cái Chết                                                                    , NXB Dân Trí                                                           , Còn hàng  , "141,550₫"  , "149,000₫"  , https://nhasachphuongnam.com/products/nhat-ky-ghi-chep-phap-y-tap-2-am-thanh-cua-cai-chet                                                           , Phuong Nam
Nhật Ký Ghi Chép Pháp Y - Tập 1: Khúc Dạo Đầu Của Đêm                                                                     , NXB Dân Trí                                                           , Còn hàng  , "141,550₫"  , "149,000₫"  , https://nhasachphuongnam.com/products/nhat-ky-ghi-chep-phap-y-tap-1-khuc-dao-dau-cua-dem                                                            , Phuong Nam
Nhật Ký Điều Tra: Đằng Sau Tội Ác                                                                                         , NXB Dân Trí                                                           , Còn hàng  , "170,050₫"  , "179,000₫"  , https://nhasachphuongnam.com/products/nhat-ky-dieu-tra-dang-sau-toi-ac                                                                              , Phuong Nam
Nhật Ký Anne Frank (Tái bản năm 2024)                                                                                     , NXB Thế Giới                                                          , Còn hàng  , "112,100₫"  , "118,000₫"  , https://nhasachphuongnam.com/products/nhat-ky-anne-frank-tai-ban-nam-2024                                                                           , Phuong Nam
Nhật Ký Ấm Áp - Kỳ Tích Của Chúng Mình                                                                                    , NXB Hà Nội                                                            , Còn hàng  , "123,500₫"  , "130,000₫"  , https://nhasachphuongnam.com/products/nhat-ky-am-ap-ky-tich-cua-chung-minh                                                                          , Phuong Nam
Nhập Vai Thám Tử Cùng Agatha Christie: Giải Mã 100 Câu Đố Và Vụ Án Mạng Bí Ẩn                                             , NXB Dân Trí                                                           , Còn hàng  , "122,550₫"  , "129,000₫"  , https://nhasachphuongnam.com/products/nhap-vai-tham-tu-cung-agatha-christie-giai-ma-100-cau-do-va-vu-an-mang-bi-an                                  , Phuong Nam
Nhập Vai Thám Tử                                                                                                          , NXB Dân Trí                                                           , Còn hàng  , "113,050₫"  , "119,000₫"  , https://nhasachphuongnam.com/products/nhap-vai-tham-tu                                                                                              , Phuong Nam
Nhập Mạc Chi Thần - Tập 3                                                                                                 , NXB Dân Trí                                                           , Còn hàng  , "122,550₫"  , "129,000₫"  , https://nhasachphuongnam.com/products/nhap-mac-chi-than-tap-3                                                                                       , Phuong Nam
Nhập Mạc Chi Thần - Tập 2                                                                                                 , NXB Dân Trí                                                           , Còn hàng  , "122,550₫"  , "129,000₫"  , https://nhasachphuongnam.com/products/nhap-mac-chi-than-tap-2                                                                                       , Phuong Nam
Nhân Viên Mới                                                                                                             , NXB Dân Trí                                                           , Còn hàng  , "198,550₫"  , "209,000₫"  , https://nhasachphuongnam.com/products/nhan-vien-moi                                                                                                 , Phuong Nam
Nhân Trường Hợp Chị Thỏ Bông Và Các Bài Viết Khác (Tái bản năm 2025)                                                      , NXB Trẻ                                                               , Còn hàng  , "128,250₫"  , "135,000₫"  , https://nhasachphuongnam.com/products/nhan-truong-hop-chi-tho-bong-va-cac-bai-viet-khac-tai-ban-nam-2025                                            , Phuong Nam
Nhân Gian Tiểu Mãn                                                                                                        , NXB Dân Trí                                                           , Còn hàng  , "84,550₫"   , "89,000₫"   , https://nhasachphuongnam.com/products/nhan-gian-tieu-man                                                                                            , Phuong Nam
"Nhà Vua, Chiến Binh, Pháp Sư, Người Tình"                                                                                , NXB Thông Tấn                                                         , Còn hàng  , "152,000₫"  , "160,000₫"  , https://nhasachphuongnam.com/products/nha-vua-chien-binh-phap-su-nguoi-tinh                                                                         , Phuong Nam
Nhà Tranh                                                                                                                 , NXB Dân Trí                                                           , Còn hàng  , "147,250₫"  , "155,000₫"  , https://nhasachphuongnam.com/products/nha-tranh                                                                                                     , Phuong Nam
Nhà Ảo Thuật Trên Cầu Bộ Hành                                                                                             , NXB Hội Nhà Văn                                                       , Còn hàng  , "129,200₫"  , "136,000₫"  , https://nhasachphuongnam.com/products/nha-ao-thuat-tren-cau-bo-hanh                                                                                 , Phuong Nam
Nguyệt Đạo Dị Giới - Tập 4                                                                                                , NXB Phụ Nữ Việt Nam                                                   , Còn hàng  , "122,550₫"  , "129,000₫"  , https://nhasachphuongnam.com/products/nguyet-dao-di-gioi-tap-4                                                                                      , Phuong Nam
Nguyễn Nhật Ánh - Người Giữ Lửa Cho Văn Học Thiếu Nhi                                                                     , NXB Trẻ                                                               , Còn hàng  , "313,500₫"  , "330,000₫"  , https://nhasachphuongnam.com/products/nguyen-nhat-anh-nguoi-giu-lua-cho-van-hoc-thieu-nhi                                                           , Phuong Nam
Ngụy Chứng Của Solomon 3 - Phiên Tòa                                                                                      , NXB Dân Trí                                                           , Còn hàng  , "304,000₫"  , "320,000₫"  , https://nhasachphuongnam.com/products/nguy-chung-cua-solomon-3-phien-toa                                                                            , Phuong Nam
Nguồn Sống                                                                                                                , NXB Tổng Hợp TP.HCM                                                   , Còn hàng  , "38,000₫"   , "40,000₫"   , https://nhasachphuongnam.com/products/nguon-song                                                                                                    , Phuong Nam
Người TV                                                                                                                  , NXB Hội Nhà Văn                                                       , Còn hàng  , "95,000₫"   , "100,000₫"  , https://nhasachphuongnam.com/products/nguoi-tv                                                                                                      , Phuong Nam
Người Tình Ác Quỷ                                                                                                         , NXB Thanh Niên                                                        , Còn hàng  , "159,600₫"  , "168,000₫"  , https://nhasachphuongnam.com/products/nguoi-tinh-ac-quy                                                                                             , Phuong Nam
Người Theo Đuổi Tiếng Đàn                                                                                                 , NXB Văn Học                                                           , Còn hàng  , "104,500₫"  , "110,000₫"  , https://nhasachphuongnam.com/products/nguoi-theo-duoi-tieng-dan                                                                                     , Phuong Nam
"Người Rạng Rỡ Như Bạn, Liệu Có Đang Trầm Cảm?"                                                                           , NXB Văn Học                                                           , Còn hàng  , "121,600₫"  , "128,000₫"  , https://nhasachphuongnam.com/products/nguoi-rang-ro-nhu-ban-lieu-co-dang-tram-cam                                                                   , Phuong Nam
Người Mẹ (Minato Kanae)                                                                                                   , NXB Thanh Niên                                                        , Còn hàng  , "179,550₫"  , "189,000₫"  , https://nhasachphuongnam.com/products/nguoi-me-minato-kanae                                                                                         , Phuong Nam
Hãy Nhắm Mắt Khi Anh Đến - Tập 2 (Tái bản năm 2020)                                                                       , NXB Văn Học                                                           , Còn hàng  , "122,550₫"  , "129,000₫"  , https://nhasachphuongnam.com/products/hay-nham-mat-khi-anh-den-tap-2-tai-ban-nam-2020                                                               , Phuong Nam
Người Lạ Quanh Ta                                                                                                         , NXB Hà Nội                                                            , Còn hàng  , "147,250₫"  , "155,000₫"  , https://nhasachphuongnam.com/products/nguoi-la-quanh-ta                                                                                             , Phuong Nam
Người Là Đóa Sen Đẹp Nhất Chốn Phàm Trần                                                                                  , NXB Văn Học                                                           , Còn hàng  , "159,600₫"  , "168,000₫"  , https://nhasachphuongnam.com/products/nguoi-la-doa-sen-dep-nhat-chon-pham-tran                                                                      , Phuong Nam
Người Kể Chuyện Trên Báo                                                                                                  , NXB Tổng Hợp TP.HCM                                                   , Còn hàng  , "152,000₫"  , "160,000₫"  , https://nhasachphuongnam.com/products/nguoi-ke-chuyen-tren-bao                                                                                      , Phuong Nam
Người Huế Kể Chuyện Huế                                                                                                   , NXB Kim Đồng                                                          , Còn hàng  , "52,250₫"   , "55,000₫"   , https://nhasachphuongnam.com/products/nguoi-hue-ke-chuyen-hue                                                                                       , Phuong Nam
Người Giàu Nhất Thành Babylon (Sách Nhã Nam)                                                                              , NXB Công Thương                                                       , Còn hàng  , "85,500₫"   , "90,000₫"   , https://nhasachphuongnam.com/products/nguoi-giau-nhat-thanh-babylon-sach-nha-nam                                                                    , Phuong Nam
Người Gác Hải Đăng                                                                                                        , NXB Phụ Nữ Việt Nam                                                   , Còn hàng  , "137,750₫"  , "145,000₫"  , https://nhasachphuongnam.com/products/nguoi-gac-hai-dang                                                                                            , Phuong Nam
Người Ếch - Kẻ Giết Người Hàng Loạt                                                                                       , NXB Dân Trí                                                           , Còn hàng  , "149,150₫"  , "157,000₫"  , https://nhasachphuongnam.com/products/nguoi-ech-ke-giet-nguoi-hang-loat                                                                             , Phuong Nam
Người Đua Diều                                                                                                            , NXB Phụ Nữ Việt Nam                                                   , Còn hàng  , "122,550₫"  , "129,000₫"  , https://nhasachphuongnam.com/products/nguoi-dua-dieu                                                                                                , Phuong Nam
Người Đẹp Ngủ Mê (Tái bản năm 2023)                                                                                       , NXB Thế Giới                                                          , Còn hàng  , "87,200₫"   , "109,000₫"  , https://nhasachphuongnam.com/products/nguoi-dep-ngu-me-tai-ban-nam-2023                                                                             , Phuong Nam
Người Đàn Ông Ấy                                                                                                          , NXB Hội Nhà Văn                                                       , Còn hàng  , "160,550₫"  , "169,000₫"  , https://nhasachphuongnam.com/products/nguoi-dan-ong-ay                                                                                              , Phuong Nam
Người Đàn Bà Trong Tôi                                                                                                    , NXB Dân Trí                                                           , Còn hàng  , "178,600₫"  , "188,000₫"  , https://nhasachphuongnam.com/products/nguoi-dan-ba-trong-toi                                                                                        , Phuong Nam
Người Đàn Bà Quỷ Quyệt (Tái bản năm 2025)                                                                                 , NXB Văn Học                                                           , Còn hàng  , "223,250₫"  , "235,000₫"  , https://nhasachphuongnam.com/products/nguoi-dan-ba-quy-quyet-tai-ban-nam-2025                                                                       , Phuong Nam
Người Chết Biết Điều Gì                                                                                                   , NXB Dân Trí                                                           , Còn hàng  , "151,050₫"  , "159,000₫"  , https://nhasachphuongnam.com/products/nguoi-chet-biet-dieu-gi                                                                                       , Phuong Nam
Người Bà Tuyệt Vời Của Tôi                                                                                                , NXB Dân Trí                                                           , Còn hàng  , "113,050₫"  , "119,000₫"  , https://nhasachphuongnam.com/products/nguoi-ba-tuyet-voi-cua-toi                                                                                    , Phuong Nam
Người Ăn Chay                                                                                                             , NXB Hà Nội                                                            , Còn hàng  , "142,500₫"  , "150,000₫"  , https://nhasachphuongnam.com/products/nguoi-an-chay                                                                                                 , Phuong Nam
Ngựa Ô Yêu Dấu (Song ngữ Việt-Anh)                                                                                        , NXB Văn Học                                                           , Còn hàng  , "103,550₫"  , "109,000₫"  , https://nhasachphuongnam.com/products/ngua-o-yeu-dau-song-ngu-viet-anh                                                                              , Phuong Nam
Ngôi Thứ Nhất Số Ít                                                                                                       , NXB Phụ Nữ Việt Nam                                                   , Còn hàng  , "102,600₫"  , "108,000₫"  , https://nhasachphuongnam.com/products/ngoi-thu-nhat-so-it                                                                                           , Phuong Nam
Ngôi Nhà Muôn Cánh Cửa                                                                                                    , NXB Phụ Nữ Việt Nam                                                   , Còn hàng  , "292,600₫"  , "308,000₫"  , https://nhasachphuongnam.com/products/ngoi-nha-muon-canh-cua                                                                                        , Phuong Nam
Ngôi Nhà Kỳ Quái - Tập 2                                                                                                  , NXB Thanh Niên                                                        , Còn hàng  , "176,700₫"  , "186,000₫"  , https://nhasachphuongnam.com/products/ngoi-nha-ky-quai-tap-2                                                                                        , Phuong Nam
Ngôi Nhà Bên Bờ Biển Xanh Thẳm (Tái bản năm 2025)                                                                         , NXB Thế Giới                                                          , Còn hàng  , "189,050₫"  , "199,000₫"  , https://nhasachphuongnam.com/products/ngoi-nha-ben-bo-bien-xanh-tham-tai-ban-nam-2025                                                               , Phuong Nam
Nghìn Lẻ Một Cách Thế Giới Ra Đời                                                                                         , NXB Thanh Niên                                                        , Còn hàng  , "132,050₫"  , "139,000₫"  , https://nhasachphuongnam.com/products/nghin-le-mot-cach-the-gioi-ra-doi                                                                             , Phuong Nam
Nghiệp Chướng                                                                                                             , NXB Hội Nhà Văn                                                       , Còn hàng  , "167,200₫"  , "176,000₫"  , https://nhasachphuongnam.com/products/nghiep-chuong                                                                                                 , Phuong Nam
Nghiêng Về Phía Nỗi Đau                                                                                                   , NXB Hội Nhà Văn                                                       , Còn hàng  , "190,000₫"  , "200,000₫"  , https://nhasachphuongnam.com/products/nghieng-ve-phia-noi-dau                                                                                       , Phuong Nam
Nghịch Lý 13                                                                                                              , NXB Hà Nội                                                            , Còn hàng  , "246,050₫"  , "259,000₫"  , https://nhasachphuongnam.com/products/nghich-ly-13                                                                                                  , Phuong Nam
Nghề Viết Tiểu Thuyết (Haruki Murakami)                                                                                   , NXB Hội Nhà Văn                                                       , Còn hàng  , "148,200₫"  , "156,000₫"  , https://nhasachphuongnam.com/products/nghe-viet-tieu-thuyet-haruki-murakami                                                                         , Phuong Nam
Nghe Thời Gian Bàn Chuyện Nhân Gian                                                                                       , NXB Thanh Niên                                                        , Còn hàng  , "104,500₫"  , "110,000₫"  , https://nhasachphuongnam.com/products/nghe-thoi-gian-ban-chuyen-nhan-gian                                                                           , Phuong Nam
Ngày Xửa Ngày Xưa Có Một Trái Tim Vụn Vỡ                                                                                  , NXB Dân Trí                                                           , Còn hàng  , "151,050₫"  , "159,000₫"  , https://nhasachphuongnam.com/products/ngay-xua-ngay-xua-co-mot-trai-tim-vun-vo                                                                      , Phuong Nam
Ngày Trôi Về Phía Cũ... (Tái bản năm 2024)                                                                                , NXB Thế Giới                                                          , Còn hàng  , "127,200₫"  , "159,000₫"  , https://nhasachphuongnam.com/products/ngay-troi-ve-phia-cu-tai-ban-nam-2024                                                                         , Phuong Nam
Ngày Tháng Ta Đã Yêu                                                                                                      , NXB Dân Trí                                                           , Còn hàng  , "122,550₫"  , "129,000₫"  , https://nhasachphuongnam.com/products/ngay-thang-ta-da-yeu                                                                                          , Phuong Nam
"Ngày Tháng Rực Rỡ, Đừng Sống Tạm Bợ"                                                                                     , NXB Thế Giới                                                          , Còn hàng  , "118,750₫"  , "125,000₫"  , https://nhasachphuongnam.com/products/ngay-thang-ruc-ro-dung-song-tam-bo                                                                            , Phuong Nam
Ngày Qua Ngày Em Còn Nhớ Tôi Không?                                                                                       , NXB Văn Học                                                           , Còn hàng  , "84,550₫"   , "89,000₫"   , https://nhasachphuongnam.com/products/ngay-qua-ngay-em-con-nho-toi-khong                                                                            , Phuong Nam
Ngày Nắng Đem Nỗi Buồn Ra Phơi                                                                                            , NXB Phụ Nữ Việt Nam                                                   , Còn hàng  , "83,600₫"   , "88,000₫"   , https://nhasachphuongnam.com/products/ngay-nang-dem-noi-buon-ra-phoi                                                                                , Phuong Nam
Ngày Một Người Rời Xa Một Người                                                                                           , NXB Phụ Nữ Việt Nam                                                   , Còn hàng  , "81,700₫"   , "86,000₫"   , https://nhasachphuongnam.com/products/ngay-mot-nguoi-roi-xa-mot-nguoi                                                                               , Phuong Nam
Ngày Mai Mưa Tan                                                                                                          , NXB Lao Động Xã Hội                                                   , Còn hàng  , "83,600₫"   , "88,000₫"   , https://nhasachphuongnam.com/products/ngay-mai-mua-tan                                                                                              , Phuong Nam
Ngày Mai Của Những Ngày Mai                                                                                               , NXB Trẻ                                                               , Còn hàng  , "114,000₫"  , "120,000₫"  , https://nhasachphuongnam.com/products/ngay-mai-cua-nhung-ngay-mai                                                                                   , Phuong Nam
Ngày Ấy Đã Qua Rồi - Tự Truyện Lư Nhất Vũ (Tái bản năm 2025)                                                              , NXB Trẻ                                                               , Còn hàng  , "142,500₫"  , "150,000₫"  , https://nhasachphuongnam.com/products/ngay-ay-da-qua-roi-tu-truyen-lu-nhat-vu-tai-ban-nam-2025                                                      , Phuong Nam
Ngày Ấy Buông Tay Hóa Ra Là Chuyện Tốt                                                                                    , NXB Phụ Nữ Việt Nam                                                   , Còn hàng  , "99,750₫"   , "105,000₫"  , https://nhasachphuongnam.com/products/ngay-ay-buong-tay-hoa-ra-la-chuyen-tot                                                                        , Phuong Nam
Ngày An Nắng Vàng                                                                                                         , NXB Lao Động Xã Hội                                                   , Còn hàng  , "94,050₫"   , "99,000₫"   , https://nhasachphuongnam.com/products/ngay-an-nang-vang                                                                                             , Phuong Nam
Ngàn Mặt Trời Rực Rỡ (Tái bản năm 2025)                                                                                   , NXB Lao Động Xã Hội                                                   , Còn hàng  , "123,500₫"  , "130,000₫"  , https://nhasachphuongnam.com/products/ngan-mat-troi-ruc-ro-tai-ban-nam-2025                                                                         , Phuong Nam
Hành Trình Của Một Chú Chó                                                                                                , NXB Trẻ                                                               , Còn hàng  , "133,000₫"  , "140,000₫"  , https://nhasachphuongnam.com/products/hanh-trinh-cua-mot-chu-cho                                                                                    , Phuong Nam
Nếu Tôi Được Sống Thêm Lần Nữa                                                                                            , NXB Văn Học                                                           , Còn hàng  , "99,750₫"   , "105,000₫"  , https://nhasachphuongnam.com/products/neu-toi-duoc-song-them-lan-nua                                                                                , Phuong Nam
Nếu Tất Cả Những Gì Tôi Có Là Ngôn Từ                                                                                     , NXB Kim Đồng                                                          , Còn hàng  , "104,500₫"  , "110,000₫"  , https://nhasachphuongnam.com/products/neu-tat-ca-nhung-gi-toi-co-la-ngon-tu                                                                         , Phuong Nam
Nếu Gặp Lại Em Trên Ngọn Đồi Hoa Nở                                                                                       , NXB Thế Giới                                                          , Còn hàng  , "122,550₫"  , "129,000₫"  , https://nhasachphuongnam.com/products/neu-gap-lai-em-tren-ngon-doi-hoa-no                                                                           , Phuong Nam
Nếu Còn Có Ngày Mai                                                                                                       , NXB Văn Học                                                           , Còn hàng  , "223,250₫"  , "235,000₫"  , https://nhasachphuongnam.com/products/neu-con-co-ngay-mai                                                                                           , Phuong Nam
Nếu Biết Trăm Năm Là Hữu Hạn (Tái bản năm 2025)                                                                           , NXB Thế Giới                                                          , Còn hàng  , "127,200₫"  , "159,000₫"  , https://nhasachphuongnam.com/products/neu-biet-tram-nam-la-huu-han-tai-ban-nam-2025                                                                 , Phuong Nam
Nếu Biết Trăm Năm Là Hữu Hạn (Tái bản năm 2024)                                                                           , NXB Thế Giới                                                          , Còn hàng  , "111,300₫"  , "159,000₫"  , https://nhasachphuongnam.com/products/neu-biet-tram-nam-la-huu-han-tai-ban-nam-2024                                                                 , Phuong Nam
Nếu Biết Trăm Năm Là Hữu Hạn (Bản đặc biệt - Tái bản năm 2024) (Bìa mềm)                                                  , NXB Hội Nhà Văn                                                       , Còn hàng  , "191,200₫"  , "239,000₫"  , https://nhasachphuongnam.com/products/neu-biet-tram-nam-la-huu-han-ban-dac-biet-tai-ban-nam-2024-bia-mem                                            , Phuong Nam
Nếu Biết Trăm Năm Là Hữu Hạn (Bản đặc biệt - Tái bản năm 2023) (Bìa cứng)                                                 , Công ty TNHH Mtv Sách Phương Nam                                      , Còn hàng  , "188,300₫"  , "269,000₫"  , https://nhasachphuongnam.com/products/neu-biet-tram-nam-la-huu-han-ban-dac-biet-tai-ban-nam-2023-bia-cung                                           , Phuong Nam
Nanh Trắng (Tái bản năm 2023) (Trí Việt)                                                                                  , NXB Văn Học                                                           , Còn hàng  , "87,400₫"   , "92,000₫"   , https://nhasachphuongnam.com/products/nanh-trang-tai-ban-nam-2023-tri-viet                                                                          , Phuong Nam
Nanh Trắng (Song ngữ Việt-Anh)                                                                                            , NXB Dân Trí                                                           , Còn hàng  , "84,550₫"   , "89,000₫"   , https://nhasachphuongnam.com/products/nanh-trang-song-ngu-viet-anh                                                                                  , Phuong Nam
Nàng Tiên Cá Cuối Cùng                                                                                                    , NXB Kim Đồng                                                          , Còn hàng  , "76,000₫"   , "80,000₫"   , https://nhasachphuongnam.com/products/nang-tien-ca-cuoi-cung                                                                                        , Phuong Nam
Nắng Ngoài Hiên                                                                                                           , NXB Văn Học                                                           , Còn hàng  , "169,100₫"  , "178,000₫"  , https://nhasachphuongnam.com/products/nang-ngoai-hien                                                                                               , Phuong Nam
Nàng Mona Lisa Cuối Cùng                                                                                                  , NXB Dân Trí                                                           , Còn hàng  , "160,550₫"  , "169,000₫"  , https://nhasachphuongnam.com/products/nang-mona-lisa-cuoi-cung                                                                                      , Phuong Nam
Nàng Idol Đói Bụng Gặp Được Chàng Nội Trợ Đảm Đang - Tập 2                                                                , NXB Thế Giới                                                          , Còn hàng  , "132,050₫"  , "139,000₫"  , https://nhasachphuongnam.com/products/nang-idol-doi-bung-gap-duoc-chang-noi-tro-dam-dang-tap-2                                                      , Phuong Nam
Nàng Idol Đói Bụng Gặp Được Chàng Nội Trợ Đảm Đang - Tập 1                                                                , NXB Lao Động Xã Hội                                                   , Còn hàng  , "132,050₫"  , "139,000₫"  , https://nhasachphuongnam.com/products/nang-idol-doi-bung-gap-duoc-chang-noi-tro-dam-dang-tap-1                                                      , Phuong Nam
Nàng Cựu Idol Lớp Tôi Lại Có Hành Động Đáng Ngờ Nữa Rồi - Tập 2                                                           , NXB Dân Trí                                                           , Còn hàng  , "141,550₫"  , "149,000₫"  , https://nhasachphuongnam.com/products/nang-cuu-idol-lop-toi-lai-co-hanh-dong-dang-ngo-nua-roi-tap-2                                                 , Phuong Nam
Nàng Cựu Idol Lớp Tôi Lại Có Hành Động Đáng Ngờ Nữa Rồi - Tập 1                                                           , NXB Dân Trí                                                           , Còn hàng  , "141,550₫"  , "149,000₫"  , https://nhasachphuongnam.com/products/nang-cuu-idol-lop-toi-lai-co-hanh-dong-dang-ngo-nua-roi-tap-1                                                 , Phuong Nam
Năm Tuần Trên Khinh Khí Cầu (Sách Đinh Tị) (Bìa mềm)                                                                      , NXB Thanh Niên                                                        , Còn hàng  , "132,050₫"  , "139,000₫"  , https://nhasachphuongnam.com/products/nam-tuan-tren-khinh-khi-cau-sach-dinh-ti-bia-mem                                                              , Phuong Nam
Năm Điều Ước Của Ông Murray McBride                                                                                       , NXB Dân Trí                                                           , Còn hàng  , "132,050₫"  , "139,000₫"  , https://nhasachphuongnam.com/products/nam-dieu-uoc-cua-ong-murray-mcbride                                                                           , Phuong Nam
Mỹ Học Của Nguyễn Du                                                                                                      , NXB Trẻ                                                               , Còn hàng  , "76,000₫"   , "80,000₫"   , https://nhasachphuongnam.com/products/my-hoc-cua-nguyen-du                                                                                          , Phuong Nam
Murdle - Nhập Vai Thám Tử: 50 Vụ Án Từ Đơn Giản Đến Phức Tạp (Mê Cung Xanh)                                               , NXB Dân Trí                                                           , Còn hàng  , "113,050₫"  , "119,000₫"  , https://nhasachphuongnam.com/products/murdle-nhap-vai-tham-tu-50-vu-an-tu-don-gian-den-phuc-tap-me-cung-xanh                                        , Phuong Nam
Murdle - Nhập Vai Thám Tử - 50 Vụ Án Từ Đơn Giản Đến Phức Tạp                                                             , NXB Dân Trí                                                           , Còn hàng  , "122,550₫"  , "129,000₫"  , https://nhasachphuongnam.com/products/murdle-nhap-vai-tham-tu-50-vu-an-tu-don-gian-den-phuc-tap                                                     , Phuong Nam
Muốn Yêu Lầm                                                                                                              , NXB Trẻ                                                               , Còn hàng  , "71,250₫"   , "75,000₫"   , https://nhasachphuongnam.com/products/muon-yeu-lam                                                                                                  , Phuong Nam
Muôn Trùng Xứ Sở                                                                                                          , NXB Văn Học                                                           , Còn hàng  , "122,550₫"  , "129,000₫"  , https://nhasachphuongnam.com/products/muon-trung-xu-so                                                                                              , Phuong Nam
Muốn Phi Thăng Thì Yêu Đi - Tập 5                                                                                         , NXB Dân Trí                                                           , Còn hàng  , "179,550₫"  , "189,000₫"  , https://nhasachphuongnam.com/products/muon-phi-thang-thi-yeu-di-tap-5                                                                               , Phuong Nam
Muốn Phi Thăng Thì Yêu Đi - Tập 4                                                                                         , NXB Dân Trí                                                           , Còn hàng  , "179,550₫"  , "189,000₫"  , https://nhasachphuongnam.com/products/muon-phi-thang-thi-yeu-di-tap-4                                                                               , Phuong Nam
Muốn Phi Thăng Thì Yêu Đi - Tập 3                                                                                         , NXB Dân Trí                                                           , Còn hàng  , "179,550₫"  , "189,000₫"  , https://nhasachphuongnam.com/products/muon-phi-thang-thi-yeu-di-tap-3                                                                               , Phuong Nam
Muốn Phi Thăng Thì Yêu Đi - Tập 2                                                                                         , NXB Dân Trí                                                           , Còn hàng  , "179,550₫"  , "189,000₫"  , https://nhasachphuongnam.com/products/muon-phi-thang-thi-yeu-di-tap-2                                                                               , Phuong Nam
Mười Nhà Giáo Dục Lớn Của Nhật Bản Hiện Đại                                                                               , NXB Tổng Hợp TP.HCM                                                   , Còn hàng  , "270,750₫"  , "285,000₫"  , https://nhasachphuongnam.com/products/muoi-nha-giao-duc-lon-cua-nhat-ban-hien-dai                                                                   , Phuong Nam
Mùi Hương Trầm (Tái bản năm 2023)                                                                                         , NXB Lao Động Xã Hội                                                   , Còn hàng  , "235,600₫"  , "248,000₫"  , https://nhasachphuongnam.com/products/mui-huong-tram-tai-ban-nam-2023                                                                               , Phuong Nam
Mùi Của Cố Hương                                                                                                          , NXB Phụ Nữ Việt Nam                                                   , Còn hàng  , "71,250₫"   , "75,000₫"   , https://nhasachphuongnam.com/products/mui-cua-co-huong                                                                                              , Phuong Nam
Mùa Xuân Vắng Lặng - Mùa Thu Chết Chóc Của Chiến Tranh Việt Nam                                                           , NXB Thế Giới                                                          , Còn hàng  , "151,200₫"  , "189,000₫"  , https://nhasachphuongnam.com/products/mua-xuan-vang-lang-mua-thu-chet-choc-cua-chien-tranh-viet-nam                                                 , Phuong Nam
Mùa Thu Của Cây Dương (Tái bản năm 2024)                                                                                  , NXB Hội Nhà Văn                                                       , Còn hàng  , "71,250₫"   , "75,000₫"   , https://nhasachphuongnam.com/products/mua-thu-cua-cay-duong-tai-ban-nam-2024                                                                        , Phuong Nam
Mùa Hoa Trên Những Lối Sông                                                                                               , NXB Trẻ                                                               , Còn hàng  , "69,350₫"   , "73,000₫"   , https://nhasachphuongnam.com/products/mua-hoa-tren-nhung-loi-song                                                                                   , Phuong Nam
Mùa Hè Năm Petrus (Tái bản năm 2025)                                                                                      , NXB Trẻ                                                               , Còn hàng  , "161,500₫"  , "170,000₫"  , https://nhasachphuongnam.com/products/mua-he-nam-petrus-tai-ban-nam-2025                                                                            , Phuong Nam
Mưa Đỏ (Tiểu thuyết Nhà văn Chu Lai)                                                                                      , NXB Quân Đội Nhân Dân                                                 , Còn hàng  , "194,750₫"  , "205,000₫"  , https://nhasachphuongnam.com/products/mua-do-tieu-thuyet-nha-van-chu-lai                                                                            , Phuong Nam
Mũ Bảo Hộ Lúc Nửa Đêm - Ác Tâm Trỗi Dậy Trong Bóng Tối                                                                    , NXB Hồ Chí Minh                                                       , Còn hàng  , "294,500₫"  , "310,000₫"  , https://nhasachphuongnam.com/products/mu-bao-ho-luc-nua-dem-ac-tam-troi-day-trong-bong-toi                                                          , Phuong Nam
"Một Tôi Ước Sao Trời, Một Tôi Ở Nhân Gian"                                                                               , NXB Phụ Nữ Việt Nam                                                   , Còn hàng  , "110,200₫"  , "116,000₫"  , https://nhasachphuongnam.com/products/mot-toi-uoc-sao-troi-mot-toi-o-nhan-gian                                                                      , Phuong Nam
Một Thời Mạ Huế                                                                                                           , NXB Lao Động Xã Hội                                                   , Còn hàng  , "161,500₫"  , "170,000₫"  , https://nhasachphuongnam.com/products/mot-thoi-ma-hue                                                                                               , Phuong Nam
Một Thế Hệ Tan Vỡ                                                                                                         , NXB Văn Học                                                           , Còn hàng  , "87,400₫"   , "92,000₫"   , https://nhasachphuongnam.com/products/mot-the-he-tan-vo                                                                                             , Phuong Nam
Một Ngôi Sao Nhỏ Cũng Đủ Thắp Sáng Bầu Trời Đêm                                                                           , NXB Dân Trí                                                           , Còn hàng  , "94,050₫"   , "99,000₫"   , https://nhasachphuongnam.com/products/mot-ngoi-sao-nho-cung-du-thap-sang-bau-troi-dem                                                               , Phuong Nam
Một Lít Nước Mắt (Tái bản năm 2024)                                                                                       , NXB Văn Học                                                           , Còn hàng  , "93,100₫"   , "98,000₫"   , https://nhasachphuongnam.com/products/mot-lit-nuoc-mat-tai-ban-nam-2024                                                                             , Phuong Nam
Một Lít Nước Mắt (Tái bản năm 2023)                                                                                       , NXB Văn Hóa-Văn Nghệ                                                  , Còn hàng  , "76,000₫"   , "80,000₫"   , https://nhasachphuongnam.com/products/mot-lit-nuoc-mat-tai-ban-nam-2023                                                                             , Phuong Nam
Một Họa Sĩ Chết Rồi Thành Danh Đã Trở Lại                                                                                 , NXB Hà Nội                                                            , Còn hàng  , "156,750₫"  , "165,000₫"  , https://nhasachphuongnam.com/products/mot-hoa-si-chet-roi-thanh-danh-da-tro-lai                                                                     , Phuong Nam
"Một Đời Dài Rộng, Hãy Thương Lấy Mình"                                                                                   , NXB Văn Học                                                           , Còn hàng  , "99,750₫"   , "105,000₫"  , https://nhasachphuongnam.com/products/mot-doi-dai-rong-hay-thuong-lay-minh                                                                          , Phuong Nam
Một Chuyến Du Hành Ra Trường Sa Và Nhà Giàn DK1                                                                           , NXB Trẻ                                                               , Còn hàng  , "80,750₫"   , "85,000₫"   , https://nhasachphuongnam.com/products/mot-chuyen-du-hanh-ra-truong-sa-va-nha-gian-dk1                                                               , Phuong Nam
"Món Quà Của Sinh Mệnh - Thương Yêu, Mất Mát Và Ý Nghĩa Sự Sống"                                                          , NXB Trẻ                                                               , Còn hàng  , "128,250₫"  , "135,000₫"  , https://nhasachphuongnam.com/products/mon-qua-cua-sinh-menh-thuong-yeu-mat-mat-va-y-nghia-su-song                                                   , Phuong Nam
Món Hàng Quý Giá Nhất                                                                                                     , NXB Văn Học                                                           , Còn hàng  , "64,600₫"   , "68,000₫"   , https://nhasachphuongnam.com/products/mon-hang-quy-gia-nhat                                                                                         , Phuong Nam
"Món Hàng Hiệu Mang Tên ""Tôi"""                                                                                          , NXB Văn Học                                                           , Còn hàng  , "109,250₫"  , "115,000₫"  , https://nhasachphuongnam.com/products/mon-hang-hieu-mang-ten-toi                                                                                    , Phuong Nam
Mỗi Từ Là Một Chú Chim Đang Chờ Ta Dạy Hót                                                                                , NXB Trẻ                                                               , Còn hàng  , "152,000₫"  , "160,000₫"  , https://nhasachphuongnam.com/products/moi-tu-la-mot-chu-chim-dang-cho-ta-day-hot                                                                    , Phuong Nam
Mỗi Ngày Đón Bình Minh Là Một Ngày Đáng Sống                                                                              , NXB Văn Học                                                           , Còn hàng  , "96,900₫"   , "102,000₫"  , https://nhasachphuongnam.com/products/moi-ngay-don-binh-minh-la-mot-ngay-dang-song                                                                  , Phuong Nam
Môi Em Ngọt Thế Sao Tình Mình Lại Cay                                                                                     , NXB Văn Học                                                           , Còn hàng  , "90,250₫"   , "95,000₫"   , https://nhasachphuongnam.com/products/moi-em-ngot-the-sao-tinh-minh-lai-cay                                                                         , Phuong Nam
Giọt Nắng Tràn Ly                                                                                                         , NXB Hội Nhà Văn                                                       , Còn hàng  , "95,000₫"   , "100,000₫"  , https://nhasachphuongnam.com/products/giot-nang-tran-ly                                                                                             , Phuong Nam
Giới Hạn                                                                                                                  , NXB Thanh Niên                                                        , Còn hàng  , "80,750₫"   , "85,000₫"   , https://nhasachphuongnam.com/products/gioi-han                                                                                                      , Phuong Nam
Minh Ám                                                                                                                   , NXB Hội Nhà Văn                                                       , Còn hàng  , "275,500₫"  , "290,000₫"  , https://nhasachphuongnam.com/products/minh-am                                                                                                       , Phuong Nam
Mindhunter - Kẻ Săn Suy Nghĩ (Tái bản năm 2023)                                                                           , NXB Phụ Nữ Việt Nam                                                   , Còn hàng  , "137,750₫"  , "145,000₫"  , https://nhasachphuongnam.com/products/mindhunter-ke-san-suy-nghi-tai-ban-nam-2023                                                                   , Phuong Nam
Miếng Ăn Nhà Người                                                                                                        , NXB Trẻ                                                               , Còn hàng  , "104,500₫"  , "110,000₫"  , https://nhasachphuongnam.com/products/mieng-an-nha-nguoi                                                                                            , Phuong Nam
Mexico Kỳ Án                                                                                                              , NXB Thế Giới                                                          , Còn hàng  , "113,050₫"  , "119,000₫"  , https://nhasachphuongnam.com/products/mexico-ky-an                                                                                                  , Phuong Nam
Mèo Đen Và Mắt Quỷ                                                                                                        , NXB Dân Trí                                                           , Còn hàng  , "84,550₫"   , "89,000₫"   , https://nhasachphuongnam.com/products/meo-den-va-mat-quy                                                                                            , Phuong Nam
Medium - Thám Tử Tâm Linh                                                                                                 , NXB Thế Giới                                                          , Còn hàng  , "151,050₫"  , "159,000₫"  , https://nhasachphuongnam.com/products/medium-tham-tu-tam-linh                                                                                       , Phuong Nam
Mê Cung Của Linh Hồn                                                                                                      , NXB Văn Học                                                           , Còn hàng  , "350,550₫"  , "369,000₫"  , https://nhasachphuongnam.com/products/me-cung-cua-linh-hon                                                                                          , Phuong Nam
Mẹ Chúng Tôi Là Sư Tử                                                                                                     , NXB Lao Động Xã Hội                                                   , Còn hàng  , "142,500₫"  , "150,000₫"  , https://nhasachphuongnam.com/products/me-chung-toi-la-su-tu                                                                                         , Phuong Nam
MAUS - Chuyện Một Kẻ Sống Sót                                                                                             , NXB Hội Nhà Văn                                                       , Còn hàng  , "237,500₫"  , "250,000₫"  , https://nhasachphuongnam.com/products/maus-chuyen-mot-ke-song-sot                                                                                   , Phuong Nam
Mặt Trời Vẫn Mọc                                                                                                          , NXB Văn Học                                                           , Còn hàng  , "142,500₫"  , "150,000₫"  , https://nhasachphuongnam.com/products/mat-troi-van-moc                                                                                              , Phuong Nam
"Mặt Trời Và Thép - Về Nghệ Thuật, Hành Động Và Cái Chết Nghi Thức"                                                       , NXB Hội Nhà Văn                                                       , Còn hàng  , "99,750₫"   , "105,000₫"  , https://nhasachphuongnam.com/products/mat-troi-va-thep-ve-nghe-thuat-hanh-dong-va-cai-chet-nghi-thuc                                                , Phuong Nam
Mặt Trăng Và Đồng Xu                                                                                                      , NXB Hội Nhà Văn                                                       , Còn hàng  , "119,700₫"  , "126,000₫"  , https://nhasachphuongnam.com/products/mat-trang-va-dong-xu                                                                                          , Phuong Nam
Mắt Rỗng                                                                                                                  , NXB Trẻ                                                               , Còn hàng  , "133,000₫"  , "140,000₫"  , https://nhasachphuongnam.com/products/mat-rong                                                                                                      , Phuong Nam
Mật Mã 6:20                                                                                                               , NXB Công Thương                                                       , Còn hàng  , "265,050₫"  , "279,000₫"  , https://nhasachphuongnam.com/products/mat-ma-6-20                                                                                                   , Phuong Nam
Giải Cứu Thời Gian - Phần 3: Khe Nứt Thời Gian                                                                            , NXB Hà Nội                                                            , Còn hàng  , "198,550₫"  , "209,000₫"  , https://nhasachphuongnam.com/products/giai-cuu-thoi-gian-phan-3-khe-nut-thoi-gian                                                                   , Phuong Nam
Maria Beetle - Sát Thủ Đối Đầu                                                                                            , NXB Hà Nội                                                            , Còn hàng  , "236,550₫"  , "249,000₫"  , https://nhasachphuongnam.com/products/maria-beetle-sat-thu-doi-dau                                                                                  , Phuong Nam
Mái Ấm Xa Lạ Của Logan                                                                                                    , NXB Phụ Nữ Việt Nam                                                   , Còn hàng  , "137,750₫"  , "145,000₫"  , https://nhasachphuongnam.com/products/mai-am-xa-la-cua-logan                                                                                        , Phuong Nam
Madam Nhu Trần Lệ Xuân - Quyền Lực Bà Rồng (Tái bản năm 2024)                                                             , NXB Hội Nhà Văn                                                       , Còn hàng  , "148,000₫"  , "185,000₫"  , https://nhasachphuongnam.com/products/madam-nhu-tran-le-xuan-quyen-luc-ba-rong-tai-ban-nam-2024                                                     , Phuong Nam
Ma Quỷ Loạn Cõi Trần                                                                                                      , NXB Dân Trí                                                           , Còn hàng  , "122,550₫"  , "129,000₫"  , https://nhasachphuongnam.com/products/ma-quy-loan-coi-tran                                                                                          , Phuong Nam
Lũ Trẻ Hư Nhất Quả Đất - Tập 3                                                                                            , NXB Hội Nhà Văn                                                       , Còn hàng  , "204,250₫"  , "215,000₫"  , https://nhasachphuongnam.com/products/lu-tre-hu-nhat-qua-dat-tap-3                                                                                  , Phuong Nam
Lost Control - Tập 2                                                                                                      , NXB Dân Trí                                                           , Còn hàng  , "109,250₫"  , "115,000₫"  , https://nhasachphuongnam.com/products/lost-control-tap-2                                                                                            , Phuong Nam
Lost Control - Tập 1                                                                                                      , NXB Thế Giới                                                          , Còn hàng  , "189,050₫"  , "199,000₫"  , https://nhasachphuongnam.com/products/lost-control-tap-1                                                                                            , Phuong Nam
Lớp Có Tang Sự Không Cần Điểm Danh (Tái bản năm 2025)                                                                     , NXB Thanh Niên                                                        , Còn hàng  , "251,750₫"  , "265,000₫"  , https://nhasachphuongnam.com/products/lop-co-tang-su-khong-can-diem-danh-tai-ban-nam-2025                                                           , Phuong Nam
Lớp Có Tang Sự Không Cần Điểm Danh                                                                                        , NXB Thanh Niên                                                        , Còn hàng  , "251,750₫"  , "265,000₫"  , https://nhasachphuongnam.com/products/lop-co-tang-su-khong-can-diem-danh                                                                            , Phuong Nam
Lòng Tôi Nhẹ Khi Mẹ Rời Xa                                                                                                , NXB Dân Trí                                                           , Còn hàng  , "188,100₫"  , "198,000₫"  , https://nhasachphuongnam.com/products/long-toi-nhe-khi-me-roi-xa                                                                                    , Phuong Nam
Long Nhong Trong Hẻm Nhỏ                                                                                                  , NXB Dân Trí                                                           , Còn hàng  , "113,050₫"  , "119,000₫"  , https://nhasachphuongnam.com/products/long-nhong-trong-hem-nho                                                                                      , Phuong Nam
"Lòng Có Niềm Vui, Mọi Sự Đều Đáng Chờ Mong"                                                                              , NXB Dân Trí                                                           , Còn hàng  , "113,050₫"  , "119,000₫"  , https://nhasachphuongnam.com/products/long-co-niem-vui-moi-su-deu-dang-cho-mong                                                                     , Phuong Nam
Lớn Lên Cùng Sách Nguyễn Nhật Ánh                                                                                         , NXB Trẻ                                                               , Còn hàng  , "142,500₫"  , "150,000₫"  , https://nhasachphuongnam.com/products/lon-len-cung-sach-nguyen-nhat-anh                                                                             , Phuong Nam
Lolita (Tái bản năm 2024)                                                                                                 , NXB Thanh Niên                                                        , Còn hàng  , "142,500₫"  , "150,000₫"  , https://nhasachphuongnam.com/products/lolita-tai-ban-nam-2024                                                                                       , Phuong Nam
Lời Từ Biệt Bầu Trời - Tự Sự Của Một Cựu Tiếp Viên Hàng Không                                                             , NXB Phụ Nữ Việt Nam                                                   , Còn hàng  , "125,400₫"  , "132,000₫"  , https://nhasachphuongnam.com/products/loi-tu-biet-bau-troi-tu-su-cua-mot-cuu-tiep-vien-hang-khong                                                   , Phuong Nam
Lời Tỏ Tình Dang Dở                                                                                                       , NXB Thanh Niên                                                        , Còn hàng  , "94,050₫"   , "99,000₫"   , https://nhasachphuongnam.com/products/loi-to-tinh-dang-do                                                                                           , Phuong Nam
Lời Thề Tàn Nhẫn                                                                                                          , NXB Hà Nội                                                            , Còn hàng  , "232,750₫"  , "245,000₫"  , https://nhasachphuongnam.com/products/loi-the-tan-nhan                                                                                              , Phuong Nam
Lời Nguyền Theo Cánh Thiên Di                                                                                             , NXB Phụ Nữ Việt Nam                                                   , Còn hàng  , "201,400₫"  , "212,000₫"  , https://nhasachphuongnam.com/products/loi-nguyen-theo-canh-thien-di                                                                                 , Phuong Nam
Lời Nguyền Chân Ái                                                                                                        , NXB Dân Trí                                                           , Còn hàng  , "170,050₫"  , "179,000₫"  , https://nhasachphuongnam.com/products/loi-nguyen-chan-ai                                                                                            , Phuong Nam
Lời Hồi Đáp Cho Những Ưu Tư                                                                                               , NXB Văn Học                                                           , Còn hàng  , "99,750₫"   , "105,000₫"  , https://nhasachphuongnam.com/products/loi-hoi-dap-cho-nhung-uu-tu                                                                                   , Phuong Nam
Lôi Đi                                                                                                                    , NXB Đà Nẵng                                                           , Còn hàng  , "87,400₫"   , "92,000₫"   , https://nhasachphuongnam.com/products/loi-di                                                                                                        , Phuong Nam
Linh Chi Ngủ Yên                                                                                                          , NXB Văn Học                                                           , Còn hàng  , "217,550₫"  , "229,000₫"  , https://nhasachphuongnam.com/products/linh-chi-ngu-yen                                                                                              , Phuong Nam
Liệt Đồ - Chỉ Em Là Ngoại Lệ                                                                                              , NXB Dân Trí                                                           , Còn hàng  , "232,750₫"  , "245,000₫"  , https://nhasachphuongnam.com/products/liet-do-chi-em-la-ngoai-le                                                                                    , Phuong Nam
Lịch Sử Khẩn Hoang Miền Nam: Biên Khảo (Tái bản năm 2024)                                                                 , NXB Trẻ                                                               , Còn hàng  , "109,250₫"  , "115,000₫"  , https://nhasachphuongnam.com/products/lich-su-khan-hoang-mien-nam-bien-khao-tai-ban-nam-2024                                                        , Phuong Nam
Lê La Từ Nhà Ra Ngõ (Tái bản năm 2025)                                                                                    , NXB Phụ Nữ Việt Nam                                                   , Còn hàng  , "94,050₫"   , "99,000₫"   , https://nhasachphuongnam.com/products/le-la-tu-nha-ra-ngo-tai-ban-nam-2025                                                                          , Phuong Nam
Làng Tôi Lắm Quỷ Nhiều Ma                                                                                                 , NXB Thế Giới                                                          , Còn hàng  , "122,550₫"  , "129,000₫"  , https://nhasachphuongnam.com/products/lang-toi-lam-quy-nhieu-ma                                                                                     , Phuong Nam
Làng Ta Có Một Anh Hùng                                                                                                   , NXB Kim Đồng                                                          , Còn hàng  , "66,500₫"   , "70,000₫"   , https://nhasachphuongnam.com/products/lang-ta-co-mot-anh-hung                                                                                       , Phuong Nam
Lắng Nghe Gió Hát (Tái bản năm 2023)                                                                                      , NXB Hà Nội                                                            , Còn hàng  , "83,600₫"   , "88,000₫"   , https://nhasachphuongnam.com/products/lang-nghe-gio-hat-tai-ban-nam-2023                                                                            , Phuong Nam
Lần Đầu Tiên                                                                                                              , NXB Văn Học                                                           , Còn hàng  , "106,400₫"  , "112,000₫"  , https://nhasachphuongnam.com/products/lan-dau-tien                                                                                                  , Phuong Nam
"Làm ""Pạn"" Với Những Cuộc Đời ""Ngoại Hạng"""                                                                           , Nxv Tổng Hợp Đồng Nai                                                 , Còn hàng  , "189,050₫"  , "199,000₫"  , https://nhasachphuongnam.com/products/lam-pan-voi-nhung-cuoc-doi-ngoai-hang                                                                         , Phuong Nam
Lại Là Một Ngày Cảm Thấy Mình Ổn Áp                                                                                       , NXB Hà Nội                                                            , Còn hàng  , "152,000₫"  , "160,000₫"  , https://nhasachphuongnam.com/products/lai-la-mot-ngay-cam-thay-minh-on-ap                                                                           , Phuong Nam
Lạc Giữa Tần Số Không Người Nghe                                                                                          , NXB Phụ Nữ Việt Nam                                                   , Còn hàng  , "81,700₫"   , "86,000₫"   , https://nhasachphuongnam.com/products/lac-giua-tan-so-khong-nguoi-nghe                                                                              , Phuong Nam
Lạc Giữa Muôn Trùng Nỗi Buồn                                                                                              , NXB Dân Trí                                                           , Còn hàng  , "96,900₫"   , "102,000₫"  , https://nhasachphuongnam.com/products/lac-giua-muon-trung-noi-buon                                                                                  , Phuong Nam
Lắc Đầu Cùng Chiếc Quạt                                                                                                   , NXB Hà Nội                                                            , Còn hàng  , "64,600₫"   , "68,000₫"   , https://nhasachphuongnam.com/products/lac-dau-cung-chiec-quat                                                                                       , Phuong Nam
Là Mình Phiên Bản Rực Rỡ Nhất                                                                                             , NXB Văn Học                                                           , Còn hàng  , "118,750₫"  , "125,000₫"  , https://nhasachphuongnam.com/products/la-minh-phien-ban-ruc-ro-nhat                                                                                 , Phuong Nam
Lá Cờ Bên Chiếc Ba Lô                                                                                                     , NXB Dân Trí                                                           , Còn hàng  , "99,750₫"   , "105,000₫"  , https://nhasachphuongnam.com/products/la-co-ben-chiec-ba-lo                                                                                         , Phuong Nam
Là Bình Thường Dữ Chưa?                                                                                                   , NXB Phụ Nữ Việt Nam                                                   , Còn hàng  , "75,050₫"   , "79,000₫"   , https://nhasachphuongnam.com/products/la-binh-thuong-du-chua                                                                                        , Phuong Nam
Là Ánh Sáng Cũng Là Tình Yêu                                                                                              , NXB Thế Giới                                                          , Còn hàng  , "110,200₫"  , "116,000₫"  , https://nhasachphuongnam.com/products/la-anh-sang-cung-la-tinh-yeu                                                                                  , Phuong Nam
Kỷ Vật Vô Giá                                                                                                             , NXB Dân Trí                                                           , Còn hàng  , "208,050₫"  , "219,000₫"  , https://nhasachphuongnam.com/products/ky-vat-vo-gia                                                                                                 , Phuong Nam
"Kỷ Vật Gia Đình - Mẹ Ơi, Hãy Kể Con Nghe"                                                                                , NXB Văn Học                                                           , Còn hàng  , "159,600₫"  , "168,000₫"  , https://nhasachphuongnam.com/products/ky-vat-gia-dinh-me-oi-hay-ke-con-nghe                                                                         , Phuong Nam
"Kỷ Vật Gia Đình - Cha Ơi, Hãy Kể Con Nghe"                                                                               , NXB Văn Học                                                           , Còn hàng  , "159,600₫"  , "168,000₫"  , https://nhasachphuongnam.com/products/ky-vat-gia-dinh-cha-oi-hay-ke-con-nghe                                                                        , Phuong Nam
Ký Sự Người Nuôi Chó                                                                                                      , NXB Lao Động Xã Hội                                                   , Còn hàng  , "95,000₫"   , "100,000₫"  , https://nhasachphuongnam.com/products/ky-su-nguoi-nuoi-cho                                                                                          , Phuong Nam
Kỵ Sĩ Không Đầu                                                                                                           , NXB Văn Học                                                           , Còn hàng  , "71,250₫"   , "75,000₫"   , https://nhasachphuongnam.com/products/ky-si-khong-dau                                                                                               , Phuong Nam
Kỳ Án Trên Tháp Hoa Hồng                                                                                                  , NXB Dân Trí                                                           , Còn hàng  , "113,050₫"  , "119,000₫"  , https://nhasachphuongnam.com/products/ky-an-tren-thap-hoa-hong                                                                                      , Phuong Nam
Kỳ Án Pháp Y 2 - Truy Tìm Bằng Chứng: Lời Thì Thầm Của Tử Thi                                                             , NXB Dân Trí                                                           , Còn hàng  , "118,750₫"  , "125,000₫"  , https://nhasachphuongnam.com/products/ky-an-phap-y-2-truy-tim-bang-chung-loi-thi-tham-cua-tu-thi                                                    , Phuong Nam
Kỳ Án Pháp Y - Mật Mã Tử Vong: Chuyện Chưa Kể Sau Cánh Cửa Phòng Pháp Y                                                   , NXB Dân Trí                                                           , Còn hàng  , "118,750₫"  , "125,000₫"  , https://nhasachphuongnam.com/products/ky-an-phap-y-mat-ma-tu-vong-chuyen-chua-ke-sau-canh-cua-phong-phap-y                                          , Phuong Nam
Kỳ Án Dòng Chữ Tắt (Tái bản năm 2023)                                                                                     , NXB Trẻ                                                               , Còn hàng  , "161,500₫"  , "170,000₫"  , https://nhasachphuongnam.com/products/ky-an-dong-chu-tat-tai-ban-nam-2023                                                                           , Phuong Nam
Kiện Trời                                                                                                                 , NXB Hội Nhà Văn                                                       , Còn hàng  , "94,050₫"   , "99,000₫"   , https://nhasachphuongnam.com/products/kien-troi                                                                                                     , Phuong Nam
Khúc Xương Biết Hát                                                                                                       , NXB Dân Trí                                                           , Còn hàng  , "91,200₫"   , "96,000₫"   , https://nhasachphuongnam.com/products/khuc-xuong-biet-hat                                                                                           , Phuong Nam
Khúc Ca Chuộc Tội                                                                                                         , NXB Dân Trí                                                           , Còn hàng  , "151,050₫"  , "159,000₫"  , https://nhasachphuongnam.com/products/khuc-ca-chuoc-toi                                                                                             , Phuong Nam
Khúc Bi Ca Của Gã Dân Quê - Hồi Ức Về Một Gia Đình Và Một Nền Văn Hóa Trong Cơn Khủng Hoảng                               , NXB Thế Giới                                                          , Còn hàng  , "179,100₫"  , "199,000₫"  , https://nhasachphuongnam.com/products/khuc-bi-ca-cua-ga-dan-que-hoi-uc-ve-mot-gia-dinh-va-mot-nen-van-hoa-trong-con-khung-hoang                     , Phuong Nam
Khu Vườn Dối Trá                                                                                                          , NXB Dân Trí                                                           , Còn hàng  , "134,900₫"  , "142,000₫"  , https://nhasachphuongnam.com/products/khu-vuon-doi-tra                                                                                              , Phuong Nam
Khu Vườn Bí Mật (Sách Đông A)                                                                                             , NXB Văn Học                                                           , Còn hàng  , "104,500₫"  , "110,000₫"  , https://nhasachphuongnam.com/products/khu-vuon-bi-mat-sach-dong-a                                                                                   , Phuong Nam
Khu Tập Thể Đường Tàu                                                                                                     , NXB Trẻ                                                               , Còn hàng  , "166,250₫"  , "175,000₫"  , https://nhasachphuongnam.com/products/khu-tap-the-duong-tau                                                                                         , Phuong Nam
Khu Rừng Ma Ám                                                                                                            , NXB Dân Trí                                                           , Còn hàng  , "160,550₫"  , "169,000₫"  , https://nhasachphuongnam.com/products/khu-rung-ma-am                                                                                                , Phuong Nam
Khứ Linh Thám                                                                                                             , NXB Hội Nhà Văn                                                       , Còn hàng  , "160,550₫"  , "169,000₫"  , https://nhasachphuongnam.com/products/khu-linh-tham                                                                                                 , Phuong Nam
"Không Phải Ai Sinh Ra Đã Xuất Sắc, Tất Cả Là Nhờ Nỗ Lực"                                                                 , NXB Văn Học                                                           , Còn hàng  , "103,550₫"  , "109,000₫"  , https://nhasachphuongnam.com/products/khong-phai-ai-sinh-ra-da-xuat-sac-tat-ca-la-nho-no-luc                                                        , Phuong Nam
"Không Mong Bạn Hạnh Phúc, Chỉ Mong Bạn Bình An"                                                                          , NXB Văn Học                                                           , Còn hàng  , "85,500₫"   , "90,000₫"   , https://nhasachphuongnam.com/products/khong-mong-ban-hanh-phuc-chi-mong-ban-binh-an                                                                 , Phuong Nam
Không Giới Hạn: Elon Musk - Thiên Tài Siêu Phàm Của Thế Kỷ 21                                                             , NXB Văn Học                                                           , Còn hàng  , "131,100₫"  , "138,000₫"  , https://nhasachphuongnam.com/products/khong-gioi-han-elon-musk-thien-tai-sieu-pham-cua-the-ky-21                                                    , Phuong Nam
Không Gia Đình (Tái bản năm 2024) (Sách Huy Hoàng - Bìa cứng)                                                             , NXB Văn Học                                                           , Còn hàng  , "204,250₫"  , "215,000₫"  , https://nhasachphuongnam.com/products/khong-gia-dinh-tai-ban-nam-2024-sach-huy-hoang-bia-cung                                                       , Phuong Nam
Không Gia Đình (Bìa mềm)                                                                                                  , NXB Văn Học                                                           , Còn hàng  , "140,600₫"  , "148,000₫"  , https://nhasachphuongnam.com/products/khong-gia-dinh-bia-mem                                                                                        , Phuong Nam
Không Gia Đình - Tập 2 (Song ngữ Việt-Anh)                                                                                , NXB Văn Học                                                           , Còn hàng  , "84,550₫"   , "89,000₫"   , https://nhasachphuongnam.com/products/khong-gia-dinh-tap-2-song-ngu-viet-anh                                                                        , Phuong Nam
Không Gia Đình - Tập 1 (Song ngữ Việt-Anh)                                                                                , NXB Văn Học                                                           , Còn hàng  , "84,550₫"   , "89,000₫"   , https://nhasachphuongnam.com/products/khong-gia-dinh-tap-1-song-ngu-viet-anh                                                                        , Phuong Nam
Không Có Tuyệt Vọng Trên Instagram                                                                                        , NXB Thông Tấn                                                         , Còn hàng  , "137,750₫"  , "145,000₫"  , https://nhasachphuongnam.com/products/khong-co-tuyet-vong-tren-instagram                                                                            , Phuong Nam
Không Có Gì Vĩ Đại                                                                                                        , NXB Dân Trí                                                           , Còn hàng  , "138,700₫"  , "146,000₫"  , https://nhasachphuongnam.com/products/khong-co-gi-vi-dai                                                                                            , Phuong Nam
"Không Câu Nào Nói Yêu, Nhưng Tất Cả Đều Là Yêu (Sổ tay)"                                                                 , NXB Phụ Nữ Việt Nam                                                   , Còn hàng  , "64,600₫"   , "68,000₫"   , https://nhasachphuongnam.com/products/khong-cau-nao-noi-yeu-nhung-tat-ca-deu-la-yeu-so-tay                                                          , Phuong Nam
Khôn Ninh - Tập 1                                                                                                         , NXB Văn Học                                                           , Còn hàng  , "227,050₫"  , "239,000₫"  , https://nhasachphuongnam.com/products/khon-ninh-tap-1                                                                                               , Phuong Nam
Kho Tàng Truyện Cổ Tích Việt Nam (Bộ 2 cuốn) (Sách Đông A)                                                                , NXB Hội Nhà Văn                                                       , Còn hàng  , "1,140,000₫", "1,200,000₫", https://nhasachphuongnam.com/products/kho-tang-truyen-co-tich-viet-nam-bo-2-cuon-sach-dong-a                                                        , Phuong Nam
Khó Dỗ Dành - Tập 1                                                                                                       , NXB Văn Học                                                           , Còn hàng  , "194,750₫"  , "205,000₫"  , https://nhasachphuongnam.com/products/kho-do-danh-tap-1                                                                                             , Phuong Nam
Kho Báu Của Loài Người                                                                                                    , NXB Văn Học                                                           , Còn hàng  , "175,750₫"  , "185,000₫"  , https://nhasachphuongnam.com/products/kho-bau-cua-loai-nguoi                                                                                        , Phuong Nam
"Khi Tôi Còn Thời Gian Một Năm, Thì Gặp Được Em Chỉ Còn Lại Sáu Tháng Cuộc Đời"                                           , NXB Văn Học                                                           , Còn hàng  , "141,550₫"  , "149,000₫"  , https://nhasachphuongnam.com/products/khi-toi-con-thoi-gian-mot-nam-thi-gap-duoc-em-chi-con-lai-sau-thang-cuoc-doi                                  , Phuong Nam
Khi Tia Lửa Vụt Tắt                                                                                                       , NXB Dân Trí                                                           , Còn hàng  , "93,100₫"   , "98,000₫"   , https://nhasachphuongnam.com/products/khi-tia-lua-vut-tat                                                                                           , Phuong Nam
Khi Sao Kim Phải Lòng Sao Hỏa                                                                                             , NXB Thanh Niên                                                        , Còn hàng  , "94,050₫"   , "99,000₫"   , https://nhasachphuongnam.com/products/khi-sao-kim-phai-long-sao-hoa                                                                                 , Phuong Nam
Khi Nhìn Chằm Chằm Vực Thẳm                                                                                               , NXB Hà Nội                                                            , Còn hàng  , "137,750₫"  , "145,000₫"  , https://nhasachphuongnam.com/products/khi-nhin-cham-cham-vuc-tham                                                                                   , Phuong Nam
Khi Lời Nói Dối Là Vũ Khí                                                                                                 , NXB Dân Trí                                                           , Còn hàng  , "166,250₫"  , "175,000₫"  , https://nhasachphuongnam.com/products/khi-loi-noi-doi-la-vu-khi                                                                                     , Phuong Nam
Khi Hai Ta Về Một Nhà                                                                                                     , NXB Phụ Nữ Việt Nam                                                   , Còn hàng  , "93,100₫"   , "98,000₫"   , https://nhasachphuongnam.com/products/khi-hai-ta-ve-mot-nha                                                                                         , Phuong Nam
Khi Địa Ngục Trống Rỗng                                                                                                   , NXB Dân Trí                                                           , Còn hàng  , "103,550₫"  , "109,000₫"  , https://nhasachphuongnam.com/products/khi-dia-nguc-trong-rong                                                                                       , Phuong Nam
Khi Cô Đơn Là Ánh Dương Dẫn Đường                                                                                         , NXB Thế Giới                                                          , Còn hàng  , "93,100₫"   , "98,000₫"   , https://nhasachphuongnam.com/products/khi-co-don-la-anh-duong-dan-duong                                                                             , Phuong Nam
Khi Bà Nội Mặc Bikini                                                                                                     , NXB Phụ Nữ Việt Nam                                                   , Còn hàng  , "78,850₫"   , "83,000₫"   , https://nhasachphuongnam.com/products/khi-ba-noi-mac-bikini                                                                                         , Phuong Nam
Khi “Tôi” Tỉnh Giấc                                                                                                       , NXB Văn Học                                                           , Còn hàng  , "103,550₫"  , "109,000₫"  , https://nhasachphuongnam.com/products/khi-toi-tinh-giac                                                                                             , Phuong Nam
Khẽ Nắm Bàn Tay Em                                                                                                        , NXB Dân Trí                                                           , Còn hàng  , "93,100₫"   , "98,000₫"   , https://nhasachphuongnam.com/products/khe-nam-ban-tay-em                                                                                            , Phuong Nam
Duyên Nợ Thái Bình Dương                                                                                                  , NXB Thế Giới                                                          , Còn hàng  , "94,050₫"   , "99,000₫"   , https://nhasachphuongnam.com/products/duyen-no-thai-binh-duong                                                                                      , Phuong Nam
Khách Sạn Sau Song Sắt                                                                                                    , NXB Văn Học                                                           , Còn hàng  , "113,050₫"  , "119,000₫"  , https://nhasachphuongnam.com/products/khach-san-sau-song-sat                                                                                        , Phuong Nam
Kết Thúc Của Chúng Ta                                                                                                     , NXB Hội Nhà Văn                                                       , Còn hàng  , "178,600₫"  , "188,000₫"  , https://nhasachphuongnam.com/products/ket-thuc-cua-chung-ta                                                                                         , Phuong Nam
Kết Hôn Với Bạn Học - Tập 1                                                                                               , NXB Dân Trí                                                           , Còn hàng  , "156,750₫"  , "165,000₫"  , https://nhasachphuongnam.com/products/ket-hon-voi-ban-hoc-tap-1                                                                                     , Phuong Nam
Đứa Trẻ Thứ Sáu                                                                                                           , NXB Thanh Niên                                                        , Còn hàng  , "179,550₫"  , "189,000₫"  , https://nhasachphuongnam.com/products/dua-tre-thu-sau                                                                                               , Phuong Nam
"Du Tử Lê: Những Tùy Bút Cuối Cùng - Nhân Vật, Văn Nghệ Sài Gòn Một Thuở"                                                 , NXB Phụ Nữ Việt Nam                                                   , Còn hàng  , "179,550₫"  , "189,000₫"  , https://nhasachphuongnam.com/products/du-tu-le-nhung-tuy-but-cuoi-cung-nhan-vat-van-nghe-sai-gon-mot-thuo                                           , Phuong Nam
Kéo Búa Bao                                                                                                               , NXB Phụ Nữ Việt Nam                                                   , Còn hàng  , "217,550₫"  , "229,000₫"  , https://nhasachphuongnam.com/products/keo-bua-bao                                                                                                   , Phuong Nam
Kẻ Trộm Cà Chua                                                                                                           , NXB Phụ Nữ Việt Nam                                                   , Còn hàng  , "91,200₫"   , "96,000₫"   , https://nhasachphuongnam.com/products/ke-trom-ca-chua                                                                                               , Phuong Nam
Kẻ Sát Nhân Ở Số Nhà 21 (Tái bản năm 2025)                                                                                , NXB Dân Trí                                                           , Còn hàng  , "103,550₫"  , "109,000₫"  , https://nhasachphuongnam.com/products/ke-sat-nhan-o-so-nha-21-tai-ban-nam-2025                                                                      , Phuong Nam
"Drama Nuôi Tôi Lớn, Loài Người Dạy Tôi Khôn"                                                                             , NXB Phụ Nữ Việt Nam                                                   , Còn hàng  , "94,050₫"   , "99,000₫"   , https://nhasachphuongnam.com/products/drama-nuoi-toi-lon-loai-nguoi-day-toi-khon                                                                    , Phuong Nam
Kẻ Khác - Guillaume Musso                                                                                                 , NXB Văn Học                                                           , Còn hàng  , "178,600₫"  , "188,000₫"  , https://nhasachphuongnam.com/products/ke-khac-guillaume-musso                                                                                       , Phuong Nam
Kẻ Cuối Cùng Trong Sáu Người                                                                                              , NXB Dân Trí                                                           , Còn hàng  , "91,200₫"   , "96,000₫"   , https://nhasachphuongnam.com/products/ke-cuoi-cung-trong-sau-nguoi                                                                                  , Phuong Nam
Kẻ Chủ Mưu                                                                                                                , NXB Dân Trí                                                           , Còn hàng  , "147,250₫"  , "155,000₫"  , https://nhasachphuongnam.com/products/ke-chu-muu                                                                                                    , Phuong Nam
Kẻ Canh Gác Bầu Trời - Những Chân Trời Đã Mất                                                                             , NXB Văn Học                                                           , Còn hàng  , "189,050₫"  , "199,000₫"  , https://nhasachphuongnam.com/products/ke-canh-gac-bau-troi-nhung-chan-troi-da-mat                                                                   , Phuong Nam
"Kẻ ""Hủy Diệt"" Ngôn Từ"                                                                                                 , NXB Dân Trí                                                           , Còn hàng  , "94,050₫"   , "99,000₫"   , https://nhasachphuongnam.com/products/ke-huy-diet-ngon-tu                                                                                           , Phuong Nam
Kafka Bên Bờ Biển (Tái bản năm 2024)                                                                                      , NXB Văn Học                                                           , Còn hàng  , "178,600₫"  , "188,000₫"  , https://nhasachphuongnam.com/products/kafka-ben-bo-bien-tai-ban-nam-2024                                                                            , Phuong Nam
Juliette Và Tiệm Sách Bí Ẩn Ở Paris                                                                                       , NXB Thanh Niên                                                        , Còn hàng  , "151,050₫"  , "159,000₫"  , https://nhasachphuongnam.com/products/juliette-va-tiem-sach-bi-an-o-paris                                                                           , Phuong Nam
Journey Into Darkness - Vào Trong Bóng Tối                                                                                , NXB Dân Trí                                                           , Còn hàng  , "171,000₫"  , "180,000₫"  , https://nhasachphuongnam.com/products/journey-into-darkness-vao-trong-bong-toi                                                                      , Phuong Nam
Jane Eyre (Tái bản năm 2024) (Bìa cứng)                                                                                   , NXB Văn Học                                                           , Còn hàng  , "270,750₫"  , "285,000₫"  , https://nhasachphuongnam.com/products/jane-eyre-tai-ban-nam-2024-bia-cung                                                                           , Phuong Nam
Dòng Sông Ly Biệt                                                                                                         , NXB Văn Học                                                           , Còn hàng  , "179,550₫"  , "189,000₫"  , https://nhasachphuongnam.com/products/dong-song-ly-biet                                                                                             , Phuong Nam
Iron Flame - Lửa Thép                                                                                                     , NXB Trẻ                                                               , Còn hàng  , "308,750₫"  , "325,000₫"  , https://nhasachphuongnam.com/products/iron-flame-lua-thep                                                                                           , Phuong Nam
Hy Vọng Về Những Lẽ Thân Thiết Nhất                                                                                       , NXB Phụ Nữ Việt Nam                                                   , Còn hàng  , "198,550₫"  , "209,000₫"  , https://nhasachphuongnam.com/products/hy-vong-ve-nhung-le-than-thiet-nhat                                                                           , Phuong Nam
Huỳnh Thị Bảo Hòa: Vấn Đề Phụ Nữ Ở Nước Ta                                                                                , NXB Phụ Nữ Việt Nam                                                   , Còn hàng  , "142,500₫"  , "150,000₫"  , https://nhasachphuongnam.com/products/huynh-thi-bao-hoa-van-de-phu-nu-o-nuoc-ta                                                                     , Phuong Nam
Hữu Châu: Chiếc Nôi Vàng Giông Bão (Bìa mềm)                                                                              , NXB Dân Trí                                                           , Còn hàng  , "331,550₫"  , "349,000₫"  , https://nhasachphuongnam.com/products/huu-chau-chiec-noi-vang-giong-bao-bia-mem                                                                     , Phuong Nam
Hương Linh Chấp Niệm                                                                                                      , NXB Lao Động Xã Hội                                                   , Còn hàng  , "84,550₫"   , "89,000₫"   , https://nhasachphuongnam.com/products/huong-linh-chap-niem                                                                                          , Phuong Nam
Hướng Dẫn Thư Viện Dành Cho Người Ghét Đọc                                                                                , NXB Thanh Niên                                                        , Còn hàng  , "141,550₫"  , "149,000₫"  , https://nhasachphuongnam.com/products/huong-dan-thu-vien-danh-cho-nguoi-ghet-doc                                                                    , Phuong Nam
Huế - Chuyện Xưa Thành Cũ                                                                                                 , NXB Lao Động Xã Hội                                                   , Còn hàng  , "161,500₫"  , "170,000₫"  , https://nhasachphuongnam.com/products/hue-chuyen-xua-thanh-cu                                                                                       , Phuong Nam
Hứa Rằng Cậu Sẽ Luôn Mỉm Cười Với Chính Mình                                                                              , NXB Lao Động Xã Hội                                                   , Còn hàng  , "113,050₫"  , "119,000₫"  , https://nhasachphuongnam.com/products/hua-rang-cau-se-luon-mim-cuoi-voi-chinh-minh                                                                  , Phuong Nam
Đổi Nụ Cười Lấy Bên Người Trăm Năm                                                                                        , NXB Phụ Nữ Việt Nam                                                   , Còn hàng  , "78,850₫"   , "83,000₫"   , https://nhasachphuongnam.com/products/doi-nu-cuoi-lay-ben-nguoi-tram-nam                                                                            , Phuong Nam
Horla Và Những Truyện Kỳ Lạ Khác                                                                                          , NXB Hội Nhà Văn                                                       , Còn hàng  , "57,000₫"   , "60,000₫"   , https://nhasachphuongnam.com/products/horla-va-nhung-truyen-ky-la-khac                                                                              , Phuong Nam
Đoản Khúc Chiều Phù Dung                                                                                                  , NXB Trẻ                                                               , Còn hàng  , "62,700₫"   , "66,000₫"   , https://nhasachphuongnam.com/products/doan-khuc-chieu-phu-dung                                                                                      , Phuong Nam
Hỗn Độn Và Khu Vườn                                                                                                       , NXB Hội Nhà Văn                                                       , Còn hàng  , "159,600₫"  , "168,000₫"  , https://nhasachphuongnam.com/products/hon-don-va-khu-vuon                                                                                           , Phuong Nam
Hòn Đảo Bí Mật - Tập 1                                                                                                    , NXB Thanh Niên                                                        , Còn hàng  , "141,550₫"  , "149,000₫"  , https://nhasachphuongnam.com/products/hon-dao-bi-mat-tap-1                                                                                          , Phuong Nam
Hôm Nay Tôi Lại Bị Ép Sống Lại - Tập 3                                                                                    , NXB Hà Nội                                                            , Còn hàng  , "166,250₫"  , "175,000₫"  , https://nhasachphuongnam.com/products/hom-nay-toi-lai-bi-ep-song-lai-tap-3                                                                          , Phuong Nam
Hôm Nay Tôi Lại Bị Ép Sống Lại - Tập 2                                                                                    , NXB Hà Nội                                                            , Còn hàng  , "166,250₫"  , "175,000₫"  , https://nhasachphuongnam.com/products/hom-nay-toi-lai-bi-ep-song-lai-tap-2                                                                          , Phuong Nam
Hôm Nay Tôi Lại Bị Ép Sống Lại - Tập 1                                                                                    , NXB Hà Nội                                                            , Còn hàng  , "166,250₫"  , "175,000₫"  , https://nhasachphuongnam.com/products/hom-nay-toi-lai-bi-ep-song-lai-tap-1                                                                          , Phuong Nam
"Hôm Nay Nhiều Mây, Mai Trời Sẽ Lại Nắng"                                                                                 , NXB Lao Động Xã Hội                                                   , Còn hàng  , "94,050₫"   , "99,000₫"   , https://nhasachphuongnam.com/products/hom-nay-nhieu-may-mai-troi-se-lai-nang                                                                        , Phuong Nam
Hôm Nay Nếu Có Thể Hãy Về Nhà Ăn Cơm                                                                                      , NXB Văn Học                                                           , Còn hàng  , "96,900₫"   , "102,000₫"  , https://nhasachphuongnam.com/products/hom-nay-neu-co-the-hay-ve-nha-an-com                                                                          , Phuong Nam
Hôm Nay Một Người Đàn Bà Hoá Điên Trong Siêu Thị                                                                          , NXB Phụ Nữ Việt Nam                                                   , Còn hàng  , "140,600₫"  , "148,000₫"  , https://nhasachphuongnam.com/products/hom-nay-mot-nguoi-dan-ba-hoa-dien-trong-sieu-thi                                                              , Phuong Nam
Hôm Nay Là Ngày Đẹp Trời Để Chia Tay Nỗi Buồn (Song ngữ Việt-Trung)                                                       , NXB Phụ Nữ Việt Nam                                                   , Còn hàng  , "94,050₫"   , "99,000₫"   , https://nhasachphuongnam.com/products/hom-nay-la-ngay-dep-troi-de-chia-tay-noi-buon-song-ngu-viet-trung                                             , Phuong Nam
Holly - Tù Nhân Dưới Tầng Hầm                                                                                             , NXB Thanh Niên                                                        , Còn hàng  , "332,500₫"  , "350,000₫"  , https://nhasachphuongnam.com/products/holly-tu-nhan-duoi-tang-ham                                                                                   , Phuong Nam
Hồi Ức Phú Nhuận (Bìa mềm)                                                                                                , NXB Thế Giới                                                          , Còn hàng  , "271,200₫"  , "339,000₫"  , https://nhasachphuongnam.com/products/hoi-uc-phu-nhuan-bia-mem                                                                                      , Phuong Nam
Hồi Ức Phú Nhuận (Bìa cứng)                                                                                               , NXB Thế Giới                                                          , Còn hàng  , "390,150₫"  , "459,000₫"  , https://nhasachphuongnam.com/products/hoi-uc-phu-nhuan-bia-cung                                                                                     , Phuong Nam
"Hồi Ức Đến Tương Lai - Suy Ngẫm Về Văn Hóa, Giáo Dục Và Con Đường Phát Triển Của Việt Nam"                               , NXB Đà Nẵng                                                           , Còn hàng  , "260,100₫"  , "289,000₫"  , https://nhasachphuongnam.com/products/hoi-uc-den-tuong-lai-suy-ngam-ve-van-hoa-giao-duc-va-con-duong-phat-trien-cua-viet-nam                        , Phuong Nam
Hỡi Những Người Tiên Phong                                                                                                , NXB Phụ Nữ Việt Nam                                                   , Còn hàng  , "85,500₫"   , "90,000₫"   , https://nhasachphuongnam.com/products/hoi-nhung-nguoi-tien-phong                                                                                    , Phuong Nam
Hồi Ký Phóng Viên Chiến Trường                                                                                            , NXB Công Thương                                                       , Còn hàng  , "215,200₫"  , "269,000₫"  , https://nhasachphuongnam.com/products/hoi-ky-phong-vien-chien-truong                                                                                , Phuong Nam
"Hồi Ký Nguyễn Thị Bình: Gia Đình, Bạn Bè Và Đất Nước - NXB Chính Trị Quốc Gia (Bìa cứng)"                                , NXB Chính Trị Quốc Gia-Sự Thật                                        , Còn hàng  , "212,800₫"  , "224,000₫"  , https://nhasachphuongnam.com/products/hoi-ky-nguyen-thi-binh-gia-dinh-ban-be-va-dat-nuoc-nxb-chinh-tri-quoc-gia-bia-cung                            , Phuong Nam
"Hồi Ký Nguyễn Thị Bình: Gia Đình, Bạn Bè Và Đất Nước - Alphabooks (Bìa mềm)"                                             , NXB Chính Trị Quốc Gia-Sự Thật                                        , Còn hàng  , "143,100₫"  , "159,000₫"  , https://nhasachphuongnam.com/products/hoi-ky-nguyen-thi-binh-gia-dinh-ban-be-va-dat-nuoc-alphabooks-bia-mem                                         , Phuong Nam
Hồi Ký Lý Quang Diệu - Tập 2: Từ Thế Giới Thứ Ba Vươn Lên Thứ Nhất (Tái bản năm 2023)                                     , NXB Thế Giới                                                          , Còn hàng  , "413,100₫"  , "459,000₫"  , https://nhasachphuongnam.com/products/hoi-ky-ly-quang-dieu-tap-2-tu-the-gioi-thu-ba-vuon-len-thu-nhat-tai-ban-nam-2023                              , Phuong Nam
Hồi Ký Lý Quang Diệu - Tập 1: Câu Chuyện Singapore (Tái bản năm 2023)                                                     , NXB Thế Giới                                                          , Còn hàng  , "359,100₫"  , "399,000₫"  , https://nhasachphuongnam.com/products/hoi-ky-ly-quang-dieu-tap-1-cau-chuyen-singapore-tai-ban-nam-2023                                              , Phuong Nam
"Hồi Ký Đời Ký Giả Chuyên Nghiệp Hay Chuyện ""Nghiệp Báo Bổ"""                                                            , NXB Hội Nhà Văn                                                       , Còn hàng  , "242,100₫"  , "269,000₫"  , https://nhasachphuongnam.com/products/hoi-ky-doi-ky-gia-chuyen-nghiep-hay-chuyen-nghiep-bao-bo                                                      , Phuong Nam
Hồi Ký Alex Ferguson (Tái bản năm 2024)                                                                                   , NXB Trẻ                                                               , Còn hàng  , "185,250₫"  , "195,000₫"  , https://nhasachphuongnam.com/products/hoi-ky-alex-ferguson-tai-ban-nam-2024                                                                         , Phuong Nam
Hội Chứng Mì Spaghetti                                                                                                    , NXB Phụ Nữ Việt Nam                                                   , Còn hàng  , "166,250₫"  , "175,000₫"  , https://nhasachphuongnam.com/products/hoi-chung-mi-spaghetti                                                                                        , Phuong Nam
Hội Bàn Tròn Ma Thuật - Tập 1: Legendborn                                                                                 , NXB Văn Học                                                           , Còn hàng  , "236,550₫"  , "249,000₫"  , https://nhasachphuongnam.com/products/hoi-ban-tron-ma-thuat-tap-1-legendborn                                                                        , Phuong Nam
HOÀNG LÊ NHẤT THỐNG CHÍ                                                                                                   , Nhà Sách Minh Thắng                                                   , Còn hàng  , "109,250₫"  , "115,000₫"  , https://nhasachphuongnam.com/products/hoang-le-nhat-thong-chi                                                                                       , Phuong Nam
Hoàng Hôn Đợi Một Người                                                                                                   , NXB Văn Học                                                           , Còn hàng  , "103,550₫"  , "109,000₫"  , https://nhasachphuongnam.com/products/hoang-hon-doi-mot-nguoi                                                                                       , Phuong Nam
Hoa Xuân Trong Gió Xuân                                                                                                   , NXB Hội Nhà Văn                                                       , Còn hàng  , "232,750₫"  , "245,000₫"  , https://nhasachphuongnam.com/products/hoa-xuan-trong-gio-xuan                                                                                       , Phuong Nam
Hỏa Ngục (Tái bản năm 2023)                                                                                               , NXB Lao Động Xã Hội                                                   , Còn hàng  , "227,050₫"  , "239,000₫"  , https://nhasachphuongnam.com/products/hoa-nguc-tai-ban-nam-2023                                                                                     , Phuong Nam
"Hoa Gặp Hoa Nở, Người Gặp Người Thương"                                                                                  , NXB Phụ Nữ Việt Nam                                                   , Còn hàng  , "96,900₫"   , "102,000₫"  , https://nhasachphuongnam.com/products/hoa-gap-hoa-no-nguoi-gap-nguoi-thuong                                                                         , Phuong Nam
Hồ Xuân Hương                                                                                                             , NXB Tổng Hợp TP.HCM                                                   , Còn hàng  , "190,000₫"  , "200,000₫"  , https://nhasachphuongnam.com/products/ho-xuan-huong                                                                                                 , Phuong Nam
Họ Trở Thành Nhân Vật Của Tôi (Tái bản năm 2024)                                                                          , NXB Trẻ                                                               , Còn hàng  , "166,250₫"  , "175,000₫"  , https://nhasachphuongnam.com/products/ho-tro-thanh-nhan-vat-cua-toi-tai-ban-nam-2024                                                                , Phuong Nam
Hồ Sơ Tâm Lý Phạm Tội - Tập 5                                                                                             , NXB Dân Trí                                                           , Còn hàng  , "217,550₫"  , "229,000₫"  , https://nhasachphuongnam.com/products/ho-so-tam-ly-pham-toi-tap-5                                                                                   , Phuong Nam
Hồ Sơ Tâm Lí Tội Phạm - Tập 4                                                                                             , NXB Kim Đồng                                                          , Còn hàng  , "133,000₫"  , "140,000₫"  , https://nhasachphuongnam.com/products/ho-so-tam-li-toi-pham-tap-4                                                                                   , Phuong Nam
Hồ Sơ Tâm Lí Tội Phạm - Tập 3                                                                                             , NXB Kim Đồng                                                          , Còn hàng  , "133,000₫"  , "140,000₫"  , https://nhasachphuongnam.com/products/ho-so-tam-li-toi-pham-tap-3                                                                                   , Phuong Nam
Hồ Sơ Mật Pháp Y - Nhân Chứng Vắng Mặt Tại Hiện Trường                                                                    , NXB Văn Học                                                           , Còn hàng  , "147,250₫"  , "155,000₫"  , https://nhasachphuongnam.com/products/ho-so-mat-phap-y-nhan-chung-vang-mat-tai-hien-truong                                                          , Phuong Nam
Hồ Sơ Castle Knoll #1 - Dưới Cánh Xương Tàn                                                                               , NXB Trẻ                                                               , Còn hàng  , "171,000₫"  , "180,000₫"  , https://nhasachphuongnam.com/products/ho-so-castle-knoll-1-duoi-canh-xuong-tan                                                                      , Phuong Nam
Hiệu Sách Trên Đảo                                                                                                        , NXB Phụ Nữ Việt Nam                                                   , Còn hàng  , "137,750₫"  , "145,000₫"  , https://nhasachphuongnam.com/products/hieu-sach-tren-dao                                                                                            , Phuong Nam
Hết Thảy Chúng Ta Đều Là Quá Khứ                                                                                          , NXB Văn Học                                                           , Còn hàng  , "112,100₫"  , "118,000₫"  , https://nhasachphuongnam.com/products/het-thay-chung-ta-deu-la-qua-khu                                                                              , Phuong Nam
Hẹn Nhau Tháng Tám                                                                                                        , NXB Hội Nhà Văn                                                       , Còn hàng  , "132,050₫"  , "139,000₫"  , https://nhasachphuongnam.com/products/hen-nhau-thang-tam                                                                                            , Phuong Nam
Hẹn Gặp Chúng Mình Ở Phiên Bản Tốt Hơn                                                                                    , NXB Văn Học                                                           , Còn hàng  , "94,050₫"   , "99,000₫"   , https://nhasachphuongnam.com/products/hen-gap-chung-minh-o-phien-ban-tot-hon                                                                        , Phuong Nam
Heidi (Song ngữ Việt-Anh)                                                                                                 , NXB Dân Trí                                                           , Còn hàng  , "113,050₫"  , "119,000₫"  , https://nhasachphuongnam.com/products/heidi-song-ngu-viet-anh                                                                                       , Phuong Nam
Heidi - Cuốn Sách Dành Cho Trẻ Em Và Những Ai Yêu Trẻ Em (Tái bản năm 2025)                                               , NXB Phụ Nữ Việt Nam                                                   , Còn hàng  , "112,100₫"  , "118,000₫"  , https://nhasachphuongnam.com/products/heidi-cuon-sach-danh-cho-tre-em-va-nhung-ai-yeu-tre-em-tai-ban-nam-2025                                       , Phuong Nam
Hãy Yêu Đời Đi - Nhật Ký Bí Mật Mới Của Ông Hendrik Groen 85 Tuổi                                                         , NXB Trẻ                                                               , Còn hàng  , "232,750₫"  , "245,000₫"  , https://nhasachphuongnam.com/products/hay-yeu-doi-di-nhat-ky-bi-mat-moi-cua-ong-hendrik-groen-85-tuoi                                               , Phuong Nam
"Hãy Là Tất Cả, Hoặc Không Là Gì"                                                                                         , NXB Thế Giới                                                          , Còn hàng  , "141,550₫"  , "149,000₫"  , https://nhasachphuongnam.com/products/hay-la-tat-ca-hoac-khong-la-gi                                                                                , Phuong Nam
Hãy Chăm Sóc Mẹ (Tái bản năm 2023)                                                                                        , NXB Hà Nội                                                            , Còn hàng  , "100,700₫"  , "106,000₫"  , https://nhasachphuongnam.com/products/hay-cham-soc-me-tai-ban-nam-2023                                                                              , Phuong Nam
Hầu Như Vô Hại                                                                                                            , NXB Phụ Nữ Việt Nam                                                   , Còn hàng  , "137,750₫"  , "145,000₫"  , https://nhasachphuongnam.com/products/hau-nhu-vo-hai                                                                                                , Phuong Nam
Hậu Cung Như Ý Truyện - Tập 5                                                                                             , NXB Văn Học                                                           , Còn hàng  , "217,550₫"  , "229,000₫"  , https://nhasachphuongnam.com/products/hau-cung-nhu-y-truyen-tap-5                                                                                   , Phuong Nam
Hậu Cung Như Ý Truyện - Tập 4                                                                                             , NXB Hà Nội                                                            , Còn hàng  , "217,550₫"  , "229,000₫"  , https://nhasachphuongnam.com/products/hau-cung-nhu-y-truyen-tap-4                                                                                   , Phuong Nam
Hành Trình Người Viết - Cấu Trúc Thần Thoại Kinh Điển Trong Sáng Tác (Ấn bản kỷ niệm 25 năm)                              , NXB Thế Giới                                                          , Còn hàng  , "295,200₫"  , "369,000₫"  , https://nhasachphuongnam.com/products/hanh-trinh-nguoi-viet-cau-truc-than-thoai-kinh-dien-trong-sang-tac-an-ban-ky-niem-25-nam                      , Phuong Nam
Hành Lang Hai Lớp                                                                                                         , NXB Văn Học                                                           , Còn hàng  , "198,550₫"  , "209,000₫"  , https://nhasachphuongnam.com/products/hanh-lang-hai-lop                                                                                             , Phuong Nam
Hân Hoan (Bộ 2 tập)                                                                                                       , NXB Hà Nội                                                            , Còn hàng  , "322,050₫"  , "339,000₫"  , https://nhasachphuongnam.com/products/han-hoan-bo-2-tap                                                                                             , Phuong Nam
Hai Vạn Dặm Dưới Biển (Tái bản năm 2024) (Sách Đinh Tị)                                                                   , NXB Văn Học                                                           , Còn hàng  , "94,050₫"   , "99,000₫"   , https://nhasachphuongnam.com/products/hai-van-dam-duoi-bien-tai-ban-nam-2024-sach-dinh-ti                                                           , Phuong Nam
Hai Vạn Dặm Dưới Biển (Song ngữ Việt-Anh)                                                                                 , NXB Dân Trí                                                           , Còn hàng  , "122,550₫"  , "129,000₫"  , https://nhasachphuongnam.com/products/hai-van-dam-duoi-bien-song-ngu-viet-anh                                                                       , Phuong Nam
Hải Quỳ                                                                                                                   , NXB Hà Nội                                                            , Còn hàng  , "179,550₫"  , "189,000₫"  , https://nhasachphuongnam.com/products/hai-quy                                                                                                       , Phuong Nam
"Hai Người, Ba Bữa, Bốn Mùa Bên Nhau"                                                                                     , NXB Dân Trí                                                           , Còn hàng  , "103,550₫"  , "109,000₫"  , https://nhasachphuongnam.com/products/hai-nguoi-ba-bua-bon-mua-ben-nhau                                                                             , Phuong Nam
Hai Kinh Mười Lăm Ngày - Tập 2: Mệnh Trời                                                                                 , NXB Hà Nội                                                            , Còn hàng  , "242,250₫"  , "255,000₫"  , https://nhasachphuongnam.com/products/hai-kinh-muoi-lam-ngay-tap-2-menh-troi                                                                        , Phuong Nam
Hai Kinh Mười Lăm Ngày - Tập 1: Điềm Gở                                                                                   , NXB Hà Nội                                                            , Còn hàng  , "232,750₫"  , "245,000₫"  , https://nhasachphuongnam.com/products/hai-kinh-muoi-lam-ngay-tap-1-diem-go                                                                          , Phuong Nam
Hà Nội Là Hà Nội (Tái bản năm 2024)                                                                                       , NXB Trẻ                                                               , Còn hàng  , "90,250₫"   , "95,000₫"   , https://nhasachphuongnam.com/products/ha-noi-la-ha-noi-tai-ban-nam-2024                                                                             , Phuong Nam
Gửi Ngày Mai Một Lời Chào                                                                                                 , NXB Lao Động Xã Hội                                                   , Còn hàng  , "91,200₫"   , "96,000₫"   , https://nhasachphuongnam.com/products/gui-ngay-mai-mot-loi-chao                                                                                     , Phuong Nam
"Gửi Cậu, Cậu Không Cô Đơn Trên Hành Trình Này Đâu"                                                                       , NXB Dân Trí                                                           , Còn hàng  , "84,550₫"   , "89,000₫"   , https://nhasachphuongnam.com/products/gui-cau-cau-khong-co-don-tren-hanh-trinh-nay-dau                                                              , Phuong Nam
"Gửi Bạn, Người Vẫn Luôn Làm Tổn Thương Chính Mình"                                                                       , NXB Văn Học                                                           , Còn hàng  , "99,750₫"   , "105,000₫"  , https://nhasachphuongnam.com/products/gui-ban-nguoi-van-luon-lam-ton-thuong-chinh-minh                                                              , Phuong Nam
GOTH - Những Kẻ Hắc Ám (Tái bản năm 2024)                                                                                 , NXB Hà Nội                                                            , Còn hàng  , "131,100₫"  , "138,000₫"  , https://nhasachphuongnam.com/products/goth-nhung-ke-hac-am-tai-ban-nam-2024                                                                         , Phuong Nam
Điệu Buồn Phương Nam                                                                                                      , NXB Tổng Hợp TP.HCM                                                   , Còn hàng  , "90,250₫"   , "95,000₫"   , https://nhasachphuongnam.com/products/dieu-buon-phuong-nam                                                                                          , Phuong Nam
Dịch Kinh Tường Giải - Di Cảo (Quyển Thượng) (Tái bản năm 2020)                                                           , NXB Trẻ                                                               , Còn hàng  , "323,000₫"  , "340,000₫"  , https://nhasachphuongnam.com/products/dich-kinh-tuong-giai-di-cao-quyen-thuong-tai-ban-nam-2020                                                     , Phuong Nam
Đi Hoang Qua Miền Hoa Lệ - Tập 2                                                                                          , NXB Văn Học                                                           , Còn hàng  , "131,100₫"  , "138,000₫"  , https://nhasachphuongnam.com/products/di-hoang-qua-mien-hoa-le-tap-2                                                                                , Phuong Nam
Đi Hoang Qua Miền Hoa Lệ - Tập 1                                                                                          , NXB Văn Học                                                           , Còn hàng  , "131,100₫"  , "138,000₫"  , https://nhasachphuongnam.com/products/di-hoang-qua-mien-hoa-le-tap-1                                                                                , Phuong Nam
Gọi Em Bằng Tên Anh (Tái bản năm 2023)                                                                                    , NXB Trẻ                                                               , Còn hàng  , "109,250₫"  , "115,000₫"  , https://nhasachphuongnam.com/products/goi-em-bang-ten-anh-tai-ban-nam-2023                                                                          , Phuong Nam
Góc Sân Và Khoảng Trời (Tinh tuyển) (Tái bản năm 2024)                                                                    , NXB Hội Nhà Văn                                                       , Còn hàng  , "71,250₫"   , "75,000₫"   , https://nhasachphuongnam.com/products/goc-san-va-khoang-troi-tinh-tuyen-tai-ban-nam-2024                                                            , Phuong Nam
Góc Sân Và Khoảng Trời (Tinh tuyển)                                                                                       , NXB Văn Học                                                           , Còn hàng  , "74,100₫"   , "78,000₫"   , https://nhasachphuongnam.com/products/goc-san-va-khoang-troi-tinh-tuyen                                                                             , Phuong Nam
Giữa Những Lần Sinh Ra                                                                                                    , NXB Phụ Nữ Việt Nam                                                   , Còn hàng  , "84,550₫"   , "89,000₫"   , https://nhasachphuongnam.com/products/giua-nhung-lan-sinh-ra                                                                                        , Phuong Nam
"Giữa Mênh Mông Cuộc Đời, Tôi Lạc Mất Thanh Xuân"                                                                         , NXB Dân Trí                                                           , Còn hàng  , "90,250₫"   , "95,000₫"   , https://nhasachphuongnam.com/products/giua-menh-mong-cuoc-doi-toi-lac-mat-thanh-xuan                                                                , Phuong Nam
Giữa Hai Nhịp Thở Ngày Đêm                                                                                                , NXB Văn Học                                                           , Còn hàng  , "99,750₫"   , "105,000₫"  , https://nhasachphuongnam.com/products/giua-hai-nhip-tho-ngay-dem                                                                                    , Phuong Nam
Giới Hạn Của Sứ Mệnh Và Linh Hồn                                                                                          , NXB Hà Nội                                                            , Còn hàng  , "190,000₫"  , "200,000₫"  , https://nhasachphuongnam.com/products/gioi-han-cua-su-menh-va-linh-hon                                                                              , Phuong Nam
Gió Tự Thời Khuất Mặt                                                                                                     , NXB Hội Nhà Văn                                                       , Còn hàng  , "163,400₫"  , "172,000₫"  , https://nhasachphuongnam.com/products/gio-tu-thoi-khuat-mat                                                                                         , Phuong Nam
Gió Nổi Lên - Ngôi Làng Thơ Mộng                                                                                          , NXB Hội Nhà Văn                                                       , Còn hàng  , "151,050₫"  , "159,000₫"  , https://nhasachphuongnam.com/products/gio-noi-len-ngoi-lang-tho-mong                                                                                , Phuong Nam
Gió Lạnh Đầu Mùa (Tái bản năm 2023) (Sách Đinh Tị)                                                                        , NXB Văn Học                                                           , Còn hàng  , "56,050₫"   , "59,000₫"   , https://nhasachphuongnam.com/products/gio-lanh-dau-mua-tai-ban-nam-2023-sach-dinh-ti                                                                , Phuong Nam
Gió Lạnh Đầu Mùa (Tái bản năm 2023)                                                                                       , NXB Văn Học                                                           , Còn hàng  , "64,600₫"   , "68,000₫"   , https://nhasachphuongnam.com/products/gio-lanh-dau-mua-tai-ban-nam-2023                                                                             , Phuong Nam
Gió Hát Trên Đồi                                                                                                          , NXB Hà Nội                                                            , Còn hàng  , "194,750₫"  , "205,000₫"  , https://nhasachphuongnam.com/products/gio-hat-tren-doi                                                                                              , Phuong Nam
Giết Con Chim Nhại (Tái bản năm 2024)                                                                                     , NXB Hội Nhà Văn                                                       , Còn hàng  , "137,750₫"  , "145,000₫"  , https://nhasachphuongnam.com/products/giet-con-chim-nhai-tai-ban-nam-2024                                                                           , Phuong Nam
Giếng Độc (Tái bản năm 2025)                                                                                              , NXB Thanh Niên                                                        , Còn hàng  , "99,750₫"   , "105,000₫"  , https://nhasachphuongnam.com/products/gieng-doc-tai-ban-nam-2025                                                                                    , Phuong Nam
Giếng Độc                                                                                                                 , NXB Thanh Niên                                                        , Còn hàng  , "99,750₫"   , "105,000₫"  , https://nhasachphuongnam.com/products/gieng-doc                                                                                                     , Phuong Nam
Để Thành Nhà Văn (Tái bản năm 2021)                                                                                       , NXB Trẻ                                                               , Còn hàng  , "47,500₫"   , "50,000₫"   , https://nhasachphuongnam.com/products/de-thanh-nha-van-tai-ban-nam-2021                                                                             , Phuong Nam
Đây Là Warhol                                                                                                             , NXB Dân Trí                                                           , Còn hàng  , "142,500₫"  , "150,000₫"  , https://nhasachphuongnam.com/products/day-la-warhol                                                                                                 , Phuong Nam
Gia Tĩnh Linh Dị Lục - Tập 1                                                                                              , NXB Dân Trí                                                           , Còn hàng  , "188,100₫"  , "198,000₫"  , https://nhasachphuongnam.com/products/gia-tinh-linh-di-luc-tap-1                                                                                    , Phuong Nam
Già Sao Cho Sướng? - Để Có Một Tuổi Già Hạnh Phúc (Tái bản năm 2025)                                                      , NXB Thế Giới                                                          , Còn hàng  , "95,200₫"   , "119,000₫"  , https://nhasachphuongnam.com/products/gia-sao-cho-suong-de-co-mot-tuoi-gia-hanh-phuc-tai-ban-nam-2025                                               , Phuong Nam
Gia Đình Tôi - Văn Phẩm Giúp Hiểu Thêm Về Hậu Duệ Gia Đình Nguyễn Tường                                                   , NXB Đà Nẵng                                                           , Còn hàng  , "102,600₫"  , "108,000₫"  , https://nhasachphuongnam.com/products/gia-dinh-toi-van-pham-giup-hieu-them-ve-hau-due-gia-dinh-nguyen-tuong                                         , Phuong Nam
Gia Đình Robinson Thụy Sỹ (Sách Đông A)                                                                                   , NXB Văn Học                                                           , Còn hàng  , "114,000₫"  , "120,000₫"  , https://nhasachphuongnam.com/products/gia-dinh-robinson-thuy-sy-sach-dong-a                                                                         , Phuong Nam
"Gia Định Là Nhớ, Sài Gòn Là Thương 2"                                                                                    , NXB Tổng Hợp TP.HCM                                                   , Còn hàng  , "131,100₫"  , "138,000₫"  , https://nhasachphuongnam.com/products/gia-dinh-la-nho-sai-gon-la-thuong-2                                                                           , Phuong Nam
GIA ĐÌNH BÉ MỌN                                                                                                           , Cty Văn Hóa & Truyền Thông Liên Việt                                  , Còn hàng  , "190,000₫"  , "200,000₫"  , https://nhasachphuongnam.com/products/gia-dinh-be-mon                                                                                               , Phuong Nam
Ghi Chép Trọng Án 2                                                                                                       , NXB Dân Trí                                                           , Còn hàng  , "166,250₫"  , "175,000₫"  , https://nhasachphuongnam.com/products/ghi-chep-trong-an-2                                                                                           , Phuong Nam
Ghi Chép Pháp Y - Tập 2 - Khi Tử Thi Biết Nói                                                                             , NXB Thanh Niên                                                        , Còn hàng  , "118,750₫"  , "125,000₫"  , https://nhasachphuongnam.com/products/ghi-chep-phap-y-tap-2-khi-tu-thi-biet-noi                                                                     , Phuong Nam
Ghi Chép Pháp Y - Những Thi Thể Không Hoàn Chỉnh                                                                          , NXB Thanh Niên                                                        , Còn hàng  , "123,500₫"  , "130,000₫"  , https://nhasachphuongnam.com/products/ghi-chep-phap-y-nhung-thi-the-khong-hoan-chinh                                                                , Phuong Nam
Ghi Chép Pháp Y - Lật Lại Hồ Sơ Tội Ác                                                                                    , NXB Thanh Niên                                                        , Còn hàng  , "99,750₫"   , "105,000₫"  , https://nhasachphuongnam.com/products/ghi-chep-phap-y-lat-lai-ho-so-toi-ac                                                                          , Phuong Nam
Ghi Chép Nhỏ Của Người Cưỡi Ngựa (Tái bản năm 2025)                                                                       , NXB Trẻ                                                               , Còn hàng  , "80,750₫"   , "85,000₫"   , https://nhasachphuongnam.com/products/ghi-chep-nho-cua-nguoi-cuoi-ngua-tai-ban-nam-2025                                                             , Phuong Nam
Gatsby Vĩ Đại (Tái bản năm 2023)                                                                                          , NXB Văn Học                                                           , Còn hàng  , "71,250₫"   , "75,000₫"   , https://nhasachphuongnam.com/products/gatsby-vi-dai-tai-ban-nam-2023                                                                                , Phuong Nam
Gatsby Vĩ Đại (Song ngữ Anh-Việt)                                                                                         , NXB Thế Giới                                                          , Còn hàng  , "160,550₫"  , "169,000₫"  , https://nhasachphuongnam.com/products/gatsby-vi-dai-song-ngu-anh-viet                                                                               , Phuong Nam
Dấu Xưa Xứ Quảng - Ký Ức Thành Phố Tiếng Còi Tàu                                                                          , NXB Hội Nhà Văn                                                       , Còn hàng  , "171,000₫"  , "180,000₫"  , https://nhasachphuongnam.com/products/dau-xua-xu-quang-ky-uc-thanh-pho-tieng-coi-tau                                                                , Phuong Nam
Dấu Chân Trên Cát (Tái bản năm 2020)                                                                                      , Công ty TNHH Văn Hóa Sáng Tạo Trí Việt                                , Còn hàng  , "140,600₫"  , "148,000₫"  , https://nhasachphuongnam.com/products/dau-chan-tren-cat-tai-ban-nam-2020                                                                            , Phuong Nam
Gã Hề Chicot                                                                                                              , NXB Văn Học                                                           , Còn hàng  , "304,000₫"  , "320,000₫"  , https://nhasachphuongnam.com/products/ga-he-chicot                                                                                                  , Phuong Nam
Dare Me - Đừng Thách Tôi                                                                                                  , NXB Báo Tiền Phong                                                    , Còn hàng  , "90,250₫"   , "95,000₫"   , https://nhasachphuongnam.com/products/dare-me-dung-thach-toi                                                                                        , Phuong Nam
Đáp Án Của Thời Gian                                                                                                      , NXB Phụ Nữ Việt Nam                                                   , Còn hàng  , "113,050₫"  , "119,000₫"  , https://nhasachphuongnam.com/products/dap-an-cua-thoi-gian                                                                                          , Phuong Nam
Franny Và Zooey                                                                                                           , NXB Hội Nhà Văn                                                       , Còn hàng  , "112,100₫"  , "118,000₫"  , https://nhasachphuongnam.com/products/franny-va-zooey                                                                                               , Phuong Nam
Frank Và Red                                                                                                              , NXB Dân Trí                                                           , Còn hàng  , "179,550₫"  , "189,000₫"  , https://nhasachphuongnam.com/products/frank-va-red                                                                                                  , Phuong Nam
Fourth Wing - Cánh Tư                                                                                                     , NXB Trẻ                                                               , Còn hàng  , "299,250₫"  , "315,000₫"  , https://nhasachphuongnam.com/products/fourth-wing-canh-tu                                                                                           , Phuong Nam
Forrest Gump (Tái bản năm 2023)                                                                                           , NXB Trẻ                                                               , Còn hàng  , "128,250₫"  , "135,000₫"  , https://nhasachphuongnam.com/products/forrest-gump-tai-ban-nam-2023                                                                                 , Phuong Nam
Em Và Chức Vô Địch Đều Thuộc Về Anh - Tập 2                                                                               , NXB Hà Nội                                                            , Còn hàng  , "160,550₫"  , "169,000₫"  , https://nhasachphuongnam.com/products/em-va-chuc-vo-dich-deu-thuoc-ve-anh-tap-2                                                                     , Phuong Nam
Em Và Chức Vô Địch Đều Thuộc Về Anh - Tập 1                                                                               , NXB Hà Nội                                                            , Còn hàng  , "160,550₫"  , "169,000₫"  , https://nhasachphuongnam.com/products/em-va-chuc-vo-dich-deu-thuoc-ve-anh-tap-1                                                                     , Phuong Nam
Em Mang Đợi Chờ Trong Mơ Đợi Chàng                                                                                        , NXB Dân Trí                                                           , Còn hàng  , "94,050₫"   , "99,000₫"   , https://nhasachphuongnam.com/products/em-mang-doi-cho-trong-mo-doi-chang                                                                            , Phuong Nam
Em Gái Là Thiên Thần Nhỏ Mà Thế Giới Này Dành Tặng Cho Tôi                                                                , NXB Thanh Niên                                                        , Còn hàng  , "94,050₫"   , "99,000₫"   , https://nhasachphuongnam.com/products/em-gai-la-thien-than-nho-ma-the-gioi-nay-danh-tang-cho-toi                                                    , Phuong Nam
Em Đâu Thấy Đáy Lòng Tôi Dậy Sóng                                                                                         , NXB Dân Trí                                                           , Còn hàng  , "83,600₫"   , "88,000₫"   , https://nhasachphuongnam.com/products/em-dau-thay-day-long-toi-day-song                                                                             , Phuong Nam
Cuộc Vây                                                                                                                  , NXB Đà Nẵng                                                           , Còn hàng  , "96,000₫"   , "120,000₫"  , https://nhasachphuongnam.com/products/cuoc-vay                                                                                                      , Phuong Nam
"Cuộc Sống ""Đếch"" Giống Cuộc Đời"                                                                                       , NXB Hà Nội                                                            , Còn hàng  , "85,500₫"   , "90,000₫"   , https://nhasachphuongnam.com/products/cuoc-song-dech-giong-cuoc-doi                                                                                 , Phuong Nam
Edogawa Ranpo Tuyển Tập: Những Kẻ Sát Nhân Cuồng Loạn                                                                     , NXB Thế Giới                                                          , Còn hàng  , "119,700₫"  , "126,000₫"  , https://nhasachphuongnam.com/products/edogawa-ranpo-tuyen-tap-nhung-ke-sat-nhan-cuong-loan                                                          , Phuong Nam
Edogawa Ranpo Tuyển Tập - Những Tội Ác Bất Dung Thứ                                                                       , NXB Văn Học                                                           , Còn hàng  , "94,050₫"   , "99,000₫"   , https://nhasachphuongnam.com/products/edogawa-ranpo-tuyen-tap-nhung-toi-ac-bat-dung-thu                                                             , Phuong Nam
Edogawa Ranpo Tuyển Tập - Những Câu Chuyện Bí Ẩn Và Ly Kỳ Nhất (Tái bản năm 2025)                                         , NXB Lao Động Xã Hội                                                   , Còn hàng  , "113,050₫"  , "119,000₫"  , https://nhasachphuongnam.com/products/edogawa-ranpo-tuyen-tap-nhung-cau-chuyen-bi-an-va-ly-ky-nhat-tai-ban-nam-2025                                 , Phuong Nam
Đường Về Nhà Có Ngoại Chờ Mong                                                                                            , NXB Dân Trí                                                           , Còn hàng  , "90,250₫"   , "95,000₫"   , https://nhasachphuongnam.com/products/duong-ve-nha-co-ngoai-cho-mong                                                                                , Phuong Nam
Đường Về - Gặp Lại Dưới Nắng Mai                                                                                          , NXB Văn Học                                                           , Còn hàng  , "140,600₫"  , "148,000₫"  , https://nhasachphuongnam.com/products/duong-ve-gap-lai-duoi-nang-mai                                                                                , Phuong Nam
Đường Ray Số Hai Và Món Đồ Bị Thất Lạc                                                                                    , NXB Thế Giới                                                          , Còn hàng  , "109,250₫"  , "115,000₫"  , https://nhasachphuongnam.com/products/duong-ray-so-hai-va-mon-do-bi-that-lac                                                                        , Phuong Nam
"Đường Đời Muôn Ngả, Gặp Gỡ Đã Là Nhân Duyên"                                                                             , NXB Phụ Nữ Việt Nam                                                   , Còn hàng  , "137,750₫"  , "145,000₫"  , https://nhasachphuongnam.com/products/duong-doi-muon-nga-gap-go-da-la-nhan-duyen                                                                    , Phuong Nam
Đương Đầu Những Cơn Gió Ngược                                                                                             , NXB Hội Nhà Văn                                                       , Còn hàng  , "151,050₫"  , "159,000₫"  , https://nhasachphuongnam.com/products/duong-dau-nhung-con-gio-nguoc                                                                                 , Phuong Nam
Đuổi Theo Mùa Hạ - Tập 2                                                                                                  , NXB Dân Trí                                                           , Còn hàng  , "170,050₫"  , "179,000₫"  , https://nhasachphuongnam.com/products/duoi-theo-mua-ha-tap-2                                                                                        , Phuong Nam
Đuổi Theo Ánh Sáng                                                                                                        , NXB Thế Giới                                                          , Còn hàng  , "231,200₫"  , "289,000₫"  , https://nhasachphuongnam.com/products/duoi-theo-anh-sang                                                                                            , Phuong Nam
Dưới Đáy Giếng Nhìn Lên                                                                                                   , NXB Dân Trí                                                           , Còn hàng  , "90,250₫"   , "95,000₫"   , https://nhasachphuongnam.com/products/duoi-day-gieng-nhin-len                                                                                       , Phuong Nam
Được Học (Tái bản năm 2025)                                                                                               , NXB Phụ Nữ Việt Nam                                                   , Còn hàng  , "172,900₫"  , "182,000₫"  , https://nhasachphuongnam.com/products/duoc-hoc-tai-ban-nam-2025                                                                                     , Phuong Nam
Đừng Rung Động Vì Anh (Bộ 2 tập)                                                                                          , NXB Văn Học                                                           , Còn hàng  , "284,050₫"  , "299,000₫"  , https://nhasachphuongnam.com/products/dung-rung-dong-vi-anh-bo-2-tap                                                                                , Phuong Nam
Đừng Nhạt Nữa! (Tái bản năm 2023)                                                                                         , NXB Hà Nội                                                            , Còn hàng  , "91,200₫"   , "96,000₫"   , https://nhasachphuongnam.com/products/dung-nhat-nua-tai-ban-nam-2023                                                                                , Phuong Nam
Dũng Cảm Là Tiến Lên Với Nỗi Sợ Hãi                                                                                       , NXB Phụ Nữ Việt Nam                                                   , Còn hàng  , "122,550₫"  , "129,000₫"  , https://nhasachphuongnam.com/products/dung-cam-la-tien-len-voi-noi-so-hai                                                                           , Phuong Nam
Dư Tình Khả Đãi - Tập 3                                                                                                   , NXB Dân Trí                                                           , Còn hàng  , "170,050₫"  , "179,000₫"  , https://nhasachphuongnam.com/products/du-tinh-kha-dai-tap-3                                                                                         , Phuong Nam
Dư Tình Khả Đãi - Tập 2                                                                                                   , NXB Dân Trí                                                           , Còn hàng  , "170,050₫"  , "179,000₫"  , https://nhasachphuongnam.com/products/du-tinh-kha-dai-tap-2                                                                                         , Phuong Nam
"Cứ Khóc, Cứ Tan Vỡ Và Trưởng Thành"                                                                                      , NXB Văn Học                                                           , Còn hàng  , "74,100₫"   , "78,000₫"   , https://nhasachphuongnam.com/products/cu-khoc-cu-tan-vo-va-truong-thanh                                                                             , Phuong Nam
Đốt Cháy - Tập 2: Ôm Em Giữa Ngàn Ánh Sao Rơi                                                                             , NXB Dân Trí                                                           , Còn hàng  , "227,050₫"  , "239,000₫"  , https://nhasachphuongnam.com/products/dot-chay-tap-2-om-em-giua-ngan-anh-sao-roi                                                                    , Phuong Nam
Đốt Cháy - Tập 1: Giấu Anh Vào Cơn Mưa Mùa Hạ                                                                             , NXB Dân Trí                                                           , Còn hàng  , "227,050₫"  , "239,000₫"  , https://nhasachphuongnam.com/products/dot-chay-tap-1-giau-anh-vao-con-mua-mua-ha                                                                    , Phuong Nam
Động Phòng Hoa Chúc Cách Vách (Tái bản năm 2023)                                                                          , NXB Văn Học                                                           , Còn hàng  , "112,100₫"  , "118,000₫"  , https://nhasachphuongnam.com/products/dong-phong-hoa-chuc-cach-vach-tai-ban-nam-2023                                                                , Phuong Nam
Đơn Giản Nhất Là Biến Mất                                                                                                 , NXB Phụ Nữ Việt Nam                                                   , Còn hàng  , "84,550₫"   , "89,000₫"   , https://nhasachphuongnam.com/products/don-gian-nhat-la-bien-mat                                                                                     , Phuong Nam
Đơn Giản Hóa Việc Học                                                                                                     , NXB Thanh Niên                                                        , Còn hàng  , "171,000₫"  , "180,000₫"  , https://nhasachphuongnam.com/products/don-gian-hoa-viec-hoc                                                                                         , Phuong Nam
Đời Vô Thường Ta Nợ Nhau Chữ Thương                                                                                       , NXB Phụ Nữ Việt Nam                                                   , Còn hàng  , "84,550₫"   , "89,000₫"   , https://nhasachphuongnam.com/products/doi-vo-thuong-ta-no-nhau-chu-thuong                                                                           , Phuong Nam
Đối Thủ Siêu Phàm                                                                                                         , NXB Hà Nội                                                            , Còn hàng  , "209,000₫"  , "220,000₫"  , https://nhasachphuongnam.com/products/doi-thu-sieu-pham                                                                                             , Phuong Nam
Đồi Thông Máu                                                                                                             , NXB Thế Giới                                                          , Còn hàng  , "132,050₫"  , "139,000₫"  , https://nhasachphuongnam.com/products/doi-thong-mau                                                                                                 , Phuong Nam
"Đời Người Rộng Mở, Giản Đơn Mà Sống"                                                                                     , NXB Lao Động Xã Hội                                                   , Còn hàng  , "141,550₫"  , "149,000₫"  , https://nhasachphuongnam.com/products/doi-nguoi-rong-mo-gian-don-ma-song                                                                            , Phuong Nam
"Đợi Một Danh Phận, Cả Đời Oán Hận"                                                                                       , NXB Dân Trí                                                           , Còn hàng  , "87,400₫"   , "92,000₫"   , https://nhasachphuongnam.com/products/doi-mot-danh-phan-ca-doi-oan-han                                                                              , Phuong Nam
Đôi Mắt Của Mona                                                                                                          , NXB Phụ Nữ Việt Nam                                                   , Còn hàng  , "321,100₫"  , "338,000₫"  , https://nhasachphuongnam.com/products/doi-mat-cua-mona                                                                                              , Phuong Nam
Đôi Mắt - Truyện Ngắn Nam Cao (Minh Long Book)                                                                            , NXB Văn Học                                                           , Còn hàng  , "66,500₫"   , "70,000₫"   , https://nhasachphuongnam.com/products/doi-mat-truyen-ngan-nam-cao-minh-long-book                                                                    , Phuong Nam
Đồi Gió Hú (Tái bản năm 2024)                                                                                             , NXB Văn Học                                                           , Còn hàng  , "114,000₫"  , "120,000₫"  , https://nhasachphuongnam.com/products/doi-gio-hu-tai-ban-nam-2024                                                                                   , Phuong Nam
"Đời Có Mấy Tý, Sao Phải Nghĩ"                                                                                            , NXB Hà Nội                                                            , Còn hàng  , "75,050₫"   , "79,000₫"   , https://nhasachphuongnam.com/products/doi-co-may-ty-sao-phai-nghi                                                                                   , Phuong Nam
Đời Bừng Sáng Khi Ta Biết Lãng Quên                                                                                       , NXB Hội Nhà Văn                                                       , Còn hàng  , "95,000₫"   , "100,000₫"  , https://nhasachphuongnam.com/products/doi-bung-sang-khi-ta-biet-lang-quen                                                                           , Phuong Nam
Dọc Đường 2                                                                                                               , NXB Hội Nhà Văn                                                       , Còn hàng  , "197,600₫"  , "208,000₫"  , https://nhasachphuongnam.com/products/doc-duong-2                                                                                                   , Phuong Nam
Đoá Hoa Sương Núi                                                                                                         , NXB Văn Học                                                           , Còn hàng  , "112,100₫"  , "118,000₫"  , https://nhasachphuongnam.com/products/doa-hoa-suong-nui                                                                                             , Phuong Nam
Con Gái Thân Yêu                                                                                                          , NXB Văn Học                                                           , Còn hàng  , "94,050₫"   , "99,000₫"   , https://nhasachphuongnam.com/products/con-gai-than-yeu                                                                                              , Phuong Nam
Dỡ Mắm (Di cảo Vương Hồng Sển)                                                                                            , NXB Trẻ                                                               , Còn hàng  , "261,250₫"  , "275,000₫"  , https://nhasachphuongnam.com/products/do-mam-di-cao-vuong-hong-sen                                                                                  , Phuong Nam
Điều Tuyệt Vời Nhất Của Thanh Xuân - Tập 2                                                                                , NXB Phụ Nữ Việt Nam                                                   , Còn hàng  , "166,250₫"  , "175,000₫"  , https://nhasachphuongnam.com/products/dieu-tuyet-voi-nhat-cua-thanh-xuan-tap-2                                                                      , Phuong Nam
Điều Tuyệt Vời Nhất Của Thanh Xuân - Tập 1                                                                                , NXB Phụ Nữ Việt Nam                                                   , Còn hàng  , "166,250₫"  , "175,000₫"  , https://nhasachphuongnam.com/products/dieu-tuyet-voi-nhat-cua-thanh-xuan-tap-1                                                                      , Phuong Nam
Điều Tra Hiện Trường Án Mạng: Những Tội Ác Không Hoàn Hảo                                                                 , NXB Văn Học                                                           , Còn hàng  , "103,550₫"  , "109,000₫"  , https://nhasachphuongnam.com/products/dieu-tra-hien-truong-an-mang-nhung-toi-ac-khong-hoan-hao                                                      , Phuong Nam
Điều Kỳ Diệu Tại Cửa Tiệm Mì Xưa                                                                                          , NXB Dân Trí                                                           , Còn hàng  , "99,750₫"   , "105,000₫"  , https://nhasachphuongnam.com/products/dieu-ky-dieu-tai-cua-tiem-mi-xua                                                                              , Phuong Nam
Điều Kỳ Diệu Của Tiệm Tạp Hóa Namiya (Tái bản năm 2025)                                                                   , NXB Hội Nhà Văn                                                       , Còn hàng  , "132,050₫"  , "139,000₫"  , https://nhasachphuongnam.com/products/dieu-ky-dieu-cua-tiem-tap-hoa-namiya-tai-ban-nam-2025                                                         , Phuong Nam
Điều Kỳ Diệu (Tái bản năm 2024)                                                                                           , NXB Trẻ                                                               , Còn hàng  , "171,000₫"  , "180,000₫"  , https://nhasachphuongnam.com/products/dieu-ky-dieu-tai-ban-nam-2024                                                                                 , Phuong Nam
"Diệt Slime Suốt 300 Năm, Tôi Levelmax Lúc Nào Chẳng Hay (Tập 13)"                                                        , NXB Thế Giới                                                          , Còn hàng  , "141,550₫"  , "149,000₫"  , https://nhasachphuongnam.com/products/diet-slime-suot-300-nam-toi-levelmax-luc-nao-chang-hay-tap-13                                                 , Phuong Nam
Điểm Tựa Của Thần                                                                                                         , NXB Dân Trí                                                           , Còn hàng  , "91,200₫"   , "96,000₫"   , https://nhasachphuongnam.com/products/diem-tua-cua-than                                                                                             , Phuong Nam
Dịch Chuyển: Bạn Sẽ Sống Ở Đâu Năm 2050?                                                                                  , NXB Trẻ                                                               , Còn hàng  , "199,500₫"  , "210,000₫"  , https://nhasachphuongnam.com/products/dich-chuyen-ban-se-song-o-dau-nam-2050                                                                        , Phuong Nam
Địa Mộ (Trọn bộ 2 tập)                                                                                                    , NXB Dân Trí                                                           , Còn hàng  , "360,050₫"  , "379,000₫"  , https://nhasachphuongnam.com/products/dia-mo-tron-bo-2-tap                                                                                          , Phuong Nam
Địa Đàng Xa Lối                                                                                                           , NXB Phụ Nữ Việt Nam                                                   , Còn hàng  , "185,250₫"  , "195,000₫"  , https://nhasachphuongnam.com/products/dia-dang-xa-loi                                                                                               , Phuong Nam
Đi Qua Trăm Năm - Nguyễn Đình Tư Tự Truyện                                                                                , NXB Tổng Hợp TP.HCM                                                   , Còn hàng  , "171,000₫"  , "180,000₫"  , https://nhasachphuongnam.com/products/di-qua-tram-nam-nguyen-dinh-tu-tu-truyen                                                                      , Phuong Nam
"Đi Qua Mưa Giông, Ngày Mai Là Nắng Hạ"                                                                                   , NXB Văn Học                                                           , Còn hàng  , "102,600₫"  , "108,000₫"  , https://nhasachphuongnam.com/products/di-qua-mua-giong-ngay-mai-la-nang-ha                                                                          , Phuong Nam
Đi Ngang Hà Nội (Tái bản năm 2024)                                                                                        , NXB Trẻ                                                               , Còn hàng  , "114,000₫"  , "120,000₫"  , https://nhasachphuongnam.com/products/di-ngang-ha-noi-tai-ban-nam-2024                                                                              , Phuong Nam
"Dì Ghẻ, Con Chồng"                                                                                                       , NXB Tổng Hợp TP.HCM                                                   , Còn hàng  , "38,000₫"   , "40,000₫"   , https://nhasachphuongnam.com/products/di-ghe-con-chong                                                                                              , Phuong Nam
Đều Tại Vầng Trăng Gây Họa (Bộ 2 cuốn)                                                                                    , NXB Văn Học                                                           , Còn hàng  , "511,100₫"  , "538,000₫"  , https://nhasachphuongnam.com/products/deu-tai-vang-trang-gay-hoa-bo-2-cuon                                                                          , Phuong Nam
Đều Tại Vầng Trăng Gây Họa - Tập 2                                                                                        , NXB Văn Học                                                           , Còn hàng  , "227,050₫"  , "239,000₫"  , https://nhasachphuongnam.com/products/deu-tai-vang-trang-gay-hoa-tap-2                                                                              , Phuong Nam
Đều Tại Vầng Trăng Gây Họa - Tập 1                                                                                        , NXB Văn Học                                                           , Còn hàng  , "227,050₫"  , "239,000₫"  , https://nhasachphuongnam.com/products/deu-tai-vang-trang-gay-hoa-tap-1                                                                              , Phuong Nam
Đèo Shiokari                                                                                                              , NXB Trẻ                                                               , Còn hàng  , "147,250₫"  , "155,000₫"  , https://nhasachphuongnam.com/products/deo-shiokari                                                                                                  , Phuong Nam
"Đến Nơi Nên Đến, Yêu Người Nên Yêu"                                                                                      , NXB Dân Trí                                                           , Còn hàng  , "99,750₫"   , "105,000₫"  , https://nhasachphuongnam.com/products/den-noi-nen-den-yeu-nguoi-nen-yeu                                                                             , Phuong Nam
Đến Lượt Tôi Lên Sân Khấu Gánh Team - Tập 2                                                                               , NXB Dân Trí                                                           , Còn hàng  , "251,750₫"  , "265,000₫"  , https://nhasachphuongnam.com/products/den-luot-toi-len-san-khau-ganh-team-tap-2                                                                     , Phuong Nam
Đến Lượt Tôi Lên Sân Khấu Gánh Team - Tập 1                                                                               , NXB Dân Trí                                                           , Còn hàng  , "251,750₫"  , "265,000₫"  , https://nhasachphuongnam.com/products/den-luot-toi-len-san-khau-ganh-team-tap-1                                                                     , Phuong Nam
Đến Cuối Ngày Ai Cũng Cần Một Điều Để Tin                                                                                 , NXB Dân Trí                                                           , Còn hàng  , "106,400₫"  , "112,000₫"  , https://nhasachphuongnam.com/products/den-cuoi-ngay-ai-cung-can-mot-dieu-de-tin                                                                     , Phuong Nam
Cô Gái Dưới Tầng Hầm                                                                                                      , NXB Phụ Nữ Việt Nam                                                   , Còn hàng  , "142,500₫"  , "150,000₫"  , https://nhasachphuongnam.com/products/co-gai-duoi-tang-ham                                                                                          , Phuong Nam
"Có Dòng Sông Nhỏ, Sáng Nay..."                                                                                           , NXB Tổng Hợp TP.HCM                                                   , Còn hàng  , "76,000₫"   , "80,000₫"   , https://nhasachphuongnam.com/products/co-dong-song-nho-sang-nay                                                                                     , Phuong Nam
Đêm Yên Tĩnh                                                                                                              , NXB Trẻ                                                               , Còn hàng  , "142,500₫"  , "150,000₫"  , https://nhasachphuongnam.com/products/dem-yen-tinh                                                                                                  , Phuong Nam
Đêm Định Mệnh Ở Barcelona                                                                                                 , NXB Lao Động Xã Hội                                                   , Còn hàng  , "141,550₫"  , "149,000₫"  , https://nhasachphuongnam.com/products/dem-dinh-menh-o-barcelona                                                                                     , Phuong Nam
Đêm Biến Mất                                                                                                              , NXB Dân Trí                                                           , Còn hàng  , "179,550₫"  , "189,000₫"  , https://nhasachphuongnam.com/products/dem-bien-mat                                                                                                  , Phuong Nam
Define The Relationship - Định Rõ Mối Quan Hệ - Tập 1 (Tái bản năm 2025)                                                  , NXB Hà Nội                                                            , Còn hàng  , "208,050₫"  , "219,000₫"  , https://nhasachphuongnam.com/products/define-the-relationship-dinh-ro-moi-quan-he-tap-1-tai-ban-nam-2025                                            , Phuong Nam
Deep Living - Sống Sâu                                                                                                    , NXB Công Thương                                                       , Còn hàng  , "137,750₫"  , "145,000₫"  , https://nhasachphuongnam.com/products/deep-living-song-sau                                                                                          , Phuong Nam
Dê Mắt Quỷ                                                                                                                , NXB Thanh Niên                                                        , Còn hàng  , "217,550₫"  , "229,000₫"  , https://nhasachphuongnam.com/products/de-mat-quy                                                                                                    , Phuong Nam
Day Off - Ngày Nghỉ - Season 2 - Tập 2                                                                                    , NXB Dân Trí                                                           , Còn hàng  , "150,100₫"  , "158,000₫"  , https://nhasachphuongnam.com/products/day-off-ngay-nghi-season-2-tap-2                                                                              , Phuong Nam
Day Off - Ngày Nghỉ - Season 2 - Tập 1                                                                                    , NXB Dân Trí                                                           , Còn hàng  , "150,100₫"  , "158,000₫"  , https://nhasachphuongnam.com/products/day-off-ngay-nghi-season-2-tap-1                                                                              , Phuong Nam
Chuyện Trò Cùng Bác Sĩ Đỗ Hồng Ngọc Về Nếp Sống An Lạc (Tái bản năm 2021)                                                 , NXB Văn Hóa-Văn Nghệ                                                  , Còn hàng  , "87,200₫"   , "109,000₫"  , https://nhasachphuongnam.com/products/chuyen-tro-cung-bac-si-do-hong-ngoc-ve-nep-song-an-lac-tai-ban-nam-2021                                       , Phuong Nam
Chuyện Tình Yêu Bạn Biết Được Bao Nhiêu?                                                                                  , NXB Thế Giới                                                          , Còn hàng  , "103,550₫"  , "109,000₫"  , https://nhasachphuongnam.com/products/chuyen-tinh-yeu-ban-biet-duoc-bao-nhieu                                                                       , Phuong Nam
Chuyện Ma Ám Ở Trang Viên Bly                                                                                             , Chi Nhánh Nhà Xuất Bản Kim Đồng Tại Thành Phố Hồ Chí Minh             , Còn hàng  , "57,000₫"   , "60,000₫"   , https://nhasachphuongnam.com/products/chuyen-ma-am-o-trang-vien-bly                                                                                 , Phuong Nam
Chuyện Ma Ám Ở Dinh Thự Hill                                                                                              , Chi Nhánh Nhà Xuất Bản Kim Đồng Tại Thành Phố Hồ Chí Minh             , Còn hàng  , "81,700₫"   , "86,000₫"   , https://nhasachphuongnam.com/products/chuyen-ma-am-o-dinh-thu-hill                                                                                  , Phuong Nam
"Đặt Xuống Bộn Bề, Thu Lại An Nhiên"                                                                                      , NXB Văn Học                                                           , Còn hàng  , "80,750₫"   , "85,000₫"   , https://nhasachphuongnam.com/products/dat-xuong-bon-be-thu-lai-an-nhien                                                                             , Phuong Nam
Chuyến Bay Tháng Ba                                                                                                       , NXB Đà Nẵng                                                           , Còn hàng  , "132,050₫"  , "139,000₫"  , https://nhasachphuongnam.com/products/chuyen-bay-thang-ba                                                                                           , Phuong Nam
Đảo Quỷ (Truyện trinh thám Edogawa Ranpo)                                                                                 , NXB Dân Trí                                                           , Còn hàng  , "141,550₫"  , "149,000₫"  , https://nhasachphuongnam.com/products/dao-quy-truyen-trinh-tham-edogawa-ranpo                                                                       , Phuong Nam
Dạo Này Em Có Ổn Không?                                                                                                   , NXB Thế Giới                                                          , Còn hàng  , "85,500₫"   , "90,000₫"   , https://nhasachphuongnam.com/products/dao-nay-em-co-on-khong                                                                                        , Phuong Nam
Dạo Này Có Gì Vui?                                                                                                        , NXB Thế Giới                                                          , Còn hàng  , "94,050₫"   , "99,000₫"   , https://nhasachphuongnam.com/products/dao-nay-co-gi-vui                                                                                             , Phuong Nam
Đạo Lý Làm Người - Tam Tự Kinh                                                                                            , NXB Hồng Đức                                                          , Còn hàng  , "80,750₫"   , "85,000₫"   , https://nhasachphuongnam.com/products/dao-ly-lam-nguoi-tam-tu-kinh                                                                                  , Phuong Nam
"Đạo Đức, Luân Lý Đông Tây"                                                                                               , NXB Tổng Hợp TP.HCM                                                   , Còn hàng  , "128,250₫"  , "135,000₫"  , https://nhasachphuongnam.com/products/dao-duc-luan-ly-dong-tay                                                                                      , Phuong Nam
Danh Tác Việt Nam - Vợ Nhặt                                                                                               , NXB Văn Học                                                           , Còn hàng  , "44,650₫"   , "47,000₫"   , https://nhasachphuongnam.com/products/danh-tac-viet-nam-vo-nhat                                                                                     , Phuong Nam
Danh Tác Việt Nam - Đời Thừa (Sách Trí Việt)                                                                              , NXB Văn Học                                                           , Còn hàng  , "59,850₫"   , "63,000₫"   , https://nhasachphuongnam.com/products/danh-tac-viet-nam-doi-thua-sach-tri-viet                                                                      , Phuong Nam
Danh Tác Việc Nam - Việc Làng                                                                                             , NXB Văn Học                                                           , Còn hàng  , "38,000₫"   , "40,000₫"   , https://nhasachphuongnam.com/products/danh-tac-viec-nam-viec-lang                                                                                   , Phuong Nam
Đánh Giá Kỷ Nhân Sinh: Tản Mạn Về Thế Giới                                                                                , NXB Trẻ                                                               , Còn hàng  , "175,750₫"  , "185,000₫"  , https://nhasachphuongnam.com/products/danh-gia-ky-nhan-sinh-tan-man-ve-the-gioi                                                                     , Phuong Nam
"Đáng Yêu Là ""Siêu Năng Lực"" Của Tớ"                                                                                    , NXB Thế Giới                                                          , Còn hàng  , "75,050₫"   , "79,000₫"   , https://nhasachphuongnam.com/products/dang-yeu-la-sieu-nang-luc-cua-to                                                                              , Phuong Nam
Đặng Thùy Trâm Và Cuốn Nhật Ký Thứ Ba                                                                                     , NXB Phụ Nữ Việt Nam                                                   , Còn hàng  , "156,750₫"  , "165,000₫"  , https://nhasachphuongnam.com/products/dang-thuy-tram-va-cuon-nhat-ky-thu-ba                                                                         , Phuong Nam
Chúng Ta Rồi Sẽ Hạnh Phúc Theo Những Cách Khác Nhau                                                                       , NXB Văn Học                                                           , Còn hàng  , "81,700₫"   , "86,000₫"   , https://nhasachphuongnam.com/products/chung-ta-roi-se-hanh-phuc-theo-nhung-cach-khac-nhau                                                           , Phuong Nam
Đam Mê Và Trừng Phạt                                                                                                      , NXB Dân Trí                                                           , Còn hàng  , "113,050₫"  , "119,000₫"  , https://nhasachphuongnam.com/products/dam-me-va-trung-phat                                                                                          , Phuong Nam
Dám Can Đảm - 10 Bài Học Để Đạt Được Những Thành Tựu Phi Thường                                                           , NXB Phụ Nữ Việt Nam                                                   , Còn hàng  , "94,050₫"   , "99,000₫"   , https://nhasachphuongnam.com/products/dam-can-dam-10-bai-hoc-de-dat-duoc-nhung-thanh-tuu-phi-thuong                                                 , Phuong Nam
Dám Bị Ghét (Tái bản năm 2023)                                                                                            , NXB Dân Trí                                                           , Còn hàng  , "113,050₫"  , "119,000₫"  , https://nhasachphuongnam.com/products/dam-bi-ghet-tai-ban-nam-2023                                                                                  , Phuong Nam
Dài Hơn Một Mùa Hè                                                                                                        , NXB Phụ Nữ Việt Nam                                                   , Còn hàng  , "102,600₫"  , "108,000₫"  , https://nhasachphuongnam.com/products/dai-hon-mot-mua-he                                                                                            , Phuong Nam
Đã Nhiều Năm Như Thế - Tập 3                                                                                              , NXB Phụ Nữ Việt Nam                                                   , Còn hàng  , "147,250₫"  , "155,000₫"  , https://nhasachphuongnam.com/products/da-nhieu-nam-nhu-the-tap-3                                                                                    , Phuong Nam
Đã Nhiều Năm Như Thế - Tập 2                                                                                              , NXB Phụ Nữ Việt Nam                                                   , Còn hàng  , "156,750₫"  , "165,000₫"  , https://nhasachphuongnam.com/products/da-nhieu-nam-nhu-the-tap-2                                                                                    , Phuong Nam
Đã Bảo Là Cho Tôi Năng Lực Trung Bình Thôi Mà! - Tập 3                                                                    , NXB Phụ Nữ Việt Nam                                                   , Còn hàng  , "141,550₫"  , "149,000₫"  , https://nhasachphuongnam.com/products/da-bao-la-cho-toi-nang-luc-trung-binh-thoi-ma-tap-3                                                           , Phuong Nam
Đã Bảo Là Cho Tôi Năng Lực Trung Bình Thôi Mà! - Tập 1                                                                    , NXB Phụ Nữ Việt Nam                                                   , Còn hàng  , "141,550₫"  , "149,000₫"  , https://nhasachphuongnam.com/products/da-bao-la-cho-toi-nang-luc-trung-binh-thoi-ma-tap-1                                                           , Phuong Nam
Cứu Tinh Xứ Cát                                                                                                           , NXB Hội Nhà Văn                                                       , Còn hàng  , "142,500₫"  , "150,000₫"  , https://nhasachphuongnam.com/products/cuu-tinh-xu-cat                                                                                               , Phuong Nam
Cuốn Theo Chiều Gió (Tái bản năm 2024)                                                                                    , NXB Văn Học                                                           , Còn hàng  , "375,250₫"  , "395,000₫"  , https://nhasachphuongnam.com/products/cuon-theo-chieu-gio-tai-ban-nam-2024                                                                          , Phuong Nam
Cuốn Sổ Máu                                                                                                               , NXB Phụ Nữ Việt Nam                                                   , Còn hàng  , "116,850₫"  , "123,000₫"  , https://nhasachphuongnam.com/products/cuon-so-mau                                                                                                   , Phuong Nam
"Yêu, Dại Dột, Yêu - Chỉ Dành Cho Những Kẻ Mộng Mơ"                                                                       , NXB Phụ Nữ Việt Nam                                                   , Còn hàng  , "68,000₫"   , "85,000₫"   , https://nhasachphuongnam.com/products/yeu-dai-dot-yeu-chi-danh-cho-nhung-ke-mong-mo                                                                 , Phuong Nam
Cuốn Sách Hoang Dã                                                                                                        , NXB Hội Nhà Văn                                                       , Còn hàng  , "129,200₫"  , "136,000₫"  , https://nhasachphuongnam.com/products/cuon-sach-hoang-da                                                                                            , Phuong Nam
Cuối Con Đường Sẽ Gặp Một Người Thương                                                                                    , NXB Văn Học                                                           , Còn hàng  , "102,600₫"  , "108,000₫"  , https://nhasachphuongnam.com/products/cuoi-con-duong-se-gap-mot-nguoi-thuong                                                                        , Phuong Nam
Yêu Sao Để Không Đau                                                                                                      , NXB Thế Giới                                                          , Còn hàng  , "87,400₫"   , "92,000₫"   , https://nhasachphuongnam.com/products/yeu-sao-de-khong-dau                                                                                          , Phuong Nam
Cuộc Hôn Nhân Chính Trị Giả Với Thiếu Gia Ác Quỷ                                                                          , NXB Lao Động Xã Hội                                                   , Còn hàng  , "110,200₫"  , "116,000₫"  , https://nhasachphuongnam.com/products/cuoc-hon-nhan-chinh-tri-gia-voi-thieu-gia-ac-quy                                                              , Phuong Nam
Cuộc Hẹn Với Tử Thi - Sự Thật Phía Sau Cái Chết                                                                           , NXB Thanh Niên                                                        , Còn hàng  , "103,550₫"  , "109,000₫"  , https://nhasachphuongnam.com/products/cuoc-hen-voi-tu-thi-su-that-phia-sau-cai-chet                                                                 , Phuong Nam
Cuộc Gọi Từ Cõi Âm                                                                                                        , NXB Dân Trí                                                           , Còn hàng  , "128,250₫"  , "135,000₫"  , https://nhasachphuongnam.com/products/cuoc-goi-tu-coi-am                                                                                            , Phuong Nam
Cuộc Đời Vô Vị Thế Phải Yêu Em                                                                                            , NXB Phụ Nữ Việt Nam                                                   , Còn hàng  , "68,400₫"   , "72,000₫"   , https://nhasachphuongnam.com/products/cuoc-doi-vo-vi-the-phai-yeu-em                                                                                , Phuong Nam
Cưng Chiều Anh Thêm Chút Nữa                                                                                              , NXB Văn Học                                                           , Còn hàng  , "175,750₫"  , "185,000₫"  , https://nhasachphuongnam.com/products/cung-chieu-anh-them-chut-nua                                                                                  , Phuong Nam
Cùng Cha Mẹ Già Đi                                                                                                        , NXB Dân Trí                                                           , Còn hàng  , "113,050₫"  , "119,000₫"  , https://nhasachphuongnam.com/products/cung-cha-me-gia-di                                                                                            , Phuong Nam
Cục Điều Tra Thi Thể - Truy Tìm Bằng Chứng Thép                                                                           , NXB Thanh Niên                                                        , Còn hàng  , "141,550₫"  , "149,000₫"  , https://nhasachphuongnam.com/products/cuc-dieu-tra-thi-the-truy-tim-bang-chung-thep                                                                 , Phuong Nam
Cửa Tiệm Chỉ Mở Vào Ngày Mưa                                                                                              , NXB Dân Trí                                                           , Còn hàng  , "138,700₫"  , "146,000₫"  , https://nhasachphuongnam.com/products/cua-tiem-chi-mo-vao-ngay-mua                                                                                  , Phuong Nam
Cửa Hàng Tiện Lợi Bất Tiện - Tập 2                                                                                        , NXB Dân Trí                                                           , Còn hàng  , "151,050₫"  , "159,000₫"  , https://nhasachphuongnam.com/products/cua-hang-tien-loi-bat-tien-tap-2                                                                              , Phuong Nam
Cửa Hàng Ma Quái (Bộ 2 tập)                                                                                               , NXB Dân Trí                                                           , Còn hàng  , "331,550₫"  , "349,000₫"  , https://nhasachphuongnam.com/products/cua-hang-ma-quai-bo-2-tap                                                                                     , Phuong Nam
Crying In Trees                                                                                                           , NXB Trẻ                                                               , Còn hàng  , "199,500₫"  , "210,000₫"  , https://nhasachphuongnam.com/products/crying-in-trees                                                                                               , Phuong Nam
CHIẾN BINH CẦU VỒNG                                                                                                       , Nhã Nam                                                               , Còn hàng  , "128,250₫"  , "135,000₫"  , https://nhasachphuongnam.com/products/chien-binh-cau-vong                                                                                           , Phuong Nam
Cốt Toái                                                                                                                  , NXB Thế Giới                                                          , Còn hàng  , "103,550₫"  , "109,000₫"  , https://nhasachphuongnam.com/products/cot-toai                                                                                                      , Phuong Nam
Cọng Rơm Hy Vọng                                                                                                          , Chi Nhánh Công ty Cổ Phần Văn Hóa Và Truyền Thông Nhã Nam (Tp. Hà Nội), Còn hàng  , "123,500₫"  , "130,000₫"  , https://nhasachphuongnam.com/products/cong-rom-hy-vong                                                                                              , Phuong Nam
Công Chúa Nhỏ                                                                                                             , NXB Hội Nhà Văn                                                       , Còn hàng  , "87,400₫"   , "92,000₫"   , https://nhasachphuongnam.com/products/cong-chua-nho                                                                                                 , Phuong Nam
Công Bằng Trên Đời Là Do Bạn Nỗ Lực Giành Lấy                                                                             , NXB Dân Trí                                                           , Còn hàng  , "94,050₫"   , "99,000₫"   , https://nhasachphuongnam.com/products/cong-bang-tren-doi-la-do-ban-no-luc-gianh-lay                                                                 , Phuong Nam
Con Thỏ Nguyền Rủa                                                                                                        , NXB Hội Nhà Văn                                                       , Còn hàng  , "131,100₫"  , "138,000₫"  , https://nhasachphuongnam.com/products/con-tho-nguyen-rua                                                                                            , Phuong Nam
Cơn Thịnh Nộ                                                                                                              , NXB Thế Giới                                                          , Còn hàng  , "137,750₫"  , "145,000₫"  , https://nhasachphuongnam.com/products/con-thinh-no                                                                                                  , Phuong Nam
Con Rối Hát Ngoài Rừng Xa                                                                                                 , NXB Hội Nhà Văn                                                       , Còn hàng  , "113,050₫"  , "119,000₫"  , https://nhasachphuongnam.com/products/con-roi-hat-ngoai-rung-xa                                                                                     , Phuong Nam
Con Lửng                                                                                                                  , NXB Lao Động Xã Hội                                                   , Còn hàng  , "160,550₫"  , "169,000₫"  , https://nhasachphuongnam.com/products/con-lung                                                                                                      , Phuong Nam
Con Diếc Quẫy Lồng                                                                                                        , NXB Văn Học                                                           , Còn hàng  , "148,200₫"  , "156,000₫"  , https://nhasachphuongnam.com/products/con-diec-quay-long                                                                                            , Phuong Nam
Con Dao Nhỏ Của Emiri                                                                                                     , NXB Phụ Nữ Việt Nam                                                   , Còn hàng  , "159,600₫"  , "168,000₫"  , https://nhasachphuongnam.com/products/con-dao-nho-cua-emiri                                                                                         , Phuong Nam
Còn Chồi Nảy Cây                                                                                                          , NXB Phụ Nữ Việt Nam                                                   , Còn hàng  , "102,600₫"  , "108,000₫"  , https://nhasachphuongnam.com/products/con-choi-nay-cay                                                                                              , Phuong Nam
Combo Đèn Sao Hoang Dã (Bộ 2 tập)                                                                                         , NXB Văn Học                                                           , Còn hàng  , "406,600₫"  , "428,000₫"  , https://nhasachphuongnam.com/products/combo-den-sao-hoang-da-bo-2-tap                                                                               , Phuong Nam
Có Một Mùa Hè Chưa Từng Lãng Quên                                                                                         , NXB Văn Học                                                           , Còn hàng  , "114,000₫"  , "120,000₫"  , https://nhasachphuongnam.com/products/co-mot-mua-he-chua-tung-lang-quen                                                                             , Phuong Nam
Cổ Học Tinh Hoa                                                                                                           , NXB Văn Học                                                           , Còn hàng  , "119,700₫"  , "126,000₫"  , https://nhasachphuongnam.com/products/co-hoc-tinh-hoa                                                                                               , Phuong Nam
Cọ Hoang (Tái bản năm 2025)                                                                                               , NXB Lao Động Xã Hội                                                   , Còn hàng  , "169,100₫"  , "178,000₫"  , https://nhasachphuongnam.com/products/co-hoang-tai-ban-nam-2025                                                                                     , Phuong Nam
Cô Gái Mù Chữ Phá Bom Nguyên Tử (Tái bản năm 2024)                                                                        , NXB Trẻ                                                               , Còn hàng  , "194,750₫"  , "205,000₫"  , https://nhasachphuongnam.com/products/co-gai-mu-chu-pha-bom-nguyen-tu-tai-ban-nam-2024                                                              , Phuong Nam
Cố Cả Léopold Cadière: Từ Việt Nam Học Đến Việt Nam Hóa                                                                   , NXB Trẻ                                                               , Còn hàng  , "71,250₫"   , "75,000₫"   , https://nhasachphuongnam.com/products/co-ca-leopold-cadiere-tu-viet-nam-hoc-den-viet-nam-hoa                                                        , Phuong Nam
Cô Ba Phố Hội                                                                                                             , NXB Đà Nẵng                                                           , Còn hàng  , "141,550₫"  , "149,000₫"  , https://nhasachphuongnam.com/products/co-ba-pho-hoi                                                                                                 , Phuong Nam
Có Ai Trưởng Thành Mà Không Vụn Vỡ                                                                                        , NXB Thế Giới                                                          , Còn hàng  , "94,050₫"   , "99,000₫"   , https://nhasachphuongnam.com/products/co-ai-truong-thanh-ma-khong-vun-vo                                                                            , Phuong Nam
Chuyện Tình Yêu Loài Người                                                                                                , NXB Thế Giới                                                          , Còn hàng  , "84,550₫"   , "89,000₫"   , https://nhasachphuongnam.com/products/chuyen-tinh-yeu-loai-nguoi                                                                                    , Phuong Nam
Chuyến Tàu Ánh Sáng                                                                                                       , NXB Lao Động Xã Hội                                                   , Còn hàng  , "141,550₫"  , "149,000₫"  , https://nhasachphuongnam.com/products/chuyen-tau-anh-sang                                                                                           , Phuong Nam
Chuyến Tàu 16 Giờ 50 Từ Paddington                                                                                        , NXB Trẻ                                                               , Còn hàng  , "128,250₫"  , "135,000₫"  , https://nhasachphuongnam.com/products/chuyen-tau-16-gio-50-tu-paddington                                                                            , Phuong Nam
Cây Cam Ngọt Của Tôi                                                                                                      , NXB Hội Nhà Văn                                                       , Còn hàng  , "102,600₫"  , "108,000₫"  , https://nhasachphuongnam.com/products/cay-cam-ngot-cua-toi                                                                                          , Phuong Nam
Chuyện Ở Quán Canh Hầm 24h                                                                                                , NXB Dân Trí                                                           , Còn hàng  , "109,250₫"  , "115,000₫"  , https://nhasachphuongnam.com/products/chuyen-o-quan-canh-ham-24h                                                                                    , Phuong Nam
Chuyện Nhà Tí (Và Chuyện Nhiều Nhà Khác)                                                                                  , NXB Hội Nhà Văn                                                       , Còn hàng  , "142,500₫"  , "150,000₫"  , https://nhasachphuongnam.com/products/chuyen-nha-ti-va-chuyen-nhieu-nha-khac                                                                        , Phuong Nam
Chuyện Nghề Của Thủy                                                                                                      , NXB Hội Nhà Văn                                                       , Còn hàng  , "254,600₫"  , "268,000₫"  , https://nhasachphuongnam.com/products/chuyen-nghe-cua-thuy                                                                                          , Phuong Nam
Chuyện Kể Lúc Hoàng Hôn (Tuyển tập truyện ma Charles Dickens)                                                             , NXB Kim Đồng                                                          , Còn hàng  , "57,000₫"   , "60,000₫"   , https://nhasachphuongnam.com/products/chuyen-ke-luc-hoang-hon-tuyen-tap-truyen-ma-charles-dickens                                                   , Phuong Nam
Chuyện Kể Của Một Đại Sứ                                                                                                  , NXB Hội Nhà Văn                                                       , Còn hàng  , "159,600₫"  , "168,000₫"  , https://nhasachphuongnam.com/products/chuyen-ke-cua-mot-dai-su                                                                                      , Phuong Nam
Chuyện Hồi Đó                                                                                                             , NXB Phụ Nữ Việt Nam                                                   , Còn hàng  , "299,250₫"  , "315,000₫"  , https://nhasachphuongnam.com/products/chuyen-hoi-do                                                                                                 , Phuong Nam
Chuyện Giải Buồn                                                                                                          , NXB Trẻ                                                               , Còn hàng  , "133,000₫"  , "140,000₫"  , https://nhasachphuongnam.com/products/chuyen-giai-buon                                                                                              , Phuong Nam
Chuyên Gia Tâm Lý Mạc Nam - Quạ Đen                                                                                       , NXB Văn Học                                                           , Còn hàng  , "207,100₫"  , "218,000₫"  , https://nhasachphuongnam.com/products/chuyen-gia-tam-ly-mac-nam-qua-den                                                                             , Phuong Nam
Chuyến Du Hành Vào Lòng Đất                                                                                               , NXB Thanh Niên                                                        , Còn hàng  , "132,050₫"  , "139,000₫"  , https://nhasachphuongnam.com/products/chuyen-du-hanh-vao-long-dat                                                                                   , Phuong Nam
What Happened - Điều Gì Đã Diễn Ra                                                                                        , NXB Thế Giới                                                          , Còn hàng  , "207,200₫"  , "259,000₫"  , https://nhasachphuongnam.com/products/what-happened-dieu-gi-da-dien-ra                                                                              , Phuong Nam
Chuyện Cười Cổ Nhân                                                                                                       , NXB Trẻ                                                               , Còn hàng  , "204,250₫"  , "215,000₫"  , https://nhasachphuongnam.com/products/chuyen-cuoi-co-nhan                                                                                           , Phuong Nam
Cánh Đồng Bất Tận (Phiên bản màu có minh họa)                                                                             , NXB Trẻ                                                               , Còn hàng  , "318,250₫"  , "335,000₫"  , https://nhasachphuongnam.com/products/canh-dong-bat-tan-phien-ban-mau-co-minh-hoa                                                                   , Phuong Nam
Chương Cuối Của Mùa Hạ                                                                                                    , Nxv Tổng Hợp Đồng Nai                                                 , Còn hàng  , "118,750₫"  , "125,000₫"  , https://nhasachphuongnam.com/products/chuong-cuoi-cua-mua-ha                                                                                        , Phuong Nam
Chúng Ta Sống Để Bước Tiếp                                                                                                , NXB Trẻ                                                               , Còn hàng  , "76,000₫"   , "80,000₫"   , https://nhasachphuongnam.com/products/chung-ta-song-de-buoc-tiep                                                                                    , Phuong Nam
Chúng Ta Rồi Sẽ Hạnh Phúc Theo Những Cách Khác Nhau (Tái bản năm 2025)                                                    , NXB Văn Học                                                           , Còn hàng  , "93,100₫"   , "98,000₫"   , https://nhasachphuongnam.com/products/chung-ta-roi-se-hanh-phuc-theo-nhung-cach-khac-nhau-tai-ban-nam-2025                                          , Phuong Nam
Chúng Ta Đi Cùng Nhau Tới Đây Thôi                                                                                        , NXB Dân Trí                                                           , Còn hàng  , "76,950₫"   , "81,000₫"   , https://nhasachphuongnam.com/products/chung-ta-di-cung-nhau-toi-day-thoi                                                                            , Phuong Nam
Chúng Ta Của Sau Này Không Có Chúng Ta                                                                                    , NXB Thanh Niên                                                        , Còn hàng  , "99,750₫"   , "105,000₫"  , https://nhasachphuongnam.com/products/chung-ta-cua-sau-nay-khong-co-chung-ta                                                                        , Phuong Nam
Chúng Ta Của Những Ngày Tan Vỡ                                                                                            , NXB Thế Giới                                                          , Còn hàng  , "94,050₫"   , "99,000₫"   , https://nhasachphuongnam.com/products/chung-ta-cua-nhung-ngay-tan-vo                                                                                , Phuong Nam
Chúa Tể Những Chiếc Nhẫn 1 - Đoàn Hộ Nhẫn (Tái bản năm 2025)                                                              , NXB Văn Học                                                           , Còn hàng  , "180,500₫"  , "190,000₫"  , https://nhasachphuongnam.com/products/chua-te-nhung-chiec-nhan-1-doan-ho-nhan-tai-ban-nam-2025                                                      , Phuong Nam
Chưa Kịp Lớn Đã Phải Trưởng Thành - Quyển 2: Phiên Bản Mùa Hè                                                             , NXB Dân Trí                                                           , Còn hàng  , "75,050₫"   , "79,000₫"   , https://nhasachphuongnam.com/products/chua-kip-lon-da-phai-truong-thanh-quyen-2-phien-ban-mua-he                                                    , Phuong Nam
Chữ Yêu Là Trữ Tình                                                                                                       , NXB Dân Trí                                                           , Còn hàng  , "83,600₫"   , "88,000₫"   , https://nhasachphuongnam.com/products/chu-yeu-la-tru-tinh                                                                                           , Phuong Nam
Cái Chết Thứ Năm                                                                                                          , NXB Thanh Niên                                                        , Còn hàng  , "179,550₫"  , "189,000₫"  , https://nhasachphuongnam.com/products/cai-chet-thu-nam                                                                                              , Phuong Nam
Cái Ác - Một Thách Thức Đối Với Triết Học Và Thần Học                                                                     , NXB Hồng Đức                                                          , Còn hàng  , "87,400₫"   , "92,000₫"   , https://nhasachphuongnam.com/products/cai-ac-mot-thach-thuc-doi-voi-triet-hoc-va-than-hoc                                                           , Phuong Nam
Chú Chó Nhìn Thấy Gì? (Tái bản năm 2024)                                                                                  , NXB Thế Giới                                                          , Còn hàng  , "179,100₫"  , "199,000₫"  , https://nhasachphuongnam.com/products/chu-cho-nhin-thay-gi-tai-ban-nam-2024                                                                         , Phuong Nam
Chọn Cô Đơn Giữa Biển Người Vô Tận                                                                                        , NXB Phụ Nữ Việt Nam                                                   , Còn hàng  , "75,050₫"   , "79,000₫"   , https://nhasachphuongnam.com/products/chon-co-don-giua-bien-nguoi-vo-tan                                                                            , Phuong Nam
Cho Tôi Buồn Nốt Hôm Nay                                                                                                  , NXB Văn Học                                                           , Còn hàng  , "85,500₫"   , "90,000₫"   , https://nhasachphuongnam.com/products/cho-toi-buon-not-hom-nay                                                                                      , Phuong Nam
Cho Mùa Xuân Ở Lại                                                                                                        , NXB Kim Đồng                                                          , Còn hàng  , "57,000₫"   , "60,000₫"   , https://nhasachphuongnam.com/products/cho-mua-xuan-o-lai                                                                                            , Phuong Nam
Chín Truyện Ngắn (Tuyển tập truyện ngắn J. D. Salinger)                                                                   , NXB Hội Nhà Văn                                                       , Còn hàng  , "118,750₫"  , "125,000₫"  , https://nhasachphuongnam.com/products/chin-truyen-ngan-tuyen-tap-truyen-ngan-j-d-salinger                                                           , Phuong Nam
Chim Trời Bay Về Sau Cơn Mưa                                                                                              , NXB Phụ Nữ Việt Nam                                                   , Còn hàng  , "103,550₫"  , "109,000₫"  , https://nhasachphuongnam.com/products/chim-troi-bay-ve-sau-con-mua                                                                                  , Phuong Nam
Chim Trắng Sa Vào Rừng Thẳm                                                                                               , NXB Văn Học                                                           , Còn hàng  , "194,750₫"  , "205,000₫"  , https://nhasachphuongnam.com/products/chim-trang-sa-vao-rung-tham                                                                                   , Phuong Nam
Vua Thợ Hàn                                                                                                               , NXB Hội Nhà Văn                                                       , Còn hàng  , "71,250₫"   , "75,000₫"   , https://nhasachphuongnam.com/products/vua-tho-han                                                                                                   , Phuong Nam
"Chiêu Thánh, Chiêu Thánh"                                                                                                , NXB Phụ Nữ Việt Nam                                                   , Còn hàng  , "159,600₫"  , "168,000₫"  , https://nhasachphuongnam.com/products/chieu-thanh-chieu-thanh                                                                                       , Phuong Nam
Chiến Binh Zulu                                                                                                           , NXB Văn Học                                                           , Còn hàng  , "205,200₫"  , "216,000₫"  , https://nhasachphuongnam.com/products/chien-binh-zulu                                                                                               , Phuong Nam
Chiếc Ghế Người                                                                                                           , NXB Phụ Nữ Việt Nam                                                   , Còn hàng  , "147,250₫"  , "155,000₫"  , https://nhasachphuongnam.com/products/chiec-ghe-nguoi                                                                                               , Phuong Nam
Các Cô Katherine                                                                                                          , Công ty TNHH Một Thành Viên Nhà Xuất Bản Trẻ                          , Còn hàng  , "99,750₫"   , "105,000₫"  , https://nhasachphuongnam.com/products/cac-co-katherine                                                                                              , Phuong Nam
Vụ Ám Sát Ông Roger Ackroyd                                                                                               , NXB Trẻ                                                               , Còn hàng  , "118,750₫"  , "125,000₫"  , https://nhasachphuongnam.com/products/vu-am-sat-ong-roger-ackroyd                                                                                   , Phuong Nam
Chỉ Cần Lòng Mình Có Nắng                                                                                                 , NXB Dân Trí                                                           , Còn hàng  , "71,250₫"   , "75,000₫"   , https://nhasachphuongnam.com/products/chi-can-long-minh-co-nang                                                                                     , Phuong Nam
"Chỉ Cần Em Mạnh Mẽ, Sẽ Có Cách Đừng Lo"                                                                                  , NXB Văn Học                                                           , Còn hàng  , "87,400₫"   , "92,000₫"   , https://nhasachphuongnam.com/products/chi-can-em-manh-me-se-co-cach-dung-lo                                                                         , Phuong Nam
Chết Lần Hai                                                                                                              , NXB Hà Nội                                                            , Còn hàng  , "228,000₫"  , "240,000₫"  , https://nhasachphuongnam.com/products/chet-lan-hai                                                                                                  , Phuong Nam
Chết Chùm                                                                                                                 , NXB Dân Trí                                                           , Còn hàng  , "170,050₫"  , "179,000₫"  , https://nhasachphuongnam.com/products/chet-chum                                                                                                     , Phuong Nam
Cherry Magic! - Tập 12                                                                                                    , NXB Dân Trí                                                           , Còn hàng  , "103,550₫"  , "109,000₫"  , https://nhasachphuongnam.com/products/cherry-magic-tap-12                                                                                           , Phuong Nam
Vọng Âm                                                                                                                   , NXB Văn Hóa-Văn Nghệ                                                  , Còn hàng  , "137,750₫"  , "145,000₫"  , https://nhasachphuongnam.com/products/vong-am                                                                                                       , Phuong Nam
Chất Dị Ứng Đáng Yêu - Tập 2                                                                                              , NXB Dân Trí                                                           , Còn hàng  , "170,050₫"  , "179,000₫"  , https://nhasachphuongnam.com/products/chat-di-ung-dang-yeu-tap-2                                                                                    , Phuong Nam
Chào Mừng Bạn Đến Hiệu Sách Hyunam-dong                                                                                   , NXB Hội Nhà Văn                                                       , Còn hàng  , "180,500₫"  , "190,000₫"  , https://nhasachphuongnam.com/products/chao-mung-ban-den-hieu-sach-hyunam-dong                                                                       , Phuong Nam
Chàng Trai Xinh Đẹp - Tập 2                                                                                               , NXB Dân Trí                                                           , Còn hàng  , "141,550₫"  , "149,000₫"  , https://nhasachphuongnam.com/products/chang-trai-xinh-dep-tap-2                                                                                     , Phuong Nam
Chàng Trai Nổi Tiếng Nhất Trường Để Ý Tôi                                                                                 , NXB Thế Giới                                                          , Còn hàng  , "122,550₫"  , "129,000₫"  , https://nhasachphuongnam.com/products/chang-trai-noi-tieng-nhat-truong-de-y-toi                                                                     , Phuong Nam
Chàng Trai Chuyển Kiếp Và Cô Gái Thiên Tài - Tập 1                                                                        , NXB Hội Nhà Văn                                                       , Còn hàng  , "128,250₫"  , "135,000₫"  , https://nhasachphuongnam.com/products/chang-trai-chuyen-kiep-va-co-gai-thien-tai-tap-1                                                              , Phuong Nam
Chàng Chó                                                                                                                 , NXB Phụ Nữ Việt Nam                                                   , Còn hàng  , "109,250₫"  , "115,000₫"  , https://nhasachphuongnam.com/products/chang-cho                                                                                                     , Phuong Nam
Chân Dung - Tuyển Tập Truyện Ngắn Song Ngữ Viêt-Anh Nguyễn Quang Thân                                                     , NXB Thế Giới                                                          , Còn hàng  , "115,200₫"  , "144,000₫"  , https://nhasachphuongnam.com/products/chan-dung-tuyen-tap-truyen-ngan-song-ngu-viet-anh-nguyen-quang-than                                           , Phuong Nam
VỢ NHẶT                                                                                                                   , Cty Văn Hóa & Truyền Thông Trí Việt.                                  , Còn hàng  , "56,050₫"   , "59,000₫"   , https://nhasachphuongnam.com/products/vo-nhat                                                                                                       , Phuong Nam
Chậm Rãi Động Lòng - Tập 2                                                                                                , NXB Thanh Niên                                                        , Còn hàng  , "189,050₫"  , "199,000₫"  , https://nhasachphuongnam.com/products/cham-rai-dong-long-tap-2                                                                                      , Phuong Nam
Chậm Rãi Động Lòng - Tập 1                                                                                                , NXB Thanh Niên                                                        , Còn hàng  , "189,050₫"  , "199,000₫"  , https://nhasachphuongnam.com/products/cham-rai-dong-long-tap-1                                                                                      , Phuong Nam
"Cha, Con Gái Và Những Bức Thư Gửi Tương Lai"                                                                             , NXB Phụ Nữ Việt Nam                                                   , Còn hàng  , "103,550₫"  , "109,000₫"  , https://nhasachphuongnam.com/products/cha-con-gai-va-nhung-buc-thu-gui-tuong-lai                                                                    , Phuong Nam
Cha Brown Và Những Tội Ác Bất Khả Thi                                                                                     , NXB Dân Trí                                                           , Còn hàng  , "94,050₫"   , "99,000₫"   , https://nhasachphuongnam.com/products/cha-brown-va-nhung-toi-ac-bat-kha-thi                                                                         , Phuong Nam
Cây Nấm Nhỏ - Tập 2                                                                                                       , NXB Hà Nội                                                            , Còn hàng  , "170,050₫"  , "179,000₫"  , https://nhasachphuongnam.com/products/cay-nam-nho-tap-2                                                                                             , Phuong Nam
Cây Nấm Nhỏ - Tập 1                                                                                                       , Công ty TNHH Văn Hóa Truyền Thông Az Việt Nam                         , Còn hàng  , "166,250₫"  , "175,000₫"  , https://nhasachphuongnam.com/products/cay-nam-nho-tap-1                                                                                             , Phuong Nam
Cậu Ôm Tớ Một Cái                                                                                                         , NXB Dân Trí                                                           , Còn hàng  , "281,200₫"  , "296,000₫"  , https://nhasachphuongnam.com/products/cau-om-to-mot-cai                                                                                             , Phuong Nam
"Cậu Đừng Khóc, Tớ Cùng Cậu Đi Ngắm Hoa"                                                                                  , NXB Văn Học                                                           , Còn hàng  , "96,900₫"   , "102,000₫"  , https://nhasachphuongnam.com/products/cau-dung-khoc-to-cung-cau-di-ngam-hoa                                                                         , Phuong Nam
Câu Chuyện Nghệ Thuật - Lịch Sử Nghệ Thuật Qua Các Trào Lưu Lớn Và Những Kiệt Tác Truyền Cảm Hứng                         , NXB Thế Giới                                                          , Còn hàng  , "646,000₫"  , "680,000₫"  , https://nhasachphuongnam.com/products/cau-chuyen-nghe-thuat-lich-su-nghe-thuat-qua-cac-trao-luu-lon-va-nhung-kiet-tac-truyen-cam-hung               , Phuong Nam
Câu Chuyện Không Ai Biết Ấy - Tập 2                                                                                       , NXB Hà Nội                                                            , Còn hàng  , "160,550₫"  , "169,000₫"  , https://nhasachphuongnam.com/products/cau-chuyen-khong-ai-biet-ay-tap-2                                                                             , Phuong Nam
Câu Chuyện Không Ai Biết Ấy - Tập 1                                                                                       , NXB Thanh Niên                                                        , Còn hàng  , "179,550₫"  , "189,000₫"  , https://nhasachphuongnam.com/products/cau-chuyen-khong-ai-biet-ay-tap-1                                                                             , Phuong Nam
Cất Cho Tôi Những Ngày Xanh Nắng Hạ                                                                                       , NXB Văn Học                                                           , Còn hàng  , "103,550₫"  , "109,000₫"  , https://nhasachphuongnam.com/products/cat-cho-toi-nhung-ngay-xanh-nang-ha                                                                           , Phuong Nam
Carlo Ancelotti - Lãnh Đạo Trầm Lặng (Tái bản năm 2024)                                                                   , NXB Trẻ                                                               , Còn hàng  , "171,000₫"  , "180,000₫"  , https://nhasachphuongnam.com/products/carlo-ancelotti-lanh-dao-tram-lang-tai-ban-nam-2024                                                           , Phuong Nam
Cảnh Sát Trưởng Ngủ Gật                                                                                                   , NXB Dân Trí                                                           , Còn hàng  , "114,950₫"  , "121,000₫"  , https://nhasachphuongnam.com/products/canh-sat-truong-ngu-gat                                                                                       , Phuong Nam
Cảnh Sát Kể Chuyện: Những Bi Kịch Nhân Gian                                                                               , NXB Thông Tấn                                                         , Còn hàng  , "166,250₫"  , "175,000₫"  , https://nhasachphuongnam.com/products/canh-sat-ke-chuyen-nhung-bi-kich-nhan-gian                                                                    , Phuong Nam
"Cánh Cửa Mở Rộng - Tôi, Charley Và Hành Trình Nước Mỹ (Tái bản năm 2023)"                                                , NXB Trẻ                                                               , Còn hàng  , "133,000₫"  , "140,000₫"  , https://nhasachphuongnam.com/products/canh-cua-mo-rong-toi-charley-va-hanh-trinh-nuoc-my-tai-ban-nam-2023                                           , Phuong Nam
Cánh Cửa Mở Rộng - Lũ Mục Đồng (Tái bản năm 2023)                                                                         , NXB Trẻ                                                               , Còn hàng  , "156,750₫"  , "165,000₫"  , https://nhasachphuongnam.com/products/canh-cua-mo-rong-lu-muc-dong-tai-ban-nam-2023                                                                 , Phuong Nam
Vì Thương...                                                                                                              , NXB Văn Hóa-Văn Nghệ                                                  , Còn hàng  , "96,000₫"   , "120,000₫"  , https://nhasachphuongnam.com/products/vi-thuong                                                                                                     , Phuong Nam
Can Trường Bước Tiếp (Tái bản năm 2023)                                                                                   , NXB Thế Giới                                                          , Còn hàng  , "91,200₫"   , "96,000₫"   , https://nhasachphuongnam.com/products/can-truong-buoc-tiep-tai-ban-nam-2023                                                                         , Phuong Nam
Căn Phòng Riêng Của Mẹ                                                                                                    , NXB Văn Học                                                           , Còn hàng  , "129,200₫"  , "136,000₫"  , https://nhasachphuongnam.com/products/can-phong-rieng-cua-me                                                                                        , Phuong Nam
Căn Phòng Của Râu Xanh                                                                                                    , NXB Văn Học                                                           , Còn hàng  , "99,750₫"   , "105,000₫"  , https://nhasachphuongnam.com/products/can-phong-cua-rau-xanh                                                                                        , Phuong Nam
Cắn Lên Đầu Ngón Tay Anh - Tập 2                                                                                          , NXB Hà Nội                                                            , Còn hàng  , "179,550₫"  , "189,000₫"  , https://nhasachphuongnam.com/products/can-len-dau-ngon-tay-anh-tap-2                                                                                , Phuong Nam
Cắn Lên Đầu Ngón Tay Anh - Tập 1                                                                                          , NXB Hà Nội                                                            , Còn hàng  , "179,550₫"  , "189,000₫"  , https://nhasachphuongnam.com/products/can-len-dau-ngon-tay-anh-tap-1                                                                                , Phuong Nam
Cảm Ơn Ta Lại Nhìn Thấy Nhau                                                                                              , NXB Dân Trí                                                           , Còn hàng  , "113,050₫"  , "119,000₫"  , https://nhasachphuongnam.com/products/cam-on-ta-lai-nhin-thay-nhau                                                                                  , Phuong Nam
Cảm Ơn Bạn Vì Đã Sống Tiếp                                                                                                , NXB Phụ Nữ Việt Nam                                                   , Còn hàng  , "90,250₫"   , "95,000₫"   , https://nhasachphuongnam.com/products/cam-on-ban-vi-da-song-tiep                                                                                    , Phuong Nam
Cái Chết Của Những Xác Sống - Tập 1                                                                                       , NXB Thế Giới                                                          , Còn hàng  , "132,050₫"  , "139,000₫"  , https://nhasachphuongnam.com/products/cai-chet-cua-nhung-xac-song-tap-1                                                                             , Phuong Nam
Cái Chết Của Kẻ Trăng Hoa                                                                                                 , NXB Lao Động Xã Hội                                                   , Còn hàng  , "160,550₫"  , "169,000₫"  , https://nhasachphuongnam.com/products/cai-chet-cua-ke-trang-hoa                                                                                     , Phuong Nam
Cái Bóng Trầm Mặc                                                                                                         , NXB Văn Học                                                           , Còn hàng  , "156,750₫"  , "165,000₫"  , https://nhasachphuongnam.com/products/cai-bong-tram-mac                                                                                             , Phuong Nam
Cái Áo Duyên                                                                                                              , NXB Dân Trí                                                           , Còn hàng  , "151,050₫"  , "159,000₫"  , https://nhasachphuongnam.com/products/cai-ao-duyen                                                                                                  , Phuong Nam
Cách Gì Rồi Em Cũng Sẽ Bước Qua                                                                                           , NXB Hội Nhà Văn                                                       , Còn hàng  , "131,100₫"  , "138,000₫"  , https://nhasachphuongnam.com/products/cach-gi-roi-em-cung-se-buoc-qua                                                                               , Phuong Nam
Cá Voi Cô Đơn - Tập 1                                                                                                     , NXB Văn Học                                                           , Còn hàng  , "235,600₫"  , "248,000₫"  , https://nhasachphuongnam.com/products/ca-voi-co-don-tap-1                                                                                           , Phuong Nam
Ca Dao Ngày Nảy Ngày Nay                                                                                                  , NXB Thế Giới                                                          , Còn hàng  , "75,050₫"   , "79,000₫"   , https://nhasachphuongnam.com/products/ca-dao-ngay-nay-ngay-nay                                                                                      , Phuong Nam
Vén Mây                                                                                                                   , NXB Hội Nhà Văn                                                       , Còn hàng  , "82,450₫"   , "97,000₫"   , https://nhasachphuongnam.com/products/ven-may                                                                                                       , Phuong Nam
Vẻ Đẹp Của Yêu Tinh                                                                                                       , NXB Hội Nhà Văn                                                       , Còn hàng  , "77,900₫"   , "82,000₫"   , https://nhasachphuongnam.com/products/ve-dep-cua-yeu-tinh                                                                                           , Phuong Nam
Bút Ký Kẻ Sát Nhân                                                                                                        , NXB Thanh Niên                                                        , Còn hàng  , "227,050₫"  , "239,000₫"  , https://nhasachphuongnam.com/products/but-ky-ke-sat-nhan                                                                                            , Phuong Nam
Buông Bỏ Những Thứ Không Thuộc Về Mình                                                                                    , NXB Văn Học                                                           , Còn hàng  , "85,500₫"   , "90,000₫"   , https://nhasachphuongnam.com/products/buong-bo-nhung-thu-khong-thuoc-ve-minh                                                                        , Phuong Nam
Bước Vào Bóng Tối 2 - Những Vụ Án Rung Chuyển Dư Luận Qua Góc Nhìn Của Bat Saber                                          , NXB Hà Nội                                                            , Còn hàng  , "94,050₫"   , "99,000₫"   , https://nhasachphuongnam.com/products/buoc-vao-bong-toi-2-nhung-vu-an-rung-chuyen-du-luan-qua-goc-nhin-cua-bat-saber                                , Phuong Nam
Bước Vào Bóng Tối - Những Vụ Án Có Thật Cùng Bat Saber                                                                    , NXB Văn Học                                                           , Còn hàng  , "94,050₫"   , "99,000₫"   , https://nhasachphuongnam.com/products/buoc-vao-bong-toi-nhung-vu-an-co-that-cung-bat-saber                                                          , Phuong Nam
"Bước Qua Nước Mắt, Tự Khắc Trưởng Thành"                                                                                 , NXB Thế Giới                                                          , Còn hàng  , "143,200₫"  , "179,000₫"  , https://nhasachphuongnam.com/products/buoc-qua-nuoc-mat-tu-khac-truong-thanh                                                                        , Phuong Nam
Bước Đường Cùng (Tái bản năm 2023)                                                                                        , NXB Văn Học                                                           , Còn hàng  , "64,600₫"   , "68,000₫"   , https://nhasachphuongnam.com/products/buoc-duong-cung-tai-ban-nam-2023                                                                              , Phuong Nam
Bước Đường Cùng (Sách Minh Long Book)                                                                                     , NXB Văn Học                                                           , Còn hàng  , "61,750₫"   , "65,000₫"   , https://nhasachphuongnam.com/products/buoc-duong-cung-sach-minh-long-book                                                                           , Phuong Nam
Bức Xúc Không Làm Ta Vô Can (Tái bản năm 2018)                                                                            , NXB Hội Nhà Văn                                                       , Còn hàng  , "80,750₫"   , "85,000₫"   , https://nhasachphuongnam.com/products/buc-xuc-khong-lam-ta-vo-can-tai-ban-nam-2018                                                                  , Phuong Nam
Bức Tranh Kỳ Quái                                                                                                         , NXB Phụ Nữ Việt Nam                                                   , Còn hàng  , "156,750₫"  , "165,000₫"  , https://nhasachphuongnam.com/products/buc-tranh-ky-quai                                                                                             , Phuong Nam
Bù Nhìn                                                                                                                   , NXB Dân Trí                                                           , Còn hàng  , "170,050₫"  , "179,000₫"  , https://nhasachphuongnam.com/products/bu-nhin                                                                                                       , Phuong Nam
Vẫn Còn Nước Mắt                                                                                                          , NXB Hồng Đức                                                          , Còn hàng  , "49,400₫"   , "52,000₫"   , https://nhasachphuongnam.com/products/van-con-nuoc-mat                                                                                              , Phuong Nam
Vẫn Còn Nhớ Nhau                                                                                                          , NXB Văn Học                                                           , Còn hàng  , "55,100₫"   , "58,000₫"   , https://nhasachphuongnam.com/products/van-con-nho-nhau                                                                                              , Phuong Nam
Văn Cao - Người Đi Dọc Biển                                                                                               , NXB Phương Đông                                                       , Còn hàng  , "33,250₫"   , "35,000₫"   , https://nhasachphuongnam.com/products/van-cao-nguoi-di-doc-bien                                                                                     , Phuong Nam
Và Thượng Đế Đã Tạo Ra Tụi Mình                                                                                           , NXB Phụ Nữ Việt Nam                                                   , Còn hàng  , "75,650₫"   , "89,000₫"   , https://nhasachphuongnam.com/products/va-thuong-de-da-tao-ra-tui-minh                                                                               , Phuong Nam
Boyfriend Material - Bạn Trai Hoàn Hảo                                                                                    , NXB Dân Trí                                                           , Còn hàng  , "188,100₫"  , "198,000₫"  , https://nhasachphuongnam.com/products/boyfriend-material-ban-trai-hoan-hao                                                                          , Phuong Nam
Boxset Những Người Khốn Khổ (Bộ 3 tập) (Sách Huy Hoàng)                                                                   , NXB Văn Học                                                           , Còn hàng  , "517,750₫"  , "545,000₫"  , https://nhasachphuongnam.com/products/boxset-nhung-nguoi-khon-kho-bo-3-tap-sach-huy-hoang                                                           , Phuong Nam
Boxset Mưu Lược Gia Tinh Tuyển (Bộ 3 tập)                                                                                 , NXB Văn Học                                                           , Còn hàng  , "478,800₫"  , "504,000₫"  , https://nhasachphuongnam.com/products/boxset-muu-luoc-gia-tinh-tuyen-bo-3-tap                                                                       , Phuong Nam
Tuyển Tập Nguyễn Đình Chiểu                                                                                               , NXB Văn Học                                                           , Còn hàng  , "285,000₫"  , "300,000₫"  , https://nhasachphuongnam.com/products/tuyen-tap-nguyen-dinh-chieu                                                                                   , Phuong Nam
Bóng Tối Giữa Chúng Ta                                                                                                    , NXB Văn Học                                                           , Còn hàng  , "198,550₫"  , "209,000₫"  , https://nhasachphuongnam.com/products/bong-toi-giua-chung-ta                                                                                        , Phuong Nam
Bỗng Một Ngày Tôi Có Vị Hôn Thê Là Gal - Tập 2                                                                            , NXB Dân Trí                                                           , Còn hàng  , "122,550₫"  , "129,000₫"  , https://nhasachphuongnam.com/products/bong-mot-ngay-toi-co-vi-hon-the-la-gal-tap-2                                                                  , Phuong Nam
Bóng Đêm Và Mặt Trời                                                                                                      , NXB Phụ Nữ Việt Nam                                                   , Còn hàng  , "109,250₫"  , "115,000₫"  , https://nhasachphuongnam.com/products/bong-dem-va-mat-troi                                                                                          , Phuong Nam
Bóng Đêm Bát Xích Môn                                                                                                     , NXB Hội Nhà Văn                                                       , Còn hàng  , "218,500₫"  , "230,000₫"  , https://nhasachphuongnam.com/products/bong-dem-bat-xich-mon                                                                                         , Phuong Nam
Bốn Mùa Thương Em                                                                                                         , NXB Dân Trí                                                           , Còn hàng  , "84,550₫"   , "89,000₫"   , https://nhasachphuongnam.com/products/bon-mua-thuong-em                                                                                             , Phuong Nam
Bốn Mùa Nhật Bản                                                                                                          , NXB Trẻ                                                               , Còn hàng  , "161,500₫"  , "170,000₫"  , https://nhasachphuongnam.com/products/bon-mua-nhat-ban                                                                                              , Phuong Nam
"Bốn Mùa Đáng Sống, Bảy Ngày Đáng Mong"                                                                                   , NXB Dân Trí                                                           , Còn hàng  , "83,600₫"   , "88,000₫"   , https://nhasachphuongnam.com/products/bon-mua-dang-song-bay-ngay-dang-mong                                                                          , Phuong Nam
Bởi Vì Tôi Sẽ Gọi Tên Em                                                                                                  , NXB Hội Nhà Văn                                                       , Còn hàng  , "110,200₫"  , "116,000₫"  , https://nhasachphuongnam.com/products/boi-vi-toi-se-goi-ten-em                                                                                      , Phuong Nam
Bởi Vì Có Cậu                                                                                                             , NXB Văn Học                                                           , Còn hàng  , "156,750₫"  , "165,000₫"  , https://nhasachphuongnam.com/products/boi-vi-co-cau                                                                                                 , Phuong Nam
Từng Nốt Nhạc Ngân                                                                                                        , NXB Hội Nhà Văn                                                       , Còn hàng  , "114,000₫"  , "120,000₫"  , https://nhasachphuongnam.com/products/tung-not-nhac-ngan                                                                                            , Phuong Nam
Túi (Tản văn Trần Huy Minh Phương)                                                                                        , NXB Văn Hóa-Văn Nghệ                                                  , Còn hàng  , "42,750₫"   , "45,000₫"   , https://nhasachphuongnam.com/products/tui-tan-van-tran-huy-minh-phuong                                                                              , Phuong Nam
Tựa Lưng Vào Nỗi Nhớ                                                                                                      , NXB Văn Hóa-Văn Nghệ                                                  , Còn hàng  , "68,800₫"   , "86,000₫"   , https://nhasachphuongnam.com/products/tua-lung-vao-noi-nho                                                                                          , Phuong Nam
Bộ Sách Văn Học Miền Nam Lục Tỉnh (Trọn bộ 3 tập)                                                                         , NXB Trẻ                                                               , Còn hàng  , "598,500₫"  , "630,000₫"  , https://nhasachphuongnam.com/products/bo-sach-van-hoc-mien-nam-luc-tinh-tron-bo-3-tap                                                               , Phuong Nam
Bỏ Quên Nỗi Buồn Nơi Trạm Dừng Kế Tiếp                                                                                    , NXB Văn Học                                                           , Còn hàng  , "87,400₫"   , "92,000₫"   , https://nhasachphuongnam.com/products/bo-quen-noi-buon-noi-tram-dung-ke-tiep                                                                        , Phuong Nam
Bố Mẹ Cũng Cần Được Chữa Lành                                                                                             , NXB Văn Học                                                           , Còn hàng  , "96,900₫"   , "102,000₫"  , https://nhasachphuongnam.com/products/bo-me-cung-can-duoc-chua-lanh                                                                                 , Phuong Nam
Bố Già (Tái bản năm 2023) (Bìa mềm)                                                                                       , NXB Văn Học                                                           , Còn hàng  , "218,500₫"  , "230,000₫"  , https://nhasachphuongnam.com/products/bo-gia-tai-ban-nam-2023-bia-mem                                                                               , Phuong Nam
Từ Dụ Thái Hậu (Trọn Bộ 2 Quyển)                                                                                          , NXB Phụ Nữ Việt Nam                                                   , Còn hàng  , "356,250₫"  , "375,000₫"  , https://nhasachphuongnam.com/products/tu-du-thai-hau-tron-bo-2-quyen                                                                                , Phuong Nam
Bình Nguyên Lộc: Đò Dọc                                                                                                   , NXB Trẻ                                                               , Còn hàng  , "109,250₫"  , "115,000₫"  , https://nhasachphuongnam.com/products/binh-nguyen-loc-do-doc                                                                                        , Phuong Nam
Từ Điển Tiếng Việt Của GS. Nguyễn Lân - Phê Bình Và Khảo Cứu (giải Sách hay 2017) (Tái bản năm 2018)                      , NXB Hội Nhà Văn                                                       , Còn hàng  , "232,000₫"  , "290,000₫"  , https://nhasachphuongnam.com/products/tu-dien-tieng-viet-cua-gs-nguyen-lan-phe-binh-va-khao-cuu-giai-sach-hay-2017-tai-ban-nam-2018                 , Phuong Nam
Từ Điển Tiếng Việt Của GS. Nguyễn Lân - Phê Bình Và Khảo Cứu (Giải Sách Hay 2017 - Hạng Mục Phát Hiện Mới)                , NXB Hội Nhà Văn                                                       , Còn hàng  , "164,500₫"  , "235,000₫"  , https://nhasachphuongnam.com/products/tu-dien-tieng-viet-cua-gs-nguyen-lan-phe-binh-va-khao-cuu-giai-sach-hay-2017-hang-muc-phat-hien-moi           , Phuong Nam
"Biểu Tượng, Phù Hiệu Và Đồ Thờ Của Người An Nam"                                                                         , NXB Văn Học                                                           , Còn hàng  , "128,250₫"  , "135,000₫"  , https://nhasachphuongnam.com/products/bieu-tuong-phu-hieu-va-do-tho-cua-nguoi-an-nam                                                                , Phuong Nam
Biểu Tượng Thất Truyền (Tái bản năm 2023)                                                                                 , NXB Lao Động Xã Hội                                                   , Còn hàng  , "227,050₫"  , "239,000₫"  , https://nhasachphuongnam.com/products/bieu-tuong-that-truyen-tai-ban-nam-2023                                                                       , Phuong Nam
Biếm Họa Trên Báo Chí Sài Gòn Trước 1975                                                                                  , NXB Thế Giới                                                          , Còn hàng  , "359,200₫"  , "449,000₫"  , https://nhasachphuongnam.com/products/biem-hoa-tren-bao-chi-sai-gon-truoc-1975                                                                      , Phuong Nam
Truyện Vui Học Đường - Nói Dối                                                                                            , NXB Trẻ                                                               , Còn hàng  , "47,500₫"   , "50,000₫"   , https://nhasachphuongnam.com/products/truyen-vui-hoc-duong-noi-doi                                                                                  , Phuong Nam
Truyện Vui Học Đường - Con Trai Con Gái                                                                                   , Kttt-Cty TNHH Dv-Tm Van Hoa Phuong Dong                               , Còn hàng  , "47,500₫"   , "50,000₫"   , https://nhasachphuongnam.com/products/truyen-vui-hoc-duong-con-trai-con-gai                                                                         , Phuong Nam
Truyện Vui Học Đường - Cõi Lòng Khó Kìm Nén                                                                               , NXB Trẻ                                                               , Còn hàng  , "45,600₫"   , "48,000₫"   , https://nhasachphuongnam.com/products/truyen-vui-hoc-duong-coi-long-kho-kim-nen                                                                     , Phuong Nam
Bí Mật Chuyến Tàu Xanh                                                                                                    , NXB Trẻ                                                               , Còn hàng  , "137,750₫"  , "145,000₫"  , https://nhasachphuongnam.com/products/bi-mat-chuyen-tau-xanh                                                                                        , Phuong Nam
Bi Kịch Ba Hồi                                                                                                            , NXB Trẻ                                                               , Còn hàng  , "118,750₫"  , "125,000₫"  , https://nhasachphuongnam.com/products/bi-kich-ba-hoi                                                                                                , Phuong Nam
Bí Ẩn Thảm Án Ở Styles                                                                                                    , NXB Trẻ                                                               , Còn hàng  , "115,900₫"  , "122,000₫"  , https://nhasachphuongnam.com/products/bi-an-tham-an-o-styles                                                                                        , Phuong Nam
Bí Ẩn Sau Cánh Cửa Nhà Xác - Ghi Chép Của Người Giải Phẫu Tử Thi                                                          , NXB Thanh Niên                                                        , Còn hàng  , "114,000₫"  , "120,000₫"  , https://nhasachphuongnam.com/products/bi-an-sau-canh-cua-nha-xac-ghi-chep-cua-nguoi-giai-phau-tu-thi                                                , Phuong Nam
Bí Ẩn Phố Âm Dương                                                                                                        , NXB Thanh Niên                                                        , Còn hàng  , "185,250₫"  , "195,000₫"  , https://nhasachphuongnam.com/products/bi-an-pho-am-duong                                                                                            , Phuong Nam
Bí Ẩn Ba Phần Tư                                                                                                          , NXB Trẻ                                                               , Còn hàng  , "171,000₫"  , "180,000₫"  , https://nhasachphuongnam.com/products/bi-an-ba-phan-tu                                                                                              , Phuong Nam
Bệnh Án Của Thần Linh - Tập 3                                                                                             , NXB Hà Nội                                                            , Còn hàng  , "201,400₫"  , "212,000₫"  , https://nhasachphuongnam.com/products/benh-an-cua-than-linh-tap-3                                                                                   , Phuong Nam
Bên Trời Hoa Bay                                                                                                          , NXB Thanh Niên                                                        , Còn hàng  , "217,550₫"  , "229,000₫"  , https://nhasachphuongnam.com/products/ben-troi-hoa-bay                                                                                              , Phuong Nam
Bên Kia Chiến Tuyến                                                                                                       , NXB Dân Trí                                                           , Còn hàng  , "163,400₫"  , "172,000₫"  , https://nhasachphuongnam.com/products/ben-kia-chien-tuyen                                                                                           , Phuong Nam
Bên Kia Bán Cầu Có Người Yêu Tôi                                                                                          , NXB Thanh Niên                                                        , Còn hàng  , "80,750₫"   , "85,000₫"   , https://nhasachphuongnam.com/products/ben-kia-ban-cau-co-nguoi-yeu-toi                                                                              , Phuong Nam
Bên Bạn Dù Bạn Ở Nơi Đâu (Trích dẫn song ngữ Việt-Trung có phiên âm)                                                      , NXB Dân Trí                                                           , Còn hàng  , "94,050₫"   , "99,000₫"   , https://nhasachphuongnam.com/products/ben-ban-du-ban-o-noi-dau-trich-dan-song-ngu-viet-trung-co-phien-am                                            , Phuong Nam
Becoming - Chất Michelle (Tái bản năm 2025)                                                                               , NXB Tổng Hợp TP.HCM                                                   , Còn hàng  , "285,000₫"  , "300,000₫"  , https://nhasachphuongnam.com/products/becoming-chat-michelle-tai-ban-nam-2025                                                                       , Phuong Nam
Beartown 2 - Chúng Tôi Đấu Với Các Bạn                                                                                    , NXB Trẻ                                                               , Còn hàng  , "213,750₫"  , "225,000₫"  , https://nhasachphuongnam.com/products/beartown-2-chung-toi-dau-voi-cac-ban                                                                          , Phuong Nam
BTS: The Review                                                                                                           , NXB Dân Trí                                                           , Còn hàng  , "160,550₫"  , "169,000₫"  , https://nhasachphuongnam.com/products/bts-the-review                                                                                                , Phuong Nam
Truyện Kiều (Ấn phẩm kỷ niệm 250 năm ngày sinh Đại thi hào Nguyễn Du)                                                     , NXB Văn Học                                                           , Còn hàng  , "33,250₫"   , "35,000₫"   , https://nhasachphuongnam.com/products/truyen-kieu-an-pham-ky-niem-250-nam-ngay-sinh-dai-thi-hao-nguyen-du                                           , Phuong Nam
Bay Qua Hồ Gươm                                                                                                           , NXB Hội Nhà Văn                                                       , Còn hàng  , "87,400₫"   , "92,000₫"   , https://nhasachphuongnam.com/products/bay-qua-ho-guom                                                                                               , Phuong Nam
Bảy Ngày Chờ Chết                                                                                                         , NXB Lao Động Xã Hội                                                   , Còn hàng  , "217,550₫"  , "229,000₫"  , https://nhasachphuongnam.com/products/bay-ngay-cho-chet                                                                                             , Phuong Nam
Bảy Năm Vẫn Ngoảnh Về Phương Bắc (Tập 8-9)                                                                                , NXB Văn Học                                                           , Còn hàng  , "245,100₫"  , "258,000₫"  , https://nhasachphuongnam.com/products/bay-nam-van-ngoanh-ve-phuong-bac-tap-8-9                                                                      , Phuong Nam
Bẫy Mạng                                                                                                                  , NXB Dân Trí                                                           , Còn hàng  , "208,050₫"  , "219,000₫"  , https://nhasachphuongnam.com/products/bay-mang                                                                                                      , Phuong Nam
Bất Tuần - Tập 3                                                                                                          , NXB Hà Nội                                                            , Còn hàng  , "175,750₫"  , "185,000₫"  , https://nhasachphuongnam.com/products/bat-tuan-tap-3                                                                                                , Phuong Nam
Bất Tuần - Tập 2                                                                                                          , NXB Hà Nội                                                            , Còn hàng  , "175,750₫"  , "185,000₫"  , https://nhasachphuongnam.com/products/bat-tuan-tap-2                                                                                                , Phuong Nam
Bất Tuần - Tập 1                                                                                                          , NXB Hà Nội                                                            , Còn hàng  , "175,750₫"  , "185,000₫"  , https://nhasachphuongnam.com/products/bat-tuan-tap-1                                                                                                , Phuong Nam
Bắt Trẻ Đồng Xanh (Tái bản năm 2024)                                                                                      , NXB Hội Nhà Văn                                                       , Còn hàng  , "95,000₫"   , "100,000₫"  , https://nhasachphuongnam.com/products/bat-tre-dong-xanh-tai-ban-nam-2024                                                                            , Phuong Nam
Bật Đèn Nói Chuyện “Yêu”                                                                                                  , NXB Dân Trí                                                           , Còn hàng  , "151,050₫"  , "159,000₫"  , https://nhasachphuongnam.com/products/bat-den-noi-chuyen-yeu                                                                                        , Phuong Nam
Báo Thù: Mười Một Câu Chuyện Tăm Tối                                                                                      , NXB Hà Nội                                                            , Còn hàng  , "104,500₫"  , "110,000₫"  , https://nhasachphuongnam.com/products/bao-thu-muoi-mot-cau-chuyen-tam-toi                                                                           , Phuong Nam
Bảo Tàng Quỷ Kế: Tuyển Tập Án Tồn Tại Viện Lưu Trữ Dữ Liệu Tội Phạm                                                       , NXB Lao Động Xã Hội                                                   , Còn hàng  , "132,050₫"  , "139,000₫"  , https://nhasachphuongnam.com/products/bao-tang-quy-ke-tuyen-tap-an-ton-tai-vien-luu-tru-du-lieu-toi-pham                                            , Phuong Nam
Bảo Mẫu Bí Mật Của Tiểu Thư - Tập 2                                                                                       , NXB Hà Nội                                                            , Còn hàng  , "128,250₫"  , "135,000₫"  , https://nhasachphuongnam.com/products/bao-mau-bi-mat-cua-tieu-thu-tap-2                                                                             , Phuong Nam
"Báo Chí Công Dân, Mạng Xã Hội Và PR Trong Kỷ Nguyên Mới"                                                                 , NXB Thế Giới                                                          , Còn hàng  , "140,600₫"  , "148,000₫"  , https://nhasachphuongnam.com/products/bao-chi-cong-dan-mang-xa-hoi-va-pr-trong-ky-nguyen-moi                                                        , Phuong Nam
Bánh Vẽ - Cháo Gà Cho Tâm Hồn                                                                                             , NXB Lao Động Xã Hội                                                   , Còn hàng  , "84,550₫"   , "89,000₫"   , https://nhasachphuongnam.com/products/banh-ve-chao-ga-cho-tam-hon                                                                                   , Phuong Nam
Băng Qua Đại Dương Đen                                                                                                    , NXB Văn Học                                                           , Còn hàng  , "137,750₫"  , "145,000₫"  , https://nhasachphuongnam.com/products/bang-qua-dai-duong-den                                                                                        , Phuong Nam
Trường Ca Ế Chồng                                                                                                         , NXB Phụ Nữ Việt Nam                                                   , Còn hàng  , "71,200₫"   , "89,000₫"   , https://nhasachphuongnam.com/products/truong-ca-e-chong                                                                                             , Phuong Nam
Trước Lúc Anh Đi                                                                                                          , NXB Văn Học                                                           , Còn hàng  , "87,400₫"   , "92,000₫"   , https://nhasachphuongnam.com/products/truoc-luc-anh-di                                                                                              , Phuong Nam
Trong Tàn Phai Có Nụ Hồng Thơm Lên                                                                                        , NXB Hội Nhà Văn                                                       , Còn hàng  , "106,250₫"  , "125,000₫"  , https://nhasachphuongnam.com/products/trong-tan-phai-co-nu-hong-thom-len                                                                            , Phuong Nam
"Trời Vẫn Còn Xanh, Em Vẫn Còn Anh"                                                                                       , NXB Văn Học                                                           , Còn hàng  , "71,200₫"   , "89,000₫"   , https://nhasachphuongnam.com/products/troi-van-con-xanh-em-van-con-anh                                                                              , Phuong Nam
Băng Điểm: Quyển Thượng                                                                                                   , NXB Trẻ                                                               , Còn hàng  , "166,250₫"  , "175,000₫"  , https://nhasachphuongnam.com/products/bang-diem-quyen-thuong                                                                                        , Phuong Nam
Băng Điểm: Quyển Hạ                                                                                                       , NXB Trẻ                                                               , Còn hàng  , "161,500₫"  , "170,000₫"  , https://nhasachphuongnam.com/products/bang-diem-quyen-ha                                                                                            , Phuong Nam
Trò Chuyện Cùng Sky - Tập 1: Có Hẹn Với Bầu Trời                                                                          , Báo Sinh Viên Việt Nam                                                , Còn hàng  , "57,000₫"   , "60,000₫"   , https://nhasachphuongnam.com/products/tro-chuyen-cung-sky-tap-1-co-hen-voi-bau-troi                                                                 , Phuong Nam
Bàn Về Sự Chậm Rãi                                                                                                        , NXB Công Thương                                                       , Còn hàng  , "121,600₫"  , "128,000₫"  , https://nhasachphuongnam.com/products/ban-ve-su-cham-rai                                                                                            , Phuong Nam
Bàn Tròn Trí Mạng (Tập 3-4)                                                                                               , NXB Hà Nội                                                            , Còn hàng  , "261,250₫"  , "275,000₫"  , https://nhasachphuongnam.com/products/ban-tron-tri-mang-tap-3-4                                                                                     , Phuong Nam
Bạn Trai                                                                                                                  , NXB Văn Học                                                           , Còn hàng  , "160,550₫"  , "169,000₫"  , https://nhasachphuongnam.com/products/ban-trai                                                                                                      , Phuong Nam
Bàn Tay Đen                                                                                                               , NXB Dân Trí                                                           , Còn hàng  , "94,050₫"   , "99,000₫"   , https://nhasachphuongnam.com/products/ban-tay-den                                                                                                   , Phuong Nam
Bản Sao                                                                                                                   , NXB Công Thương                                                       , Còn hàng  , "217,550₫"  , "229,000₫"  , https://nhasachphuongnam.com/products/ban-sao                                                                                                       , Phuong Nam
Bán Một Cành Mai Ăn Tết                                                                                                   , Công ty TNHH Một Thành Viên Nhà Xuất Bản Trẻ                          , Còn hàng  , "99,750₫"   , "105,000₫"  , https://nhasachphuongnam.com/products/ban-mot-canh-mai-an-tet                                                                                       , Phuong Nam
Trịnh Công Sơn - Một Nhạc Sĩ Thiên Tài                                                                                    , NXB Văn Học                                                           , Còn hàng  , "74,800₫"   , "88,000₫"   , https://nhasachphuongnam.com/products/trinh-cong-son-mot-nhac-si-thien-tai                                                                          , Phuong Nam
Bản Chất Của Người (Tái bản năm 2024)                                                                                     , NXB Hà Nội                                                            , Còn hàng  , "122,550₫"  , "129,000₫"  , https://nhasachphuongnam.com/products/ban-chat-cua-nguoi-tai-ban-nam-2024                                                                           , Phuong Nam
Bài Học Môn Hóa                                                                                                           , NXB Văn Học                                                           , Còn hàng  , "209,000₫"  , "220,000₫"  , https://nhasachphuongnam.com/products/bai-hoc-mon-hoa                                                                                               , Phuong Nam
Bài Ca Về Bông Hoa Màu Lửa                                                                                                , NXB Phụ Nữ Việt Nam                                                   , Còn hàng  , "125,400₫"  , "132,000₫"  , https://nhasachphuongnam.com/products/bai-ca-ve-bong-hoa-mau-lua                                                                                    , Phuong Nam
Bài Ca Solomon (Giải Nobel Văn chương 1993)                                                                               , NXB Hội Nhà Văn                                                       , Còn hàng  , "226,100₫"  , "238,000₫"  , https://nhasachphuongnam.com/products/bai-ca-solomon-giai-nobel-van-chuong-1993                                                                     , Phuong Nam
Trên Con Đường Tơ Lụa Nam Á                                                                                               , NXB Thế Giới                                                          , Còn hàng  , "118,150₫"  , "139,000₫"  , https://nhasachphuongnam.com/products/tren-con-duong-to-lua-nam-a                                                                                   , Phuong Nam
Bách Khoa Ma Quỷ - Bách Quỷ Dạ Hành                                                                                       , NXB Hội Nhà Văn                                                       , Còn hàng  , "254,600₫"  , "268,000₫"  , https://nhasachphuongnam.com/products/bach-khoa-ma-quy-bach-quy-da-hanh                                                                             , Phuong Nam
Bác Sĩ Cuối Cùng Dưới Bầu Trời Sau Cơn Mưa - Tập 2                                                                        , NXB Thế Giới                                                          , Còn hàng  , "94,050₫"   , "99,000₫"   , https://nhasachphuongnam.com/products/bac-si-cuoi-cung-duoi-bau-troi-sau-con-mua-tap-2                                                              , Phuong Nam
Bác Sĩ Cuối Cùng Dưới Bầu Trời Sau Cơn Mưa - Tập 1                                                                        , NXB Thế Giới                                                          , Còn hàng  , "113,050₫"  , "119,000₫"  , https://nhasachphuongnam.com/products/bac-si-cuoi-cung-duoi-bau-troi-sau-con-mua-tap-1                                                              , Phuong Nam
Bạc Đầu Nhớ Má                                                                                                            , NXB Trẻ                                                               , Còn hàng  , "104,500₫"  , "110,000₫"  , https://nhasachphuongnam.com/products/bac-dau-nho-ma                                                                                                , Phuong Nam
Bá Tước Monte Cristo (Tái bản năm 2025) (Sách Huy Hoàng)                                                                  , NXB Văn Học                                                           , Còn hàng  , "223,250₫"  , "235,000₫"  , https://nhasachphuongnam.com/products/ba-tuoc-monte-cristo-tai-ban-nam-2025-sach-huy-hoang                                                          , Phuong Nam
"Bà Tóc Tím, Nhà Tiên Tri Và Gã Ngốc Chống Lại Tận Thế"                                                                   , NXB Trẻ                                                               , Còn hàng  , "204,250₫"  , "215,000₫"  , https://nhasachphuongnam.com/products/ba-toc-tim-nha-tien-tri-va-ga-ngoc-chong-lai-tan-the                                                          , Phuong Nam
Bà Nội Găngxtơ Tái Xuất!                                                                                                  , NXB Hội Nhà Văn                                                       , Còn hàng  , "147,250₫"  , "155,000₫"  , https://nhasachphuongnam.com/products/ba-noi-gangxto-tai-xuat                                                                                       , Phuong Nam
Bà Ngoại Tôi Gửi Lời Xin Lỗi (Tái bản năm 2023)                                                                           , NXB Trẻ                                                               , Còn hàng  , "180,500₫"  , "190,000₫"  , https://nhasachphuongnam.com/products/ba-ngoai-toi-gui-loi-xin-loi-tai-ban-nam-2023                                                                 , Phuong Nam
Bà Ngoại Thời @ (Tái bản năm 2024)                                                                                        , NXB Thế Giới                                                          , Còn hàng  , "76,000₫"   , "80,000₫"   , https://nhasachphuongnam.com/products/ba-ngoai-thoi-tai-ban-nam-2024                                                                                , Phuong Nam
Trăng Tang                                                                                                                , NXB Hội Nhà Văn                                                       , Còn hàng  , "91,800₫"   , "108,000₫"  , https://nhasachphuongnam.com/products/trang-tang                                                                                                    , Phuong Nam
Trăng Màu Hổ Phách                                                                                                        , NXB Văn Nghệ                                                          , Còn hàng  , "44,650₫"   , "47,000₫"   , https://nhasachphuongnam.com/products/trang-mau-ho-phach                                                                                            , Phuong Nam
Trăng Hoàng Cung                                                                                                          , NXB Văn Hóa-Văn Nghệ                                                  , Còn hàng  , "80,750₫"   , "85,000₫"   , https://nhasachphuongnam.com/products/trang-hoang-cung                                                                                              , Phuong Nam
Bà Đại Sứ (Tái bản năm 2024)                                                                                              , NXB Phụ Nữ Việt Nam                                                   , Còn hàng  , "76,000₫"   , "80,000₫"   , https://nhasachphuongnam.com/products/ba-dai-su-tai-ban-nam-2024                                                                                    , Phuong Nam
Ba Chị Em                                                                                                                 , NXB Hội Nhà Văn                                                       , Còn hàng  , "226,100₫"  , "238,000₫"  , https://nhasachphuongnam.com/products/ba-chi-em                                                                                                     , Phuong Nam
Trả Lại Nụ Hôn (Tái bản năm 2018)                                                                                         , NXB Trẻ                                                               , Còn hàng  , "71,250₫"   , "75,000₫"   , https://nhasachphuongnam.com/products/tra-lai-nu-hon-tai-ban-nam-2018                                                                               , Phuong Nam
Tôi Nghĩ Tôi Thích Nước Mỹ                                                                                                , NXB Trẻ                                                               , Còn hàng  , "112,100₫"  , "118,000₫"  , https://nhasachphuongnam.com/products/toi-nghi-toi-thich-nuoc-my                                                                                    , Phuong Nam
Áo Quan Đóng Nắp                                                                                                          , NXB Trẻ                                                               , Còn hàng  , "161,500₫"  , "170,000₫"  , https://nhasachphuongnam.com/products/ao-quan-dong-nap                                                                                              , Phuong Nam
Anne Tóc Đỏ Ở Đảo Hoàng Tử Edward (Tái bản năm 2024)                                                                      , NXB Văn Học                                                           , Còn hàng  , "114,000₫"  , "120,000₫"  , https://nhasachphuongnam.com/products/anne-toc-do-o-dao-hoang-tu-edward-tai-ban-nam-2024                                                            , Phuong Nam
Anne Tóc Đỏ Dưới Chái Nhà Xanh (Tái bản năm 2024)                                                                         , NXB Hội Nhà Văn                                                       , Còn hàng  , "131,100₫"  , "138,000₫"  , https://nhasachphuongnam.com/products/anne-toc-do-duoi-chai-nha-xanh-tai-ban-nam-2024                                                               , Phuong Nam
Tội Ác Dưới Ánh Mặt Trời                                                                                                  , NXB Trẻ                                                               , Còn hàng  , "114,000₫"  , "120,000₫"  , https://nhasachphuongnam.com/products/toi-ac-duoi-anh-mat-troi                                                                                      , Phuong Nam
Anh Vẫn Luôn Yêu Em - Tập 1                                                                                               , NXB Văn Học                                                           , Còn hàng  , "217,550₫"  , "229,000₫"  , https://nhasachphuongnam.com/products/anh-van-luon-yeu-em-tap-1                                                                                     , Phuong Nam
Anh Trai Nhân Vật Chính - Tập 2                                                                                           , NXB Thế Giới                                                          , Còn hàng  , "229,900₫"  , "242,000₫"  , https://nhasachphuongnam.com/products/anh-trai-nhan-vat-chinh-tap-2                                                                                 , Phuong Nam
Anh Trai Nhân Vật Chính - Tập 1                                                                                           , NXB Thanh Niên                                                        , Còn hàng  , "201,400₫"  , "212,000₫"  , https://nhasachphuongnam.com/products/anh-trai-nhan-vat-chinh-tap-1                                                                                 , Phuong Nam
Anh Thợ May Và Cậu Chủ Trẻ - Tập 2                                                                                        , NXB Dân Trí                                                           , Còn hàng  , "93,100₫"   , "98,000₫"   , https://nhasachphuongnam.com/products/anh-tho-may-va-cau-chu-tre-tap-2                                                                              , Phuong Nam
Anh Thợ May Và Cậu Chủ Trẻ - Tập 1                                                                                        , NXB Dân Trí                                                           , Còn hàng  , "84,550₫"   , "89,000₫"   , https://nhasachphuongnam.com/products/anh-tho-may-va-cau-chu-tre-tap-1                                                                              , Phuong Nam
Anh Là Người Tốt Nhất (Bộ 2 tập)                                                                                          , NXB Dân Trí                                                           , Còn hàng  , "378,100₫"  , "398,000₫"  , https://nhasachphuongnam.com/products/anh-la-nguoi-tot-nhat-bo-2-tap                                                                                , Phuong Nam
Anh Đừng Quyến Rũ Tôi - Tập 3                                                                                             , NXB Hà Nội                                                            , Còn hàng  , "160,550₫"  , "169,000₫"  , https://nhasachphuongnam.com/products/anh-dung-quyen-ru-toi-tap-3                                                                                   , Phuong Nam
Anh Đừng Quyến Rũ Tôi - Tập 2                                                                                             , NXB Hà Nội                                                            , Còn hàng  , "160,550₫"  , "169,000₫"  , https://nhasachphuongnam.com/products/anh-dung-quyen-ru-toi-tap-2                                                                                   , Phuong Nam
Anh Đừng Quyến Rũ Tôi - Tập 1                                                                                             , NXB Hà Nội                                                            , Còn hàng  , "160,550₫"  , "169,000₫"  , https://nhasachphuongnam.com/products/anh-dung-quyen-ru-toi-tap-1                                                                                   , Phuong Nam
Anh Đứng Giữa Ngàn Hoa Hạ Rực Rỡ                                                                                          , NXB Phụ Nữ Việt Nam                                                   , Còn hàng  , "188,100₫"  , "198,000₫"  , https://nhasachphuongnam.com/products/anh-dung-giua-ngan-hoa-ha-ruc-ro                                                                              , Phuong Nam
Án Văn Vô Hình                                                                                                            , NXB Dân Trí                                                           , Còn hàng  , "185,250₫"  , "195,000₫"  , https://nhasachphuongnam.com/products/an-van-vo-hinh                                                                                                , Phuong Nam
Ăn Phở Rất Khó Thấy Ngon (Tái bản năm 2024)                                                                               , NXB Trẻ                                                               , Còn hàng  , "80,750₫"   , "85,000₫"   , https://nhasachphuongnam.com/products/an-pho-rat-kho-thay-ngon-tai-ban-nam-2024                                                                     , Phuong Nam
Án Mạng Vùng Lưỡng Hà                                                                                                     , NXB Trẻ                                                               , Còn hàng  , "123,500₫"  , "130,000₫"  , https://nhasachphuongnam.com/products/an-mang-vung-luong-ha                                                                                         , Phuong Nam
Án Mạng Trong Thủy Cung - Bí Ẩn Cây Lau Nhà Màu Vàng                                                                      , NXB Thế Giới                                                          , Còn hàng  , "170,050₫"  , "179,000₫"  , https://nhasachphuongnam.com/products/an-mang-trong-thuy-cung-bi-an-cay-lau-nha-mau-vang                                                            , Phuong Nam
Án Mạng Kép Ở Vườn Địa Đàng                                                                                               , NXB Phụ Nữ Việt Nam                                                   , Còn hàng  , "235,600₫"  , "248,000₫"  , https://nhasachphuongnam.com/products/an-mang-kep-o-vuon-dia-dang                                                                                   , Phuong Nam
Án Mạng Giữa Không Trung                                                                                                  , NXB Trẻ                                                               , Còn hàng  , "118,750₫"  , "125,000₫"  , https://nhasachphuongnam.com/products/an-mang-giua-khong-trung                                                                                      , Phuong Nam
"Ăn Cơm Mới, Nói Chuyện Cũ: Sài Gòn Dưới Mắt Tôi"                                                                         , NXB Trẻ                                                               , Còn hàng  , "204,250₫"  , "215,000₫"  , https://nhasachphuongnam.com/products/an-com-moi-noi-chuyen-cu-sai-gon-duoi-mat-toi                                                                 , Phuong Nam
"Ăn Cơm Mới, Nói Chuyện Cũ: Hậu Giang - Ba Thắc (Di cảo Vương Hồng Sển)"                                                  , NXB Trẻ                                                               , Còn hàng  , "237,500₫"  , "250,000₫"  , https://nhasachphuongnam.com/products/an-com-moi-noi-chuyen-cu-hau-giang-ba-thac-di-cao-vuong-hong-sen                                              , Phuong Nam
Ăn Chay Phải Ăn Ngay                                                                                                      , NXB Thế Giới                                                          , Còn hàng  , "186,200₫"  , "196,000₫"  , https://nhasachphuongnam.com/products/an-chay-phai-an-ngay                                                                                          , Phuong Nam
An (Thơ @yenlamtho)                                                                                                       , NXB Phụ Nữ Việt Nam                                                   , Còn hàng  , "75,050₫"   , "79,000₫"   , https://nhasachphuongnam.com/products/an-tho-yenlamtho                                                                                              , Phuong Nam
Biên Sử Nước                                                                                                              , NXB Phụ Nữ Việt Nam                                                   , Còn hàng  , "90,250₫"   , "95,000₫"   , https://nhasachphuongnam.com/products/bien-su-nuoc                                                                                                  , Phuong Nam
Biên Niên Sử Nhà Kane Ngoại Truyện - Cẩm Nang Pháp Sư Nhà Brooklyn                                                        , NXB Văn Học                                                           , Còn hàng  , "65,550₫"   , "69,000₫"   , https://nhasachphuongnam.com/products/bien-nien-su-nha-kane-ngoai-truyen-cam-nang-phap-su-nha-brooklyn                                              , Phuong Nam
Ai Sợ Ai                                                                                                                  , NXB Văn Học                                                           , Còn hàng  , "213,750₫"  , "225,000₫"  , https://nhasachphuongnam.com/products/ai-so-ai                                                                                                      , Phuong Nam
Ai Ở Trong Gương                                                                                                          , NXB Hà Nội                                                            , Còn hàng  , "188,100₫"  , "198,000₫"  , https://nhasachphuongnam.com/products/ai-o-trong-guong                                                                                              , Phuong Nam
Ai Là Người Nói Thật?                                                                                                     , NXB Văn Học                                                           , Còn hàng  , "170,050₫"  , "179,000₫"  , https://nhasachphuongnam.com/products/ai-la-nguoi-noi-that                                                                                          , Phuong Nam
Ai Đó Sẽ Yêu Tôi Thật Nhiều (Thơ song ngữ Việt-Anh)                                                                       , NXB Thế Giới                                                          , Còn hàng  , "93,100₫"   , "98,000₫"   , https://nhasachphuongnam.com/products/ai-do-se-yeu-toi-that-nhieu-tho-song-ngu-viet-anh                                                             , Phuong Nam
Ai Cũng Xứng Đáng Có Một Cuộc Sống Tốt Hơn                                                                                , NXB Thanh Niên                                                        , Còn hàng  , "75,050₫"   , "79,000₫"   , https://nhasachphuongnam.com/products/ai-cung-xung-dang-co-mot-cuoc-song-tot-hon                                                                    , Phuong Nam
Ai Cũng Muốn Chúng Mình Chia Tay                                                                                          , NXB Dân Trí                                                           , Còn hàng  , "83,600₫"   , "88,000₫"   , https://nhasachphuongnam.com/products/ai-cung-muon-chung-minh-chia-tay                                                                              , Phuong Nam
Ai Cũng Cần Kết Thúc Để Lại Bắt Đầu                                                                                       , NXB Dân Trí                                                           , Còn hàng  , "85,500₫"   , "90,000₫"   , https://nhasachphuongnam.com/products/ai-cung-can-ket-thuc-de-lai-bat-dau                                                                           , Phuong Nam
Ác Quỷ Giữa Thành Phố Trắng                                                                                               , NXB Thế Giới                                                          , Còn hàng  , "198,550₫"  , "209,000₫"  , https://nhasachphuongnam.com/products/ac-quy-giua-thanh-pho-trang                                                                                   , Phuong Nam
Ác Nữ Trùng Sinh - Tập 1                                                                                                  , NXB Thế Giới                                                          , Còn hàng  , "189,050₫"  , "199,000₫"  , https://nhasachphuongnam.com/products/ac-nu-trung-sinh-tap-1                                                                                        , Phuong Nam
Ác Mộng Người Xuất Chúng Và Những Câu Chuyện Khác                                                                         , NXB Thế Giới                                                          , Còn hàng  , "104,500₫"  , "110,000₫"  , https://nhasachphuongnam.com/products/ac-mong-nguoi-xuat-chung-va-nhung-cau-chuyen-khac                                                             , Phuong Nam
Ác Ma Triệu Hồi - Tập 1: Sói Đội Lốt Cừu                                                                                  , NXB Phụ Nữ Việt Nam                                                   , Còn hàng  , "188,100₫"  , "198,000₫"  , https://nhasachphuongnam.com/products/ac-ma-trieu-hoi-tap-1-soi-doi-lot-cuu                                                                         , Phuong Nam
Ác Duyên - Duyên Khởi                                                                                                     , NXB Thanh Niên                                                        , Còn hàng  , "147,250₫"  , "155,000₫"  , https://nhasachphuongnam.com/products/ac-duyen-duyen-khoi                                                                                           , Phuong Nam
Abel - Một Truyện Siêu Hình Học Cao Bồi Viễn Tây                                                                          , NXB Hội Nhà Văn                                                       , Còn hàng  , "189,050₫"  , "199,000₫"  , https://nhasachphuongnam.com/products/abel-mot-truyen-sieu-hinh-hoc-cao-boi-vien-tay                                                                , Phuong Nam
9h Ta Hỏi                                                                                                                 , NXB Công Thương                                                       , Còn hàng  , "84,550₫"   , "89,000₫"   , https://nhasachphuongnam.com/products/9h-ta-hoi                                                                                                     , Phuong Nam
999 Lá Thư Gửi Cho Chính Mình (Song ngữ toàn tập)                                                                         , NXB Thanh Niên                                                        , Còn hàng  , "331,550₫"  , "349,000₫"  , https://nhasachphuongnam.com/products/999-la-thu-gui-cho-chinh-minh-song-ngu-toan-tap                                                               , Phuong Nam
80 Ngày Vòng Quanh Thế Giới (Sách Đinh Tị) (Bìa cứng)                                                                     , NXB Văn Học                                                           , Còn hàng  , "132,050₫"  , "139,000₫"  , https://nhasachphuongnam.com/products/80-ngay-vong-quanh-the-gioi-sach-dinh-ti-bia-cung                                                             , Phuong Nam
7 Ngày Phán Quyết                                                                                                         , NXB Hà Nội                                                            , Còn hàng  , "198,550₫"  , "209,000₫"  , https://nhasachphuongnam.com/products/7-ngay-phan-quyet                                                                                             , Phuong Nam
52Hz - Tập 1                                                                                                              , NXB Hà Nội                                                            , Còn hàng  , "179,550₫"  , "189,000₫"  , https://nhasachphuongnam.com/products/52hz-tap-1                                                                                                    , Phuong Nam
Tình Ta Đang Nhảy Rock                                                                                                    , NXB Hội Nhà Văn                                                       , Còn hàng  , "91,800₫"   , "108,000₫"  , https://nhasachphuongnam.com/products/tinh-ta-dang-nhay-rock                                                                                        , Phuong Nam
451 Độ F (Tái bản năm 2025)                                                                                               , NXB Văn Học                                                           , Còn hàng  , "114,000₫"  , "120,000₫"  , https://nhasachphuongnam.com/products/451-do-f-tai-ban-nam-2025                                                                                     , Phuong Nam
24 Nhân Cách Của Billy Milligan                                                                                           , NXB Dân Trí                                                           , Còn hàng  , "255,550₫"  , "269,000₫"  , https://nhasachphuongnam.com/products/24-nhan-cach-cua-billy-milligan                                                                               , Phuong Nam
Tính Dân Tộc Trong Âm Nhạc Phạm Duy Và Tình Bạn Duy - Khê (Tái bản năm 2017)                                              , NXB Thế Giới                                                          , Còn hàng  , "65,600₫"   , "82,000₫"   , https://nhasachphuongnam.com/products/tinh-dan-toc-trong-am-nhac-pham-duy-va-tinh-ban-duy-khe-tai-ban-nam-2017                                      , Phuong Nam
Tình Cát (Tái bản năm 2018)                                                                                               , NXB Hội Nhà Văn                                                       , Còn hàng  , "99,200₫"   , "124,000₫"  , https://nhasachphuongnam.com/products/tinh-cat-tai-ban-nam-2018                                                                                     , Phuong Nam
Tìm Hiểu Lý Nam Bộ                                                                                                        , NXB Văn Hóa-Văn Nghệ                                                  , Còn hàng  , "75,050₫"   , "79,000₫"   , https://nhasachphuongnam.com/products/tim-hieu-ly-nam-bo                                                                                            , Phuong Nam
Tiếu Ngạo Giang Hồ (Bộ 3 quyển)                                                                                           , NXB Văn Học                                                           , Còn hàng  , "784,000₫"  , "980,000₫"  , https://nhasachphuongnam.com/products/tieu-ngao-giang-ho-bo-3-quyen                                                                                 , Phuong Nam
189 Thông Điệp Chữa Lành Và Nuôi Dưỡng Tâm Hồn                                                                            , NXB Thế Giới                                                          , Còn hàng  , "94,050₫"   , "99,000₫"   , https://nhasachphuongnam.com/products/189-thong-diep-chua-lanh-va-nuoi-duong-tam-hon                                                                , Phuong Nam
17 Âm 1                                                                                                                   , NXB Thanh Niên                                                        , Còn hàng  , "160,550₫"  , "169,000₫"  , https://nhasachphuongnam.com/products/17-am-1                                                                                                       , Phuong Nam
Tiếng Việt Giàu Đẹp - Từ Câu Sai Đến Câu Hay (Tái bản năm 2019)                                                           , NXB Trẻ                                                               , Còn hàng  , "121,600₫"  , "128,000₫"  , https://nhasachphuongnam.com/products/tieng-viet-giau-dep-tu-cau-sai-den-cau-hay-tai-ban-nam-2019                                                   , Phuong Nam
100 Truyền Thuyết Đô Thị Kinh Dị Đài Loan - Tập 1                                                                         , NXB Hà Nội                                                            , Còn hàng  , "141,550₫"  , "149,000₫"  , https://nhasachphuongnam.com/products/100-truyen-thuyet-do-thi-kinh-di-dai-loan-tap-1                                                               , Phuong Nam
100 Câu Chuyện Hay Thế Giới - Tâm Hồn Cao Cả                                                                              , NXB Hồng Đức                                                          , Còn hàng  , "94,050₫"   , "99,000₫"   , https://nhasachphuongnam.com/products/100-cau-chuyen-hay-the-gioi-tam-hon-cao-ca                                                                    , Phuong Nam
10-Year Record Of BTS - Beyond The Story (Bản giới hạn) (Tặng kèm Túi tote + 1 PET Bookmark + 8 Photo Cards + 1 Poster A3), NXB Thế Giới                                                          , Còn hàng  , "559,550₫"  , "589,000₫"  , https://nhasachphuongnam.com/products/10-year-record-of-bts-beyond-the-story-ban-gioi-han-tang-kem-tui-tote-1-pet-bookmark-8-photo-cards-1-poster-a3, Phuong Nam
Tiếng Chim Nào Thủ Thỉ Dưới Mái Hiên                                                                                      , NXB Phụ Nữ Việt Nam                                                   , Còn hàng  , "65,600₫"   , "82,000₫"   , https://nhasachphuongnam.com/products/tieng-chim-nao-thu-thi-duoi-mai-hien                                                                          , Phuong Nam
0852 (Giải Tổng)                                                                                                          , NXB Thế Giới                                                          , Còn hàng  , "208,050₫"  , "219,000₫"  , https://nhasachphuongnam.com/products/0852-giai-tong                                                                                                , Phuong Nam
“Lạc” Giữa Tần Số Chữa Lành                                                                                               , NXB Thanh Niên                                                        , Còn hàng  , "92,150₫"   , "97,000₫"   , https://nhasachphuongnam.com/products/lac-giua-tan-so-chua-lanh                                                                                     , Phuong Nam
"""Quý Ông Quái Thú"" - Bí Kíp Sống Còn Không Thể Thiếu Cho Đàn Ông Trên Tình Trường, Thương Trường Và ""Chiến Trường"""  , NXB Hồng Đức                                                          , Còn hàng  , "128,250₫"  , "135,000₫"  , https://nhasachphuongnam.com/products/quy-ong-quai-thu-bi-kip-song-con-khong-the-thieu-cho-dan-ong-tren-tinh-truong-thuong-truong-va-chien-truong   , Phuong Nam
Thủy Triều Đen                                                                                                            , Văn Hóa Thông Tin                                                     , Còn hàng  , "77,900₫"   , "82,000₫"   , https://nhasachphuongnam.com/products/thuy-trieu-den                                                                                                , Phuong Nam
Thủy Hử (Trọn Bộ 2 Tập)                                                                                                   , Công ty TNHH Văn Hóa Đông Tây                                         , Còn hàng  , "247,000₫"  , "260,000₫"  , https://nhasachphuongnam.com/products/thuy-hu-tron-bo-2-tap                                                                                         , Phuong Nam
Thương Quá Sài Gòn                                                                                                        , NXB Tổng Hợp TP.HCM                                                   , Còn hàng  , "114,000₫"  , "120,000₫"  , https://nhasachphuongnam.com/products/thuong-qua-sai-gon                                                                                            , Phuong Nam
Thương Nhớ Trà Long (Tái Bản Năm 2019)                                                                                    , NXB Trẻ                                                               , Còn hàng  , "74,100₫"   , "78,000₫"   , https://nhasachphuongnam.com/products/thuong-nho-tra-long-tai-ban-nam-2019                                                                          , Phuong Nam
Thương Nhau Hai Tiếng Cố Nhân                                                                                             , NXB Trẻ                                                               , Còn hàng  , "52,250₫"   , "55,000₫"   , https://nhasachphuongnam.com/products/thuong-nhau-hai-tieng-co-nhan                                                                                 , Phuong Nam
Thư Chiến Trường                                                                                                          , Chi Nhánh Công ty TNHH Bình Hạnh Đan                                  , Còn hàng  , "122,550₫"  , "129,000₫"  , https://nhasachphuongnam.com/products/thu-chien-truong                                                                                              , Phuong Nam
Thời Khắc Định Mệnh                                                                                                       , NXB Trẻ                                                               , Còn hàng  , "97,850₫"   , "103,000₫"  , https://nhasachphuongnam.com/products/thoi-khac-dinh-menh                                                                                           , Phuong Nam
Thời Đại Của Sự Xao Lãng                                                                                                  , NXB Văn Hóa-Văn Nghệ                                                  , Còn hàng  , "58,900₫"   , "62,000₫"   , https://nhasachphuongnam.com/products/thoi-dai-cua-su-xao-lang                                                                                      , Phuong Nam
Thoát Đến Phương Tây                                                                                                      , NXB Thế Giới                                                          , Còn hàng  , "103,200₫"  , "129,000₫"  , https://nhasachphuongnam.com/products/thoat-den-phuong-tay                                                                                          , Phuong Nam
Thơ Ngắn Đỗ Nghê                                                                                                          , NXB Văn Hóa-Văn Nghệ                                                  , Còn hàng  , "86,400₫"   , "108,000₫"  , https://nhasachphuongnam.com/products/tho-ngan-do-nghe                                                                                              , Phuong Nam
Thiệu Bảo Bình Nguyên - Tập 4: Khúc Tráng Ca Mùa Hạ                                                                       , NXB Trẻ                                                               , Còn hàng  , "92,150₫"   , "97,000₫"   , https://nhasachphuongnam.com/products/thieu-bao-binh-nguyen-tap-4-khuc-trang-ca-mua-ha                                                              , Phuong Nam
Thiệu Bảo Bình Nguyên - Tập 3: Sơn Hà Rực Lửa                                                                             , NXB Trẻ                                                               , Còn hàng  , "88,350₫"   , "93,000₫"   , https://nhasachphuongnam.com/products/thieu-bao-binh-nguyen-tap-3-son-ha-ruc-lua                                                                    , Phuong Nam
Thiệu Bảo Bình Nguyên - Tập 2: Trước Cơn Dông Tố                                                                          , NXB Trẻ                                                               , Còn hàng  , "76,000₫"   , "80,000₫"   , https://nhasachphuongnam.com/products/thieu-bao-binh-nguyen-tap-2-truoc-con-dong-to                                                                 , Phuong Nam
Thiên Thần Của Sự Sống                                                                                                    , NXB Trẻ                                                               , Còn hàng  , "68,400₫"   , "72,000₫"   , https://nhasachphuongnam.com/products/thien-than-cua-su-song                                                                                        , Phuong Nam
Thiên Môn Chi Thánh                                                                                                       , NXB Văn Học                                                           , Còn hàng  , "95,000₫"   , "100,000₫"  , https://nhasachphuongnam.com/products/thien-mon-chi-thanh                                                                                           , Phuong Nam
Ảo Ảnh Thần Tượng                                                                                                         , NXB Hà Nội                                                            , Còn hàng  , "94,050₫"   , "99,000₫"   , https://nhasachphuongnam.com/products/ao-anh-than-tuong                                                                                             , Phuong Nam
Anh Meaulnes                                                                                                              , NXB Văn Học                                                           , Còn hàng  , "94,050₫"   , "99,000₫"   , https://nhasachphuongnam.com/products/anh-meaulnes                                                                                                  , Phuong Nam
Thay Lời Muốn Nói - Thanh Xuân Tôi…                                                                                       , NXB Trẻ                                                               , Còn hàng  , "104,500₫"  , "110,000₫"  , https://nhasachphuongnam.com/products/thay-loi-muon-noi-thanh-xuan-toi                                                                              , Phuong Nam
THẤT TỊCH KHÔNG MƯA                                                                                                       , Đinh Tị                                                               , Còn hàng  , "81,700₫"   , "86,000₫"   , https://nhasachphuongnam.com/products/that-tich-khong-mua                                                                                           , Phuong Nam
Tân Nhạc Việt Nam Thuở Ban Đầu (Tái bản lần 1)                                                                            , NXB Thế Giới                                                          , Còn hàng  , "64,000₫"   , "80,000₫"   , https://nhasachphuongnam.com/products/tan-nhac-viet-nam-thuo-ban-dau-tai-ban-lan-1                                                                  , Phuong Nam
Tận Cùng Là Cái Chết                                                                                                      , NXB Trẻ                                                               , Còn hàng  , "109,250₫"  , "115,000₫"  , https://nhasachphuongnam.com/products/tan-cung-la-cai-chet                                                                                          , Phuong Nam
Tâm: Chân Dung                                                                                                            , NXB Văn Hóa-Văn Nghệ                                                  , Còn hàng  , "208,050₫"  , "219,000₫"  , https://nhasachphuongnam.com/products/tam-chan-dung                                                                                                 , Phuong Nam
Tâm Tình Với Trịnh Công Sơn                                                                                               , NXB Văn Học                                                           , Còn hàng  , "60,800₫"   , "76,000₫"   , https://nhasachphuongnam.com/products/tam-tinh-voi-trinh-cong-son                                                                                   , Phuong Nam
Tác Giả Thế Kỷ XX                                                                                                         , NXB Văn Học                                                           , Còn hàng  , "70,400₫"   , "88,000₫"   , https://nhasachphuongnam.com/products/tac-gia-the-ky-xx                                                                                             , Phuong Nam
Sự Thật Đặt Tên Tôi                                                                                                       , NXB Hội Nhà Văn                                                       , Còn hàng  , "63,750₫"   , "75,000₫"   , https://nhasachphuongnam.com/products/su-that-dat-ten-toi                                                                                           , Phuong Nam
"Sóng Có Đời Sóng, Sông Có Đời Sông, Còn Chúng Ta Là Biển Rộng"                                                           , NXB Văn Hóa-Văn Nghệ                                                  , Còn hàng  , "68,400₫"   , "72,000₫"   , https://nhasachphuongnam.com/products/song-co-doi-song-song-co-doi-song-con-chung-ta-la-bien-rong                                                   , Phuong Nam
"Sống Ảo, Ảo Bao Nhiêu Cho Vừa?"                                                                                          , NXB Hội Nhà Văn                                                       , Còn hàng  , "75,050₫"   , "79,000₫"   , https://nhasachphuongnam.com/products/song-ao-ao-bao-nhieu-cho-vua                                                                                  , Phuong Nam
Sói Và Dương Cầm - Tập 2                                                                                                  , NXB Văn Học                                                           , Còn hàng  , "102,600₫"  , "108,000₫"  , https://nhasachphuongnam.com/products/soi-va-duong-cam-tap-2                                                                                        , Phuong Nam
Sổ Tay Viết Văn                                                                                                           , Chi Nhánh Nhà Xuất Bản Kim Đồng Tại Thành Phố Hồ Chí Minh             , Còn hàng  , "57,000₫"   , "60,000₫"   , https://nhasachphuongnam.com/products/so-tay-viet-van                                                                                               , Phuong Nam
Shuffle Hiểu Lòng Tôi                                                                                                     , Báo Sinh Viên Việt Nam                                                , Còn hàng  , "71,250₫"   , "75,000₫"   , https://nhasachphuongnam.com/products/shuffle-hieu-long-toi                                                                                         , Phuong Nam
Sài Gòn Thềm Xưa Nắng Rụng                                                                                                , NXB Văn Hóa-Văn Nghệ                                                  , Còn hàng  , "84,000₫"   , "105,000₫"  , https://nhasachphuongnam.com/products/sai-gon-them-xua-nang-rung                                                                                    , Phuong Nam
Sài Gòn Phong Lưu                                                                                                         , NXB Văn Hóa-Văn Nghệ                                                  , Còn hàng  , "102,000₫"  , "120,000₫"  , https://nhasachphuongnam.com/products/sai-gon-phong-luu                                                                                             , Phuong Nam
Sài Gòn Những Mùa Yêu                                                                                                     , NXB Văn Hóa-Văn Nghệ                                                  , Còn hàng  , "75,200₫"   , "94,000₫"   , https://nhasachphuongnam.com/products/sai-gon-nhung-mua-yeu                                                                                         , Phuong Nam
Sài Gòn Ngọt Từ Da Thịt Ngọt Ra                                                                                           , NXB Văn Hóa-Văn Nghệ                                                  , Còn hàng  , "71,250₫"   , "75,000₫"   , https://nhasachphuongnam.com/products/sai-gon-ngot-tu-da-thit-ngot-ra                                                                               , Phuong Nam
Sài Gòn Còn Chút Gì Để Nhớ?                                                                                               , NXB Văn Hóa-Văn Nghệ                                                  , Còn hàng  , "105,400₫"  , "124,000₫"  , https://nhasachphuongnam.com/products/sai-gon-con-chut-gi-de-nho                                                                                    , Phuong Nam
QUỐC VĂN GIÁO KHOA THƯ                                                                                                    , NXB Trẻ                                                               , Còn hàng  , "156,750₫"  , "165,000₫"  , https://nhasachphuongnam.com/products/quoc-van-giao-khoa-thu                                                                                        , Phuong Nam
Quill - Bước Ngắn Dệt Nên Dặm Dài                                                                                         , NXB Hồng Đức                                                          , Còn hàng  , "76,000₫"   , "80,000₫"   , https://nhasachphuongnam.com/products/quill-buoc-ngan-det-nen-dam-dai                                                                               , Phuong Nam
Quê Nhà Ở Phía Ngôi Sao                                                                                                   , NXB Văn Hóa-Văn Nghệ                                                  , Còn hàng  , "76,000₫"   , "95,000₫"   , https://nhasachphuongnam.com/products/que-nha-o-phia-ngoi-sao                                                                                       , Phuong Nam
Chuông Gió - Tập 4                                                                                                        , NXB Thanh Niên                                                        , Còn hàng  , "165,300₫"  , "174,000₫"  , https://nhasachphuongnam.com/products/chuong-gio-tap-4                                                                                              , Phuong Nam
Chuông Gió - Tập 2                                                                                                        , NXB Thanh Niên                                                        , Còn hàng  , "165,300₫"  , "174,000₫"  , https://nhasachphuongnam.com/products/chuong-gio-tap-2                                                                                              , Phuong Nam
"Chúng Ta Sống, Là Vì..."                                                                                                 , NXB Thế Giới                                                          , Còn hàng  , "94,050₫"   , "99,000₫"   , https://nhasachphuongnam.com/products/chung-ta-song-la-vi                                                                                           , Phuong Nam
Phút 89 - Tự Truyện Lê Công Vinh                                                                                          , NXB Thế Giới                                                          , Còn hàng  , "124,000₫"  , "155,000₫"  , https://nhasachphuongnam.com/products/phut-89-tu-truyen-le-cong-vinh                                                                                , Phuong Nam
"Chú Chiếu Bóng, Nhà Ảo Thuật, Tay Đánh Bài Và Tụi Con Nít Xóm Nhỏ Sài Gòn Năm Ấy (Tái bản năm 2022)"                     , NXB Trẻ                                                               , Còn hàng  , "104,500₫"  , "110,000₫"  , https://nhasachphuongnam.com/products/chu-chieu-bong-nha-ao-thuat-tay-danh-bai-va-tui-con-nit-xom-nho-sai-gon-nam-ay-tai-ban-nam-2022               , Phuong Nam
Phục Sinh                                                                                                                 , NXB Văn Học                                                           , Còn hàng  , "175,750₫"  , "185,000₫"  , https://nhasachphuongnam.com/products/phuc-sinh                                                                                                     , Phuong Nam
"Chờ Em Lớn Nhé, Được Không?"                                                                                             , NXB Văn Học                                                           , Còn hàng  , "94,050₫"   , "99,000₫"   , https://nhasachphuongnam.com/products/cho-em-lon-nhe-duoc-khong                                                                                     , Phuong Nam
Chờ Em Đến San Francisco (Tái bản năm 2022)                                                                               , NXB Trẻ                                                               , Còn hàng  , "109,250₫"  , "115,000₫"  , https://nhasachphuongnam.com/products/cho-em-den-san-francisco-tai-ban-nam-2022                                                                     , Phuong Nam
Chờ Đến Mùa Xuân Nhé                                                                                                      , NXB Hà Nội                                                            , Còn hàng  , "122,550₫"  , "129,000₫"  , https://nhasachphuongnam.com/products/cho-den-mua-xuan-nhe                                                                                          , Phuong Nam
Chiếc Lá Cuối Cùng (Tái bản năm 2022)                                                                                     , NXB Văn Học                                                           , Còn hàng  , "90,250₫"   , "95,000₫"   , https://nhasachphuongnam.com/products/chiec-la-cuoi-cung-tai-ban-nam-2022                                                                           , Phuong Nam
Chí Phèo (Tái bản năm 2022)                                                                                               , NXB Văn Học                                                           , Còn hàng  , "47,500₫"   , "50,000₫"   , https://nhasachphuongnam.com/products/chi-pheo-tai-ban-nam-2022                                                                                     , Phuong Nam
Phép Tính Của Một Nho Sĩ                                                                                                  , NXB Hội Nhà Văn                                                       , Còn hàng  , "81,700₫"   , "86,000₫"   , https://nhasachphuongnam.com/products/phep-tinh-cua-mot-nho-si                                                                                      , Phuong Nam
Châu Phi Nghìn Trùng (Tái bản năm 2022)                                                                                   , NXB Phụ Nữ Việt Nam                                                   , Còn hàng  , "156,750₫"  , "165,000₫"  , https://nhasachphuongnam.com/products/chau-phi-nghin-trung-tai-ban-nam-2022                                                                         , Phuong Nam
Chân Trần Chí Thép                                                                                                        , NXB Tổng Hợp TP.HCM                                                   , Còn hàng  , "159,600₫"  , "168,000₫"  , https://nhasachphuongnam.com/products/chan-tran-chi-thep                                                                                            , Phuong Nam
Phạm Duy - Nhớ (Tái bản năm 2017)                                                                                         , Công ty TNHH Mtv Sách Phương Nam                                      , Còn hàng  , "80,750₫"   , "95,000₫"   , https://nhasachphuongnam.com/products/pham-duy-nho-tai-ban-nam-2017                                                                                 , Phuong Nam
"Phải Sống (Sách đoạt giải Bạc, Nautilus Book Awards 2016)"                                                               , NXB Phụ Nữ Việt Nam                                                   , Còn hàng  , "110,400₫"  , "138,000₫"  , https://nhasachphuongnam.com/products/phai-song-sach-doat-giai-bac-nautilus-book-awards-2016                                                        , Phuong Nam
Câu Chuyện Của Khoa Thần Kinh - Xích Đu Trên Không                                                                        , NXB Thế Giới                                                          , Còn hàng  , "160,550₫"  , "169,000₫"  , https://nhasachphuongnam.com/products/cau-chuyen-cua-khoa-than-kinh-xich-du-tren-khong                                                              , Phuong Nam
Câu Chuyện Của Khoa Thần Kinh - Trong Bể Bơi                                                                              , NXB Thế Giới                                                          , Còn hàng  , "141,550₫"  , "149,000₫"  , https://nhasachphuongnam.com/products/cau-chuyen-cua-khoa-than-kinh-trong-be-boi                                                                    , Phuong Nam
Cánh Đồng Hoa Hướng Dương Xa Xôi                                                                                          , NXB Thanh Niên                                                        , Còn hàng  , "118,750₫"  , "125,000₫"  , https://nhasachphuongnam.com/products/canh-dong-hoa-huong-duong-xa-xoi                                                                              , Phuong Nam
Căn Phòng Máu                                                                                                             , NXB Phụ Nữ Việt Nam                                                   , Còn hàng  , "121,600₫"  , "128,000₫"  , https://nhasachphuongnam.com/products/can-phong-mau                                                                                                 , Phuong Nam
"Cảm Ơn Người Đến, Chẳng Tiếc Người Đi"                                                                                   , NXB Văn Học                                                           , Còn hàng  , "118,750₫"  , "125,000₫"  , https://nhasachphuongnam.com/products/cam-on-nguoi-den-chang-tiec-nguoi-di                                                                          , Phuong Nam
Ông Trùm Cuối Cùng                                                                                                        , NXB Văn Học                                                           , Còn hàng  , "142,500₫"  , "150,000₫"  , https://nhasachphuongnam.com/products/ong-trum-cuoi-cung                                                                                            , Phuong Nam
Ông Già Nam Bộ Nhiều Chuyện - Góc Khuất Dưới Chưn Đèn                                                                     , NXB Hội Nhà Văn                                                       , Còn hàng  , "89,600₫"   , "112,000₫"  , https://nhasachphuongnam.com/products/ong-gia-nam-bo-nhieu-chuyen-goc-khuat-duoi-chun-den                                                           , Phuong Nam
Ông Già Nam Bộ Nhiều Chuyện - Dấu Chưn Lưu Dân                                                                            , NXB Hội Nhà Văn                                                       , Còn hàng  , "69,600₫"   , "87,000₫"   , https://nhasachphuongnam.com/products/ong-gia-nam-bo-nhieu-chuyen-dau-chun-luu-dan                                                                  , Phuong Nam
Cách Treo Cổ Một Phù Thủy - Phần 2: Ám Ảnh Biển Sâu                                                                       , NXB Văn Học                                                           , Còn hàng  , "141,550₫"  , "149,000₫"  , https://nhasachphuongnam.com/products/cach-treo-co-mot-phu-thuy-phan-2-am-anh-bien-sau                                                              , Phuong Nam
Các Bạn Tôi Ở Trên Ấy                                                                                                     , NXB Hội Nhà Văn                                                       , Còn hàng  , "160,550₫"  , "169,000₫"  , https://nhasachphuongnam.com/products/cac-ban-toi-o-tren-ay                                                                                         , Phuong Nam
Cà Phê Cùng Tony (Tái bản năm 2022)                                                                                       , NXB Trẻ                                                               , Còn hàng  , "99,750₫"   , "105,000₫"  , https://nhasachphuongnam.com/products/ca-phe-cung-tony-tai-ban-nam-2022                                                                             , Phuong Nam
Odyssêy (Tái bản năm 2018)                                                                                                , Công ty Cổ Phần Sách Alpha - Chi Nhánh Tại Thành Phố Hố Chí Minh      , Còn hàng  , "197,100₫"  , "219,000₫"  , https://nhasachphuongnam.com/products/odyssey-tai-ban-nam-2018                                                                                      , Phuong Nam
Ở Đây Sửa Kỷ Niệm Xưa - Tập 4                                                                                             , NXB Hà Nội                                                            , Còn hàng  , "99,750₫"   , "105,000₫"  , https://nhasachphuongnam.com/products/o-day-sua-ky-niem-xua-tap-4                                                                                   , Phuong Nam
Ở Đây Sửa Kỷ Niệm Xưa - Tập 3                                                                                             , NXB Hà Nội                                                            , Còn hàng  , "118,750₫"  , "125,000₫"  , https://nhasachphuongnam.com/products/o-day-sua-ky-niem-xua-tap-3                                                                                   , Phuong Nam
Nước Chảy Qua Cầu                                                                                                         , NXB Văn Học                                                           , Còn hàng  , "112,000₫"  , "140,000₫"  , https://nhasachphuongnam.com/products/nuoc-chay-qua-cau                                                                                             , Phuong Nam
Nữ Thần Hay Thảm Chùi Chân?                                                                                               , Báo Sinh Viên Việt Nam                                                , Còn hàng  , "33,250₫"   , "35,000₫"   , https://nhasachphuongnam.com/products/nu-than-hay-tham-chui-chan                                                                                    , Phuong Nam
Nữ Danh Họa Thượng Hải                                                                                                    , Văn Hóa Thông Tin                                                     , Còn hàng  , "99,750₫"   , "105,000₫"  , https://nhasachphuongnam.com/products/nu-danh-hoa-thuong-hai                                                                                        , Phuong Nam
Niềm Tin Chiến Thắng                                                                                                      , NXB Văn Hóa-Văn Nghệ                                                  , Còn hàng  , "93,100₫"   , "98,000₫"   , https://nhasachphuongnam.com/products/niem-tin-chien-thang                                                                                          , Phuong Nam
Những Vọng Âm Nằm Ngủ                                                                                                     , NXB Hội Nhà Văn                                                       , Còn hàng  , "92,000₫"   , "115,000₫"  , https://nhasachphuongnam.com/products/nhung-vong-am-nam-ngu                                                                                         , Phuong Nam
NHỮNG THÀNH PHỐ GIẤY                                                                                                      , NXB Trẻ                                                               , Còn hàng  , "128,250₫"  , "135,000₫"  , https://nhasachphuongnam.com/products/nhung-thanh-pho-giay                                                                                          , Phuong Nam
Những Nụ Hôn Tạm Biệt                                                                                                     , NXB Văn Hóa-Văn Nghệ                                                  , Còn hàng  , "100,000₫"  , "125,000₫"  , https://nhasachphuongnam.com/products/nhung-nu-hon-tam-biet                                                                                         , Phuong Nam
Những Nụ Hôn Điện Ảnh                                                                                                     , NXB Hội Nhà Văn                                                       , Còn hàng  , "55,100₫"   , "58,000₫"   , https://nhasachphuongnam.com/products/nhung-nu-hon-dien-anh                                                                                         , Phuong Nam
Những Người Nhật Vị Tha                                                                                                   , NXB Thế Giới                                                          , Còn hàng  , "132,000₫"  , "165,000₫"  , https://nhasachphuongnam.com/products/nhung-nguoi-nhat-vi-tha                                                                                       , Phuong Nam
Những nền văn hóa lớn của nhân loại                                                                                       , Kttt-Cty Tnhh Dv-Tm Van Hoa Phuong Dong                               , Còn hàng  , "90,250₫"   , "95,000₫"   , https://nhasachphuongnam.com/products/nhung-nen-van-hoa-lon-cua-nhan-loai                                                                           , Phuong Nam
Những Năm Tháng Ấy                                                                                                        , NXB Văn Học                                                           , Còn hàng  , "120,000₫"  , "150,000₫"  , https://nhasachphuongnam.com/products/nhung-nam-thang-ay                                                                                            , Phuong Nam
Những Mùa Gió Rát                                                                                                         , NXB Văn Hóa-Văn Nghệ                                                  , Còn hàng  , "59,200₫"   , "74,000₫"   , https://nhasachphuongnam.com/products/nhung-mua-gio-rat                                                                                             , Phuong Nam
Những Mảnh Mắt Nhìn                                                                                                       , NXB Văn Hóa-Văn Nghệ                                                  , Còn hàng  , "68,000₫"   , "80,000₫"   , https://nhasachphuongnam.com/products/nhung-manh-mat-nhin                                                                                           , Phuong Nam
Những Lắng Đọng Trong Tôi                                                                                                 , NXB Văn Nghệ                                                          , Còn hàng  , "190,000₫"  , "200,000₫"  , https://nhasachphuongnam.com/products/nhung-lang-dong-trong-toi                                                                                     , Phuong Nam
Những Ký Ức Không Chịu Ngủ Yên                                                                                            , NXB Văn Học                                                           , Còn hàng  , "81,600₫"   , "102,000₫"  , https://nhasachphuongnam.com/products/nhung-ky-uc-khong-chiu-ngu-yen                                                                                , Phuong Nam
Những Đốm Lửa Lưu Lạc                                                                                                     , NXB Phụ Nữ Việt Nam                                                   , Còn hàng  , "159,200₫"  , "199,000₫"  , https://nhasachphuongnam.com/products/nhung-dom-lua-luu-lac                                                                                         , Phuong Nam
Những Con Chuột Thời Thơ Ấu                                                                                               , NXB Hội Nhà Văn                                                       , Còn hàng  , "88,800₫"   , "111,000₫"  , https://nhasachphuongnam.com/products/nhung-con-chuot-thoi-tho-au                                                                                   , Phuong Nam
Những Chuyến Đi Tuổi Trẻ                                                                                                  , NXB Văn Hóa-Văn Nghệ                                                  , Còn hàng  , "94,050₫"   , "99,000₫"   , https://nhasachphuongnam.com/products/nhung-chuyen-di-tuoi-tre                                                                                      , Phuong Nam
Những chiếc đồng hồ kỳ lạ                                                                                                 , NXB Trẻ                                                               , Còn hàng  , "121,600₫"  , "128,000₫"  , https://nhasachphuongnam.com/products/nhung-chiec-dong-ho-ky-la                                                                                     , Phuong Nam
Những Chiếc Cầu Ở Quận Madison (Tái bản năm 2020)                                                                         , NXB Hội Nhà Văn                                                       , Còn hàng  , "52,500₫"   , "75,000₫"   , https://nhasachphuongnam.com/products/nhung-chiec-cau-o-quan-madison-tai-ban-nam-2020                                                               , Phuong Nam
Những Bức Tranh Phù Thế                                                                                                   , NXB Văn Hóa-Văn Nghệ                                                  , Còn hàng  , "159,200₫"  , "199,000₫"  , https://nhasachphuongnam.com/products/nhung-buc-tranh-phu-the                                                                                       , Phuong Nam
Như Thiên Đường Lạnh                                                                                                      , NXB Hội Nhà Văn                                                       , Còn hàng  , "54,400₫"   , "68,000₫"   , https://nhasachphuongnam.com/products/nhu-thien-duong-lanh                                                                                          , Phuong Nam
Nhật Ký Tiểu Thư Jones - Điên Lên Vì Trai                                                                                 , NXB Trẻ                                                               , Còn hàng  , "142,500₫"  , "150,000₫"  , https://nhasachphuongnam.com/products/nhat-ky-tieu-thu-jones-dien-len-vi-trai                                                                       , Phuong Nam
Bức Họa Múa Rối Xương (Bộ 2 tập)                                                                                          , NXB Văn Học                                                           , Còn hàng  , "265,050₫"  , "279,000₫"  , https://nhasachphuongnam.com/products/buc-hoa-mua-roi-xuong-bo-2-tap                                                                                , Phuong Nam
Boxset Tam Quốc Diễn Nghĩa (Bộ 3 tập) (Tái bản năm 2023)                                                                  , NXB Văn Học                                                           , Còn hàng  , "416,100₫"  , "438,000₫"  , https://nhasachphuongnam.com/products/boxset-tam-quoc-dien-nghia-bo-3-tap-tai-ban-nam-2023                                                          , Phuong Nam
Boxset Tam Quốc Diễn Nghĩa (Bộ 3 tập) (Tái bản năm 2022)                                                                  , NXB Văn Học                                                           , Còn hàng  , "427,500₫"  , "450,000₫"  , https://nhasachphuongnam.com/products/boxset-tam-quoc-dien-nghia-bo-3-tap-tai-ban-nam-2022                                                          , Phuong Nam
Boxset Sherlock Holmes Toàn Tập (Bộ 3 cuốn) (Tái bản năm 2023)                                                            , NXB Văn Học                                                           , Còn hàng  , "427,500₫"  , "450,000₫"  , https://nhasachphuongnam.com/products/boxset-sherlock-holmes-toan-tap-bo-3-cuon-tai-ban-nam-2023                                                    , Phuong Nam
Boxset Những Người Khốn Khổ (Bộ 3 cuốn)                                                                                   , NXB Văn Học                                                           , Còn hàng  , "474,050₫"  , "499,000₫"  , https://nhasachphuongnam.com/products/boxset-nhung-nguoi-khon-kho-bo-3-cuon                                                                         , Phuong Nam
Boxset Hồng Lâu Mộng (Bộ 3 tập)                                                                                           , NXB Văn Học                                                           , Còn hàng  , "470,250₫"  , "495,000₫"  , https://nhasachphuongnam.com/products/boxset-ho-ng-lau-mo-ng-bo-3-tap                                                                               , Phuong Nam
Nhật Ký Anne Frank                                                                                                        , NXB Văn Học                                                           , Còn hàng  , "95,000₫"   , "100,000₫"  , https://nhasachphuongnam.com/products/nhat-ky-anne-frank                                                                                            , Phuong Nam
Nhắm Mắt Thấy Paris (Tái bản năm 2017)                                                                                    , NXB Trẻ                                                               , Còn hàng  , "85,500₫"   , "90,000₫"   , https://nhasachphuongnam.com/products/nham-mat-thay-paris-tai-ban-nam-2017                                                                          , Phuong Nam
Bóng Ma Trên Phố Ginza                                                                                                    , NXB Thanh Niên                                                        , Còn hàng  , "83,600₫"   , "88,000₫"   , https://nhasachphuongnam.com/products/bong-ma-tren-pho-ginza                                                                                        , Phuong Nam
Nguyễn Duy - Tuyển Thơ Lục Bát                                                                                            , NXB Văn Hóa-Văn Nghệ                                                  , Còn hàng  , "93,500₫"   , "110,000₫"  , https://nhasachphuongnam.com/products/nguyen-duy-tuyen-tho-luc-bat                                                                                  , Phuong Nam
Nguyễn Duy - Ghi Và Nhớ                                                                                                   , NXB Hội Nhà Văn                                                       , Còn hàng  , "118,400₫"  , "148,000₫"  , https://nhasachphuongnam.com/products/nguyen-duy-ghi-va-nho                                                                                         , Phuong Nam
Nguyễn Công Trứ - Cuộc Đời & Thơ                                                                                          , NXB Lao Động Xã Hội                                                   , Còn hàng  , "94,050₫"   , "99,000₫"   , https://nhasachphuongnam.com/products/nguyen-cong-tru-cuoc-doi-tho                                                                                  , Phuong Nam
Bộ Tứ                                                                                                                     , NXB Trẻ                                                               , Còn hàng  , "114,000₫"  , "120,000₫"  , https://nhasachphuongnam.com/products/bo-tu                                                                                                         , Phuong Nam
Người Xưa Đã Quên Ngày Xưa                                                                                                , NXB Văn Hóa-Văn Nghệ                                                  , Còn hàng  , "71,200₫"   , "89,000₫"   , https://nhasachphuongnam.com/products/nguoi-xua-da-quen-ngay-xua                                                                                    , Phuong Nam
Người Truyền Cảm Hứng                                                                                                     , Báo Sinh Viên Việt Nam                                                , Còn hàng  , "237,500₫"  , "250,000₫"  , https://nhasachphuongnam.com/products/nguoi-truyen-cam-hung                                                                                         , Phuong Nam
Người Tị Nạn (Giải Pulitzer) (Bìa mềm)                                                                                    , NXB Hội Nhà Văn                                                       , Còn hàng  , "105,600₫"  , "132,000₫"  , https://nhasachphuongnam.com/products/nguoi-ti-nan-giai-pulitzer-bia-mem                                                                            , Phuong Nam
Người Tị Nạn (Bìa cứng)                                                                                                   , NXB Hội Nhà Văn                                                       , Còn hàng  , "156,000₫"  , "195,000₫"  , https://nhasachphuongnam.com/products/nguoi-ti-nan-bia-cung                                                                                         , Phuong Nam
Người Nào Đó Đang Lãng Quên Tôi                                                                                           , Báo Sinh Viên Việt Nam                                                , Còn hàng  , "71,250₫"   , "75,000₫"   , https://nhasachphuongnam.com/products/nguoi-nao-do-dang-lang-quen-toi                                                                               , Phuong Nam
Người Không Đi Cùng Chuyến Tàu                                                                                            , NXB Văn Hóa-Văn Nghệ                                                  , Còn hàng  , "116,000₫"  , "145,000₫"  , https://nhasachphuongnam.com/products/nguoi-khong-di-cung-chuyen-tau                                                                                , Phuong Nam
Người Khát Sống                                                                                                           , NXB Phụ Nữ Việt Nam                                                   , Còn hàng  , "79,200₫"   , "99,000₫"   , https://nhasachphuongnam.com/products/nguoi-khat-song                                                                                               , Phuong Nam
Người Đi Câu Tình Yêu                                                                                                     , Báo Sinh Viên Việt Nam                                                , Còn hàng  , "71,250₫"   , "75,000₫"   , https://nhasachphuongnam.com/products/nguoi-di-cau-tinh-yeu                                                                                         , Phuong Nam
Người Con Gái Xóm Cung                                                                                                    , NXB Văn Học                                                           , Còn hàng  , "88,000₫"   , "110,000₫"  , https://nhasachphuongnam.com/products/nguoi-con-gai-xom-cung                                                                                        , Phuong Nam
Người Cha Im Lặng                                                                                                         , NXB Hội Nhà Văn                                                       , Còn hàng  , "103,200₫"  , "129,000₫"  , https://nhasachphuongnam.com/products/nguoi-cha-im-lang                                                                                             , Phuong Nam
Người Ăn Bóng                                                                                                             , NXB Hội Nhà Văn                                                       , Còn hàng  , "77,900₫"   , "82,000₫"   , https://nhasachphuongnam.com/products/nguoi-an-bong                                                                                                 , Phuong Nam
Ngọn Pháo Bông                                                                                                            , NXB Hội Nhà Văn                                                       , Còn hàng  , "57,600₫"   , "72,000₫"   , https://nhasachphuongnam.com/products/ngon-phao-bong                                                                                                , Phuong Nam
Ngồi Thấy Xa Xăm Và Những Bài Thơ Khác                                                                                    , NXB Văn Học                                                           , Còn hàng  , "39,950₫"   , "47,000₫"   , https://nhasachphuongnam.com/products/ngoi-thay-xa-xam-va-nhung-bai-tho-khac                                                                        , Phuong Nam
Nghị Quyết Cây Khế                                                                                                        , NXB Hội Nhà Văn                                                       , Còn hàng  , "47,500₫"   , "50,000₫"   , https://nhasachphuongnam.com/products/nghi-quyet-cay-khe                                                                                            , Phuong Nam
Nghề Cười (Đính kèm album 10 ca khúc do Chóe sáng tác và các nghệ sỹ nổi tiếng trình bày)                                 , NXB Văn Hóa-Văn Nghệ                                                  , Còn hàng  , "171,000₫"  , "180,000₫"  , https://nhasachphuongnam.com/products/nghe-cuoi-dinh-kem-album-10-ca-khuc-do-choe-sang-tac-va-cac-nghe-sy-noi-tieng-trinh-bay                       , Phuong Nam
Ngày Trôi Về Phía Cũ (TB)                                                                                                 , NXB Hội Nhà Văn                                                       , Còn hàng  , "54,600₫"   , "78,000₫"   , https://nhasachphuongnam.com/products/ngay-troi-ve-phia-cu-tb                                                                                       , Phuong Nam
Ngày Tháng Thênh Thang                                                                                                    , NXB Văn Học                                                           , Còn hàng  , "119,200₫"  , "149,000₫"  , https://nhasachphuongnam.com/products/ngay-thang-thenh-thang                                                                                        , Phuong Nam
Ngày Đi Trên Chữ                                                                                                          , NXB Hội Nhà Văn                                                       , Còn hàng  , "142,400₫"  , "178,000₫"  , https://nhasachphuongnam.com/products/ngay-di-tren-chu                                                                                              , Phuong Nam
Nếu Biết Trăm Năm Là Hữu Hạn (Bản đặc biệt - Tái bản năm 2019) (Bìa mềm)                                                  , NXB Hội Nhà Văn                                                       , Còn hàng  , "113,400₫"  , "189,000₫"  , https://nhasachphuongnam.com/products/neu-biet-tram-nam-la-huu-han-ban-dac-biet-tai-ban-nam-2019-bia-mem                                            , Phuong Nam
Nét Duyên Góa Phụ                                                                                                         , NXB Hà Nội                                                            , Còn hàng  , "62,700₫"   , "66,000₫"   , https://nhasachphuongnam.com/products/net-duyen-goa-phu                                                                                             , Phuong Nam
"Beartown - Thị Trấn Nhỏ, Giấc Mơ Lớn"                                                                                    , NXB Trẻ                                                               , Còn hàng  , "199,500₫"  , "210,000₫"  , https://nhasachphuongnam.com/products/beartown-thi-tran-nho-giac-mo-lon                                                                             , Phuong Nam
Mùi Trần                                                                                                                  , NXB Trẻ                                                               , Còn hàng  , "114,000₫"  , "120,000₫"  , https://nhasachphuongnam.com/products/mui-tran                                                                                                      , Phuong Nam
Mùa Cưới                                                                                                                  , Công ty Cổ Phần Phát Hành Sách Thành Phố Hồ Chí Minh - Fahasa.        , Còn hàng  , "94,050₫"   , "99,000₫"   , https://nhasachphuongnam.com/products/mua-cuoi                                                                                                      , Phuong Nam
Mùa Chia Tay                                                                                                              , NXB Văn Học                                                           , Còn hàng  , "65,550₫"   , "69,000₫"   , https://nhasachphuongnam.com/products/mua-chia-tay                                                                                                  , Phuong Nam
Một Thời Hà Nội Hát                                                                                                       , NXB Trẻ                                                               , Còn hàng  , "114,000₫"  , "120,000₫"  , https://nhasachphuongnam.com/products/mot-thoi-ha-noi-hat                                                                                           , Phuong Nam
Mở To Đôi Mắt Xinh Đẹp Của Em                                                                                             , Công ty Cổ Phần Văn Hoá Và Truyền Thông Phương Đông                   , Còn hàng  , "104,500₫"  , "110,000₫"  , https://nhasachphuongnam.com/products/mo-to-doi-mat-xinh-dep-cua-em                                                                                 , Phuong Nam
Mộ Bia Giữa Biển - Mảnh Đất Cuối Cùng Nơi Người Cha Nằm Lại                                                               , NXB Văn Hóa-Văn Nghệ                                                  , Còn hàng  , "55,250₫"   , "65,000₫"   , https://nhasachphuongnam.com/products/mo-bia-giua-bien-manh-dat-cuoi-cung-noi-nguoi-cha-nam-lai                                                     , Phuong Nam
Miền Non Cao Xứ Bồ Đào                                                                                                    , NXB Trẻ                                                               , Còn hàng  , "112,100₫"  , "118,000₫"  , https://nhasachphuongnam.com/products/mien-non-cao-xu-bo-dao                                                                                        , Phuong Nam
Miền Cát Trắng Mù Sương                                                                                                   , NXB Văn Nghệ                                                          , Còn hàng  , "44,650₫"   , "47,000₫"   , https://nhasachphuongnam.com/products/mien-cat-trang-mu-suong                                                                                       , Phuong Nam
Mị Sinh - Tập 1: Yêu Nhan                                                                                                 , NXB Hồng Đức                                                          , Còn hàng  , "109,250₫"  , "115,000₫"  , https://nhasachphuongnam.com/products/mi-sinh-tap-1-yeu-nhan                                                                                        , Phuong Nam
Mephy! Mephy! Mephy! (Bìa mềm)                                                                                            , NXB Văn Hóa-Văn Nghệ                                                  , Còn hàng  , "127,200₫"  , "159,000₫"  , https://nhasachphuongnam.com/products/mephy-mephy-mephy-bia-mem                                                                                     , Phuong Nam
Mephy! Mephy! Mephy! (Bìa cứng)                                                                                           , NXB Văn Hóa-Văn Nghệ                                                  , Còn hàng  , "167,200₫"  , "209,000₫"  , https://nhasachphuongnam.com/products/mephy-mephy-mephy-bia-cung                                                                                    , Phuong Nam
Mèo Đêm                                                                                                                   , NXB Hội Nhà Văn                                                       , Còn hàng  , "39,200₫"   , "49,000₫"   , https://nhasachphuongnam.com/products/meo-dem                                                                                                       , Phuong Nam
Mẹ Sẽ Không Để Con Ở Lại!                                                                                                 , NXB Văn Học                                                           , Còn hàng  , "82,650₫"   , "87,000₫"   , https://nhasachphuongnam.com/products/me-se-khong-de-con-o-lai                                                                                      , Phuong Nam
Bá Tước Monte Cristo (Tái bản năm 2022)                                                                                   , NXB Văn Học                                                           , Còn hàng  , "159,600₫"  , "168,000₫"  , https://nhasachphuongnam.com/products/ba-tuoc-monte-cristo-tai-ban-nam-2022                                                                         , Phuong Nam
Ba Người Lính Ngự Lâm (Tái bản năm 2021)                                                                                  , NXB Văn Học                                                           , Còn hàng  , "237,500₫"  , "250,000₫"  , https://nhasachphuongnam.com/products/ba-nguoi-linh-ngu-lam-tai-ban-nam-2021                                                                        , Phuong Nam
Máu Bạc - Tập 1                                                                                                           , NXB Văn Hóa-Văn Nghệ                                                  , Còn hàng  , "113,050₫"  , "119,000₫"  , https://nhasachphuongnam.com/products/mau-bac-tap-1                                                                                                 , Phuong Nam
Artemis Fowl - Vệ Binh Cuối Cùng                                                                                          , NXB Văn Học                                                           , Còn hàng  , "131,100₫"  , "138,000₫"  , https://nhasachphuongnam.com/products/artemis-fowl-ve-binh-cuoi-cung                                                                                , Phuong Nam
Arsène Wenger: Cuộc Đời Tôi Qua Hai Màu Đỏ-Trắng                                                                          , NXB Trẻ                                                               , Còn hàng  , "147,250₫"  , "155,000₫"  , https://nhasachphuongnam.com/products/arsene-wenger-cuoc-doi-toi-qua-hai-mau-do-trang                                                               , Phuong Nam
Mái Tây                                                                                                                   , NXB Lao Động Xã Hội                                                   , Còn hàng  , "65,550₫"   , "69,000₫"   , https://nhasachphuongnam.com/products/mai-tay                                                                                                       , Phuong Nam
Áo Xưa Dù Nhàu...                                                                                                         , Nxv Tổng Hợp Đồng Nai                                                 , Còn hàng  , "188,100₫"  , "198,000₫"  , https://nhasachphuongnam.com/products/ao-xua-du-nhau                                                                                                , Phuong Nam
Madam Nhu Trần Lệ Xuân - Quyền Lực Bà Rồng (Tái bản năm 2019)                                                             , NXB Hội Nhà Văn                                                       , Còn hàng  , "122,500₫"  , "175,000₫"  , https://nhasachphuongnam.com/products/madam-nhu-tran-le-xuan-quyen-luc-ba-rong-tai-ban-nam-2019                                                     , Phuong Nam
Anh                                                                                                                       , NXB Phụ Nữ Việt Nam                                                   , Còn hàng  , "125,400₫"  , "132,000₫"  , https://nhasachphuongnam.com/products/anh                                                                                                           , Phuong Nam
Lý Văn Phức Và Nhị Thập Tứ Hiếu Diễn Âm                                                                                   , NXB Hội Nhà Văn                                                       , Còn hàng  , "44,000₫"   , "55,000₫"   , https://nhasachphuongnam.com/products/ly-van-phuc-va-nhi-thap-tu-hieu-dien-am                                                                       , Phuong Nam
Án Mạng Trên Sông Nile (Tái bản năm 2021)                                                                                 , NXB Trẻ                                                               , Còn hàng  , "128,250₫"  , "135,000₫"  , https://nhasachphuongnam.com/products/an-mang-tren-song-nile-tai-ban-nam-2021                                                                       , Phuong Nam
Án Mạng Trên Sân Golf                                                                                                     , NXB Trẻ                                                               , Còn hàng  , "99,750₫"   , "105,000₫"  , https://nhasachphuongnam.com/products/an-mang-tren-san-golf                                                                                         , Phuong Nam
Án Mạng Trên Chuyến Tàu Tốc Hành Phương Đông (Tái bản năm 2022)                                                           , NXB Trẻ                                                               , Còn hàng  , "114,000₫"  , "120,000₫"  , https://nhasachphuongnam.com/products/an-mang-tren-chuyen-tau-toc-hanh-phuong-dong-tai-ban-nam-2022                                                 , Phuong Nam
Án Mạng Đêm Giáng Sinh - Hercule Poirot'S Christmas                                                                       , NXB Trẻ                                                               , Còn hàng  , "128,250₫"  , "135,000₫"  , https://nhasachphuongnam.com/products/an-mang-dem-giang-sinh-hercule-poirot-s-christmas                                                             , Phuong Nam
Lý Khai Phục - Thế Giới Khác Đi Nhờ Có Bạn                                                                                , NXB Trí Thức                                                          , Còn hàng  , "150,100₫"  , "158,000₫"  , https://nhasachphuongnam.com/products/ly-khai-phuc-the-gioi-khac-di-nho-co-ban                                                                      , Phuong Nam
Lưỡng Giới (Giải Pulitzer 2003) (Bìa Mềm)                                                                                 , NXB Phụ Nữ Việt Nam                                                   , Còn hàng  , "279,650₫"  , "329,000₫"  , https://nhasachphuongnam.com/products/luong-gioi-giai-pulitzer-2003-bia-mem                                                                         , Phuong Nam
A Promised Land - Miền Đất Hứa                                                                                            , NXB Dân Trí                                                           , Còn hàng  , "729,600₫"  , "768,000₫"  , https://nhasachphuongnam.com/products/a-promised-land-mien-dat-hua                                                                                  , Phuong Nam
999 Lá Thư Gửi Cho Chính Mình - Những Lá Thư Ấn Tượng Nhất (Phiên bản song ngữ Trung - Việt)                              , NXB Thanh Niên                                                        , Còn hàng  , "94,050₫"   , "99,000₫"   , https://nhasachphuongnam.com/products/999-la-thu-gui-cho-chinh-minh-nhung-la-thu-an-tuong-nhat-phien-ban-song-ngu-trung-viet                        , Phuong Nam
999 Lá Thư Gửi Cho Chính Mình  - Tập 1                                                                                    , NXB Thanh Niên                                                        , Còn hàng  , "122,550₫"  , "129,000₫"  , https://nhasachphuongnam.com/products/999-la-thu-gui-cho-chinh-minh-tap-1                                                                           , Phuong Nam
Long Duyên - Tập 2                                                                                                        , NXB Văn Học                                                           , Còn hàng  , "106,400₫"  , "112,000₫"  , https://nhasachphuongnam.com/products/long-duyen-tap-2                                                                                              , Phuong Nam
36 Tấm Gương Lãnh Đạo: Học Tiếng Anh Qua Đọc Sách Song Ngữ Anh-Việt                                                       , NXB Dân Trí                                                           , Còn hàng  , "265,050₫"  , "279,000₫"  , https://nhasachphuongnam.com/products/36-tam-guong-lanh-dao-hoc-tieng-anh-qua-doc-sach-song-ngu-anh-viet                                            , Phuong Nam
1111 - Nhật Ký Sáu Vạn Dặm Trên Yên Xe Cà Tàng                                                                            , NXB Trẻ                                                               , Còn hàng  , "308,750₫"  , "325,000₫"  , https://nhasachphuongnam.com/products/1111-nhat-ky-sau-van-dam-tren-yen-xe-ca-tang                                                                  , Phuong Nam
111 Bài Thơ Đường Tuyển Chọn                                                                                              , NXB Hồng Đức                                                          , Còn hàng  , "156,750₫"  , "165,000₫"  , https://nhasachphuongnam.com/products/111-bai-tho-duong-tuyen-chon                                                                                  , Phuong Nam
Life Navigator 25: Người Tình Của Cả Thế Gian                                                                             , NXB Hội Nhà Văn                                                       , Còn hàng  , "118,750₫"  , "125,000₫"  , https://nhasachphuongnam.com/products/life-navigator-25-nguoi-tinh-cua-ca-the-gian                                                                  , Phuong Nam
[Truyện tranh] Thần Chết Làm Thêm 300 Yên/Giờ - Tập 3                                                                     , NXB Thế Giới                                                          , Còn hàng  , "75,050₫"   , "79,000₫"   , https://nhasachphuongnam.com/products/truyen-tranh-than-chet-lam-them-300-yen-gio-tap-3                                                             , Phuong Nam
[Truyện tranh] Thần Chết Làm Thêm 300 Yên/Giờ - Tập 2                                                                     , NXB Thế Giới                                                          , Còn hàng  , "75,050₫"   , "79,000₫"   , https://nhasachphuongnam.com/products/truyen-tranh-than-chet-lam-them-300-yen-gio-tap-2                                                             , Phuong Nam
[Hết Hàng]Nếu Biết Trăm Năm Là Hữu Hạn (Tái bản năm 2021)                                                                 , NXB Hội Nhà Văn                                                       , Còn hàng  , "65,400₫"   , "109,000₫"  , https://nhasachphuongnam.com/products/he-t-ha-ng-neu-biet-tram-nam-la-huu-han-tai-ban-nam-2021                                                      , Phuong Nam
Làn Sóng Thứ 5                                                                                                            , NXB Hà Nội                                                            , Còn hàng  , "104,500₫"  , "110,000₫"  , https://nhasachphuongnam.com/products/lan-song-thu-5                                                                                                , Phuong Nam
Lá Thư                                                                                                                    , NXB Văn Học                                                           , Còn hàng  , "79,200₫"   , "99,000₫"   , https://nhasachphuongnam.com/products/la-thu                                                                                                        , Phuong Nam
Ký Ức Từ Rừng Cây Lá Đỏ                                                                                                   , NXB Văn Hóa-Văn Nghệ                                                  , Còn hàng  , "95,000₫"   , "100,000₫"  , https://nhasachphuongnam.com/products/ky-uc-tu-rung-cay-la-do                                                                                       , Phuong Nam
Ký Ức Chao Nghiêng                                                                                                        , NXB Văn Hóa-Văn Nghệ                                                  , Còn hàng  , "61,750₫"   , "65,000₫"   , https://nhasachphuongnam.com/products/ky-uc-chao-nghieng                                                                                            , Phuong Nam
Kokoro - Những Ám Thị Và Âm Vang Trong Đời Sống Nội Tại Nhật Bản                                                          , NXB Thế Giới                                                          , Còn hàng  , "127,200₫"  , "159,000₫"  , https://nhasachphuongnam.com/products/kokoro-nhung-am-thi-va-am-vang-trong-doi-song-noi-tai-nhat-ban                                                , Phuong Nam
Kinh Cầu Nguyện Kaddis Dành Cho Đứa Trẻ Không Ra Đời (Sách đoạt giải Nobel Văn Chương 2002)                               , NXB Lao Động Xã Hội                                                   , Còn hàng  , "62,400₫"   , "78,000₫"   , https://nhasachphuongnam.com/products/kinh-cau-nguyen-kaddis-danh-cho-dua-tre-khong-ra-doi-sach-doat-giai-nobel-van-chuong-2002                     , Phuong Nam
Khúc Đắm Say Tuyệt Vọng                                                                                                   , NXB Hội Nhà Văn                                                       , Còn hàng  , "65,550₫"   , "69,000₫"   , https://nhasachphuongnam.com/products/khuc-dam-say-tuyet-vong                                                                                       , Phuong Nam
Khu Vui Chơi Của Anh N                                                                                                    , NXB Văn Học                                                           , Còn hàng  , "83,300₫"   , "98,000₫"   , https://nhasachphuongnam.com/products/khu-vui-choi-cua-anh-n                                                                                        , Phuong Nam
Không Thể Bỏ Lỡ                                                                                                           , NXB Hội Nhà Văn                                                       , Còn hàng  , "104,500₫"  , "110,000₫"  , https://nhasachphuongnam.com/products/khong-the-bo-lo                                                                                               , Phuong Nam
Không Phải Ngụ Ngôn                                                                                                       , NXB Văn Hóa Thông Tin                                                 , Còn hàng  , "64,600₫"   , "68,000₫"   , https://nhasachphuongnam.com/products/khong-phai-ngu-ngon                                                                                           , Phuong Nam
Không Lạc Lối Ở Birmingham                                                                                                , NXB Phụ Nữ Việt Nam                                                   , Còn hàng  , "78,400₫"   , "98,000₫"   , https://nhasachphuongnam.com/products/khong-lac-loi-o-birmingham                                                                                    , Phuong Nam
Không Gia Đình (Bìa cứng)                                                                                                 , NXB Văn Học                                                           , Còn hàng  , "150,100₫"  , "158,000₫"  , https://nhasachphuongnam.com/products/khong-gia-dinh-bia-cung                                                                                       , Phuong Nam
Không Có Gì Mãi Mãi (Tái bản năm 2018)                                                                                    , NXB Công An Nhân Dân                                                  , Còn hàng  , "114,000₫"  , "120,000₫"  , https://nhasachphuongnam.com/products/khong-co-gi-mai-mai-tai-ban-nam-2018                                                                          , Phuong Nam
Không Ai Qua Sông                                                                                                         , NXB Trẻ                                                               , Còn hàng  , "95,000₫"   , "100,000₫"  , https://nhasachphuongnam.com/products/khong-ai-qua-song                                                                                             , Phuong Nam
Khê Tây Dã Đàm                                                                                                            , NXB Văn Hóa-Văn Nghệ                                                  , Còn hàng  , "190,000₫"  , "200,000₫"  , https://nhasachphuongnam.com/products/khe-tay-da-dam                                                                                                , Phuong Nam
Kẻ Ly Hương                                                                                                               , NXB Hội Nhà Văn                                                       , Còn hàng  , "111,200₫"  , "139,000₫"  , https://nhasachphuongnam.com/products/ke-ly-huong                                                                                                   , Phuong Nam
Kẻ Khủng Bố                                                                                                               , NXB Hội Nhà Văn                                                       , Còn hàng  , "94,050₫"   , "99,000₫"   , https://nhasachphuongnam.com/products/ke-khung-bo                                                                                                   , Phuong Nam
Kẻ Ăn Mưa                                                                                                                 , NXB Hội Nhà Văn                                                       , Còn hàng  , "61,200₫"   , "72,000₫"   , https://nhasachphuongnam.com/products/ke-an-mua                                                                                                     , Phuong Nam
"Kalinin, Trên Thảo Nguyên, Dưới Đáy"                                                                                     , NXB Văn Học                                                           , Còn hàng  , "64,000₫"   , "80,000₫"   , https://nhasachphuongnam.com/products/kalinin-tren-thao-nguyen-duoi-day                                                                             , Phuong Nam
Iliad (Tái bản năm 2018)                                                                                                  , Công ty Cổ Phần Sách Alpha - Chi Nhánh Tại Thành Phố Hố Chí Minh      , Còn hàng  , "233,100₫"  , "259,000₫"  , https://nhasachphuongnam.com/products/iliad-tai-ban-nam-2018                                                                                        , Phuong Nam
Hợp Điểm                                                                                                                  , BAO SINH VIEN VIET NAM                                                , Còn hàng  , "33,250₫"   , "35,000₫"   , https://nhasachphuongnam.com/products/hop-diem                                                                                                      , Phuong Nam
Hộp Đen                                                                                                                   , BAO SINH VIEN VIET NAM                                                , Còn hàng  , "33,250₫"   , "35,000₫"   , https://nhasachphuongnam.com/products/hop-den                                                                                                       , Phuong Nam
Hôn Tay Đàn Bà                                                                                                            , NXB LAO DONG                                                          , Còn hàng  , "55,250₫"   , "65,000₫"   , https://nhasachphuongnam.com/products/hon-tay-dan-ba                                                                                                , Phuong Nam
Hồn Ngủ Nơi Thắt Lưng Em                                                                                                  , NXB VAN HOA-VAN NGHE                                                  , Còn hàng  , "64,600₫"   , "68,000₫"   , https://nhasachphuongnam.com/products/hon-ngu-noi-that-lung-em                                                                                      , Phuong Nam
Hồn Bướm Mơ Tiên - Nửa Chừng Xuân                                                                                         , NXB HỘI NHÀ VĂN                                                       , Còn hàng  , "83,600₫"   , "88,000₫"   , https://nhasachphuongnam.com/products/hon-buom-mo-tien-nua-chung-xuan                                                                               , Phuong Nam
Hôm Nay Người Ta Nói Chia Tay...                                                                                          , NXB VĂN HỌC                                                           , Còn hàng  , "75,050₫"   , "79,000₫"   , https://nhasachphuongnam.com/products/hom-nay-nguoi-ta-noi-chia-tay                                                                                 , Phuong Nam
Hôm Nay Mình Chỉ Vui Thôi Có Được Không                                                                                   , NXB TRẺ                                                               , Còn hàng  , "104,500₫"  , "110,000₫"  , https://nhasachphuongnam.com/products/hom-nay-minh-chi-vui-thoi-co-duoc-khong                                                                       , Phuong Nam
Hồi Ký Tiến Sĩ Lê Thẩm Dương                                                                                              , BAO SINH VIEN VIET NAM                                                , Còn hàng  , "266,000₫"  , "280,000₫"  , https://nhasachphuongnam.com/products/hoi-ky-tien-si-le-tham-duong                                                                                  , Phuong Nam
Hoàng Quyền (Tập 3A-3B-4)                                                                                                 , NXB VĂN HỌC                                                           , Còn hàng  , "453,150₫"  , "477,000₫"  , https://nhasachphuongnam.com/products/hoang-quyen-tap-3a-3b-4                                                                                       , Phuong Nam
Hành Lý Hư Vô                                                                                                             , NXB TRẺ                                                               , Còn hàng  , "90,250₫"   , "95,000₫"   , https://nhasachphuongnam.com/products/hanh-ly-hu-vo                                                                                                 , Phuong Nam
Hầm Trữ Đông                                                                                                              , NXB VĂN HỌC                                                           , Còn hàng  , "104,500₫"  , "110,000₫"  , https://nhasachphuongnam.com/products/ham-tru-dong                                                                                                  , Phuong Nam
Hai Vạn Dặm Dưới Biển                                                                                                     , NXB DÂN TRÍ                                                           , Còn hàng  , "137,750₫"  , "145,000₫"  , https://nhasachphuongnam.com/products/hai-van-dam-duoi-bien                                                                                         , Phuong Nam
"Hạ Đỏ, Có Chàng Tới Hỏi"                                                                                                 , NXB PHUONG DONG                                                       , Còn hàng  , "104,000₫"  , "130,000₫"  , https://nhasachphuongnam.com/products/ha-do-co-chang-toi-hoi                                                                                        , Phuong Nam
Gọi Con Người                                                                                                             , HOI NHA VAN                                                           , Còn hàng  , "42,750₫"   , "45,000₫"   , https://nhasachphuongnam.com/products/goi-con-nguoi                                                                                                 , Phuong Nam
Giờ Đức Văn                                                                                                               , NXB HỘI NHÀ VĂN                                                       , Còn hàng  , "199,500₫"  , "210,000₫"  , https://nhasachphuongnam.com/products/gio-duc-van                                                                                                   , Phuong Nam
Giết Con Chim Nhại (Giải Pulitzer - giải Sách Trẻ bình chọn 2019)                                                         , Chi Nhánh Công ty Cổ Phần Văn Hóa Và Truyền Thông Nhã Nam (Tp. Hà Nội), Còn hàng  , "114,000₫"  , "120,000₫"  , https://nhasachphuongnam.com/products/giet-con-chim-nhai-giai-pulitzer-giai-sach-tre-binh-chon-2019                                                 , Phuong Nam
Giáo Sư Wilczur                                                                                                           , NXB HỘI NHÀ VĂN                                                       , Còn hàng  , "171,000₫"  , "180,000₫"  , https://nhasachphuongnam.com/products/giao-su-wilczur                                                                                               , Phuong Nam
Giấc Mơ Sông Thương (Bìa cứng)                                                                                            , NXB HỘI NHÀ VĂN                                                       , Còn hàng  , "237,500₫"  , "250,000₫"  , https://nhasachphuongnam.com/products/giac-mo-song-thuong-bia-cung                                                                                  , Phuong Nam
Già Sao Cho Sướng? - Để Có Một Tuổi Già Hạnh Phúc (Tái bản năm 2019)                                                      , NXB VAN HOA-VAN NGHE                                                  , Còn hàng  , "69,300₫"   , "99,000₫"   , https://nhasachphuongnam.com/products/gia-sao-cho-suong-de-co-mot-tuoi-gia-hanh-phuc-tai-ban-nam-2019                                               , Phuong Nam
Gia Huấn Ca Tường Chú                                                                                                     , NXB HỘI NHÀ VĂN                                                       , Còn hàng  , "60,000₫"   , "75,000₫"   , https://nhasachphuongnam.com/products/gia-huan-ca-tuong-chu                                                                                         , Phuong Nam
Gần Như Là Nhà                                                                                                            , NXB TRẺ                                                               , Còn hàng  , "131,100₫"  , "138,000₫"  , https://nhasachphuongnam.com/products/gan-nhu-la-nha                                                                                                , Phuong Nam
Gã Tép Riu                                                                                                                , HOI NHA VAN                                                           , Còn hàng  , "81,700₫"   , "86,000₫"   , https://nhasachphuongnam.com/products/ga-tep-riu                                                                                                    , Phuong Nam
"Em Vốn Thích Cô Độc, Cho Đến Khi Có Anh"                                                                                 , NXB VĂN HỌC                                                           , Còn hàng  , "102,600₫"  , "108,000₫"  , https://nhasachphuongnam.com/products/em-von-thich-co-doc-cho-den-khi-co-anh                                                                        , Phuong Nam
"Em Giày Xanh, Anh Giày Đỏ"                                                                                               , BAO SINH VIEN VIET NAM                                                , Còn hàng  , "71,250₫"   , "75,000₫"   , https://nhasachphuongnam.com/products/em-giay-xanh-anh-giay-do                                                                                      , Phuong Nam
Em Đừng Chết Được Không                                                                                                   , NXB HỘI NHÀ VĂN                                                       , Còn hàng  , "52,000₫"   , "65,000₫"   , https://nhasachphuongnam.com/products/em-dung-chet-duoc-khong                                                                                       , Phuong Nam
Em Có Hay Trời Buồn Trời Chuyển Mưa Đó Không?                                                                             , NXB VAN HOA-VAN NGHE                                                  , Còn hàng  , "57,000₫"   , "60,000₫"   , https://nhasachphuongnam.com/products/em-co-hay-troi-buon-troi-chuyen-mua-do-khong                                                                  , Phuong Nam
Đường Tới Hạnh Phúc                                                                                                       , NXB VAN NGHE                                                          , Còn hàng  , "80,750₫"   , "85,000₫"   , https://nhasachphuongnam.com/products/duong-toi-hanh-phuc                                                                                           , Phuong Nam
Đường Hai Ngả - Người Thương Thành Lạ (Tái Bản Lần 5)                                                                     , NXB HỘI NHÀ VĂN                                                       , Còn hàng  , "49,600₫"   , "62,000₫"   , https://nhasachphuongnam.com/products/duong-hai-nga-nguoi-thuong-thanh-la-tai-ban-lan-5                                                             , Phuong Nam
Đừng Nói Chúng Ta Không Lợi Quyền                                                                                         , NXB HỘI NHÀ VĂN                                                       , Còn hàng  , "207,200₫"  , "259,000₫"  , https://nhasachphuongnam.com/products/dung-noi-chung-ta-khong-loi-quyen                                                                             , Phuong Nam
"Đừng Lo Lắng, Hãy Hạnh Phúc"                                                                                             , NXB VAN HOA-VAN NGHE                                                  , Còn hàng  , "66,500₫"   , "70,000₫"   , https://nhasachphuongnam.com/products/dung-lo-lang-hay-hanh-phuc                                                                                    , Phuong Nam
Đung Đưa Trên Những Đám Mây                                                                                               , Phuong Nam Book                                                       , Còn hàng  , "96,000₫"   , "120,000₫"  , https://nhasachphuongnam.com/products/dung-dua-tren-nhung-dam-may                                                                                   , Phuong Nam
Đốt Lò Hương Ấy                                                                                                           , NXB HỒNG ĐỨC                                                          , Còn hàng  , "93,100₫"   , "98,000₫"   , https://nhasachphuongnam.com/products/dot-lo-huong-ay                                                                                               , Phuong Nam
Đồng Tiền Hai Mặt                                                                                                         , NXB HÀ NỘI                                                            , Còn hàng  , "64,600₫"   , "68,000₫"   , https://nhasachphuongnam.com/products/dong-tien-hai-mat                                                                                             , Phuong Nam
Đong Tấm Lòng (Tái Bản Năm 2019)                                                                                          , NXB TRẺ                                                               , Còn hàng  , "90,250₫"   , "95,000₫"   , https://nhasachphuongnam.com/products/dong-tam-long-tai-ban-nam-2019                                                                                , Phuong Nam
Donald Trump Dưới Góc Nhìn Của Tâm Lý Học                                                                                 , NXB TRI THUC                                                          , Còn hàng  , "171,000₫"  , "180,000₫"  , https://nhasachphuongnam.com/products/donald-trump-duoi-goc-nhin-cua-tam-ly-hoc                                                                     , Phuong Nam
Đốm Lửa Trên Đồng                                                                                                         , NXB VAN HOA-VAN NGHE                                                  , Còn hàng  , "28,500₫"   , "30,000₫"   , https://nhasachphuongnam.com/products/dom-lua-tren-dong                                                                                             , Phuong Nam
Đợi Đến Lượt                                                                                                              , NXB HỘI NHÀ VĂN                                                       , Còn hàng  , "62,700₫"   , "66,000₫"   , https://nhasachphuongnam.com/products/doi-den-luot                                                                                                  , Phuong Nam
Đốc-tờ Năm - Câu Chuyện Diệu Kỳ Về Người Chống Lại Bệnh Dịch Hạch                                                         , NXB TRẺ                                                               , Còn hàng  , "99,750₫"   , "105,000₫"  , https://nhasachphuongnam.com/products/doc-to-nam-cau-chuyen-dieu-ky-ve-nguoi-chong-lai-benh-dich-hach                                               , Phuong Nam
Đỏ Trỗi Dậy - Phần 3: Sao Mai                                                                                             , NXB HỘI NHÀ VĂN                                                       , Còn hàng  , "178,600₫"  , "188,000₫"  , https://nhasachphuongnam.com/products/do-troi-day-phan-3-sao-mai                                                                                    , Phuong Nam
Điều Kỳ Diệu Của Tiệm Tạp Hóa Namiya (Tái bản năm 2018)                                                                   , NXB HỘI NHÀ VĂN                                                       , Còn hàng  , "99,750₫"   , "105,000₫"  , https://nhasachphuongnam.com/products/dieu-ky-dieu-cua-tiem-tap-hoa-namiya-tai-ban-nam-2018                                                         , Phuong Nam
Điều Bình Thường Là Có Một Người Thương                                                                                   , NXB LAO DONG                                                          , Còn hàng  , "90,250₫"   , "95,000₫"   , https://nhasachphuongnam.com/products/dieu-binh-thuong-la-co-mot-nguoi-thuong                                                                       , Phuong Nam
Diệt Vong                                                                                                                 , NXB HỘI NHÀ VĂN                                                       , Còn hàng  , "178,600₫"  , "188,000₫"  , https://nhasachphuongnam.com/products/diet-vong                                                                                                     , Phuong Nam
Đi Tìm Alaska                                                                                                             , NXB TRẺ                                                               , Còn hàng  , "90,250₫"   , "95,000₫"   , https://nhasachphuongnam.com/products/di-tim-alaska                                                                                                 , Phuong Nam
Đi Qua Nước Mắt Nụ Cười - Tập 1                                                                                           , NXB HỘI NHÀ VĂN                                                       , Còn hàng  , "118,400₫"  , "148,000₫"  , https://nhasachphuongnam.com/products/di-qua-nuoc-mat-nu-cuoi-tap-1                                                                                 , Phuong Nam
Đi Biển Một Mình                                                                                                          , NXB VAN NGHE                                                          , Còn hàng  , "61,750₫"   , "65,000₫"   , https://nhasachphuongnam.com/products/di-bien-mot-minh                                                                                              , Phuong Nam
Đèn Không Hắt Bóng (Tái bản năm 2018)                                                                                     , NXB HỘI NHÀ VĂN                                                       , Còn hàng  , "118,800₫"  , "198,000₫"  , https://nhasachphuongnam.com/products/den-khong-hat-bong-tai-ban-nam-2018                                                                           , Phuong Nam
Đêm Vô Tận                                                                                                                , NXB TRẺ                                                               , Còn hàng  , "99,750₫"   , "105,000₫"  , https://nhasachphuongnam.com/products/dem-vo-tan                                                                                                    , Phuong Nam
Đêm Thao Thức                                                                                                             , PHU NU                                                                , Còn hàng  , "81,700₫"   , "86,000₫"   , https://nhasachphuongnam.com/products/dem-thao-thuc                                                                                                 , Phuong Nam
Đêm Nguyệt Bạch                                                                                                           , NXB TRẺ                                                               , Còn hàng  , "66,500₫"   , "70,000₫"   , https://nhasachphuongnam.com/products/dem-nguyet-bach                                                                                               , Phuong Nam
Đem Buồn Hong Khô Dưới Nắng                                                                                               , NXB VAN HOA-VAN NGHE                                                  , Còn hàng  , "76,000₫"   , "80,000₫"   , https://nhasachphuongnam.com/products/dem-buon-hong-kho-duoi-nang                                                                                   , Phuong Nam
Đầy Tớ Trần Gian                                                                                                          , NXB VAN HOA-VAN NGHE                                                  , Còn hàng  , "47,500₫"   , "50,000₫"   , https://nhasachphuongnam.com/products/day-to-tran-gian                                                                                              , Phuong Nam
Đâu Đó Vẫn Có Tình Yêu                                                                                                    , BAO SINH VIEN VIET NAM                                                , Còn hàng  , "71,250₫"   , "75,000₫"   , https://nhasachphuongnam.com/products/dau-do-van-co-tinh-yeu                                                                                        , Phuong Nam
Đầu Bếp Của Những Ngôi Sao                                                                                                , NXB THANH NIEN                                                        , Còn hàng  , "247,000₫"  , "260,000₫"  , https://nhasachphuongnam.com/products/dau-bep-cua-nhung-ngoi-sao                                                                                    , Phuong Nam
Đất Phương Nam Ngày Cũ                                                                                                    , NXB HỘI NHÀ VĂN                                                       , Còn hàng  , "77,600₫"   , "97,000₫"   , https://nhasachphuongnam.com/products/dat-phuong-nam-ngay-cu                                                                                        , Phuong Nam
Daniel Juventus Và Louis Alvarez - Thế Giới Trong Gương - Tập 2 (Bìa mềm)                                                 , NXB VĂN HỌC                                                           , Còn hàng  , "137,750₫"  , "145,000₫"  , https://nhasachphuongnam.com/products/daniel-juventus-va-louis-alvarez-the-gioi-trong-guong-tap-2-bia-mem                                           , Phuong Nam
Daniel Juventus Và Louis Alvarez - Thế Giới Trong Gương - Tập 2 (Bìa cứng)                                                , NXB VĂN HỌC                                                           , Còn hàng  , "171,000₫"  , "180,000₫"  , https://nhasachphuongnam.com/products/daniel-juventus-va-louis-alvarez-the-gioi-trong-guong-tap-2-bia-cung                                          , Phuong Nam
Danh Tác Việt Nam – Tuyển Tập Nhất Linh - Khải Hưng                                                                       , NXB VĂN HỌC                                                           , Còn hàng  , "159,600₫"  , "168,000₫"  , https://nhasachphuongnam.com/products/danh-tac-viet-nam-tuyen-tap-nhat-linh-khai-hung                                                               , Phuong Nam
"Đàn Ông Hay Hứa, Phụ Nữ Hay Tin?"                                                                                        , NXB VĂN HỌC                                                           , Còn hàng  , "84,550₫"   , "89,000₫"   , https://nhasachphuongnam.com/products/dan-ong-hay-hua-phu-nu-hay-tin                                                                                , Phuong Nam
Đàm Đạo Với Lão Tử                                                                                                        , NXB VĂN HỌC                                                           , Còn hàng  , "131,100₫"  , "138,000₫"  , https://nhasachphuongnam.com/products/dam-dao-voi-lao-tu                                                                                            , Phuong Nam
Đặc Khảo Về Dân Nhạc Ở Việt Nam                                                                                           , THE GIOI                                                              , Còn hàng  , "76,000₫"   , "95,000₫"   , https://nhasachphuongnam.com/products/dac-khao-ve-dan-nhac-o-viet-nam                                                                               , Phuong Nam
Cười Vỡ Bụng - Nghĩ Nát Óc                                                                                                , NXB DÂN TRÍ                                                           , Còn hàng  , "65,550₫"   , "69,000₫"   , https://nhasachphuongnam.com/products/cuoi-vo-bung-nghi-nat-oc                                                                                      , Phuong Nam
"Cuối Cùng, Người Vẫn Đi"                                                                                                 , BAO SINH VIEN VIET NAM                                                , Còn hàng  , "71,250₫"   , "75,000₫"   , https://nhasachphuongnam.com/products/cuoi-cung-nguoi-van-di                                                                                        , Phuong Nam
Cuộc Hẹn Nơi Cổng Thiên Đường                                                                                             , NXB PHỤ NỮ                                                            , Còn hàng  , "67,150₫"   , "79,000₫"   , https://nhasachphuongnam.com/products/cuoc-hen-noi-cong-thien-duong                                                                                 , Phuong Nam
Cung Đường Vàng Nắng                                                                                                      , NXB TRẺ                                                               , Còn hàng  , "76,000₫"   , "80,000₫"   , https://nhasachphuongnam.com/products/cung-duong-vang-nang                                                                                          , Phuong Nam
Cúc Họa Mi                                                                                                                , THE GIOI                                                              , Còn hàng  , "84,000₫"   , "120,000₫"  , https://nhasachphuongnam.com/products/cuc-hoa-mi                                                                                                    , Phuong Nam
Cú Ngoặt Bóng Của Tôi - Tự Truyện Của Johan Cruyff                                                                        , NXB TRẺ                                                               , Còn hàng  , "137,750₫"  , "145,000₫"  , https://nhasachphuongnam.com/products/cu-ngoat-bong-cua-toi-tu-truyen-cua-johan-cruyff                                                              , Phuong Nam
Công Ty Cung Cấp Yêu Tinh                                                                                                 , NXB VĂN HỌC                                                           , Còn hàng  , "63,200₫"   , "79,000₫"   , https://nhasachphuongnam.com/products/cong-ty-cung-cap-yeu-tinh                                                                                     , Phuong Nam
Còn Quá Nhiều Thứ Để Thương                                                                                               , NXB VAN HOA-VAN NGHE                                                  , Còn hàng  , "75,050₫"   , "79,000₫"   , https://nhasachphuongnam.com/products/con-qua-nhieu-thu-de-thuong                                                                                   , Phuong Nam
Con Mèo Giữa Đám Bồ Câu                                                                                                   , NXB TRẺ                                                               , Còn hàng  , "104,500₫"  , "110,000₫"  , https://nhasachphuongnam.com/products/con-meo-giua-dam-bo-cau                                                                                       , Phuong Nam
Combo Có Cha - Có Mẹ Trong Đời - Hồi Ức Về Cha Và Về Mẹ Của Những Tác Giả Đang Được Mến Mộ (Bộ 2 Cuốn - Bìa Mềm)          , NXB PHỤ NỮ                                                            , Còn hàng  , "335,750₫"  , "395,000₫"  , https://nhasachphuongnam.com/products/combo-co-cha-co-me-trong-doi-hoi-uc-ve-cha-va-ve-me-cua-nhung-tac-gia-dang-duoc-men-mo-bo-2-cuon-bia-mem      , Phuong Nam
Cò Súng Tử Thần                                                                                                           , NXB HỘI NHÀ VĂN                                                       , Còn hàng  , "103,550₫"  , "109,000₫"  , https://nhasachphuongnam.com/products/co-sung-tu-than                                                                                               , Phuong Nam
Có Một Ngày Anh Sẽ Hiểu Tình Yêu                                                                                          , BAO SINH VIEN VIET NAM                                                , Còn hàng  , "33,250₫"   , "35,000₫"   , https://nhasachphuongnam.com/products/co-mot-ngay-anh-se-hieu-tinh-yeu                                                                              , Phuong Nam
Có Lẽ Trời Nên Mưa Thêm Một Chút                                                                                          , Báo Tiền Phong                                                        , Còn hàng  , "33,250₫"   , "35,000₫"   , https://nhasachphuongnam.com/products/co-le-troi-nen-mua-them-mot-chut                                                                              , Phuong Nam
Cỏ Lau Vạn Dặm                                                                                                            , NXB VAN NGHE                                                          , Còn hàng  , "47,500₫"   , "50,000₫"   , https://nhasachphuongnam.com/products/co-lau-van-dam                                                                                                , Phuong Nam
Có Lần Ngang Qua Đời Nhau                                                                                                 , NXB HÀ NỘI                                                            , Còn hàng  , "84,550₫"   , "89,000₫"   , https://nhasachphuongnam.com/products/co-lan-ngang-qua-doi-nhau                                                                                     , Phuong Nam
Có Gì Đâu Mà Buồn                                                                                                         , NXB VAN HOA-VAN NGHE                                                  , Còn hàng  , "65,550₫"   , "69,000₫"   , https://nhasachphuongnam.com/products/co-gi-dau-ma-buon                                                                                             , Phuong Nam
Cô Gái Từ Trong Nhà Mồ                                                                                                    , NXB VAN HOA-VAN NGHE                                                  , Còn hàng  , "57,000₫"   , "60,000₫"   , https://nhasachphuongnam.com/products/co-gai-tu-trong-nha-mo                                                                                        , Phuong Nam
Cô Gái Thứ Ba                                                                                                             , NXB TRẺ                                                               , Còn hàng  , "95,000₫"   , "100,000₫"  , https://nhasachphuongnam.com/products/co-gai-thu-ba                                                                                                 , Phuong Nam
Cô Gái Mù Chữ Phá Bom Nguyên Tử                                                                                           , NXB TRẺ                                                               , Còn hàng  , "163,400₫"  , "172,000₫"  , https://nhasachphuongnam.com/products/co-gai-mu-chu-pha-bom-nguyen-tu                                                                               , Phuong Nam
"Có Chuyến Đi Dài, Có Chuyện Chúng Ta (Tặng kèm postcard lãng tử)"                                                        , NXB VAN HOA-VAN NGHE                                                  , Còn hàng  , "127,500₫"  , "150,000₫"  , https://nhasachphuongnam.com/products/co-chuyen-di-dai-co-chuyen-chung-ta-tang-kem-postcard-lang-tu                                                 , Phuong Nam
Có Cha Trong Đời                                                                                                          , NXB PHỤ NỮ                                                            , Còn hàng  , "172,000₫"  , "215,000₫"  , https://nhasachphuongnam.com/products/co-cha-trong-doi                                                                                              , Phuong Nam
Có Ai Giữ Giùm Những Lãng Quên (Tái bản lần 2)                                                                            , NXB VAN HOA-VAN NGHE                                                  , Còn hàng  , "61,200₫"   , "72,000₫"   , https://nhasachphuongnam.com/products/co-ai-giu-gium-nhung-lang-quen-tai-ban-lan-2                                                                  , Phuong Nam
Chuyện Trò Cùng Bác Sĩ Đỗ Hồng Ngọc Về Nếp Sống An Lạc (Tái bản năm 2018)                                                 , NXB VAN HOA-VAN NGHE                                                  , Còn hàng  , "69,300₫"   , "99,000₫"   , https://nhasachphuongnam.com/products/chuyen-tro-cung-bac-si-do-hong-ngoc-ve-nep-song-an-lac-tai-ban-nam-2018                                       , Phuong Nam
Chuyện Tình Không Tên                                                                                                     , NXB VAN HOA-VAN NGHE                                                  , Còn hàng  , "142,800₫"  , "168,000₫"  , https://nhasachphuongnam.com/products/chuyen-tinh-khong-ten                                                                                         , Phuong Nam
Chuyện Tình Đích Thực Siêu Buồn                                                                                           , NXB HỘI NHÀ VĂN                                                       , Còn hàng  , "113,050₫"  , "119,000₫"  , https://nhasachphuongnam.com/products/chuyen-tinh-dich-thuc-sieu-buon                                                                               , Phuong Nam
Chuyện Thảo Nguyên                                                                                                        , NXB HỘI NHÀ VĂN                                                       , Còn hàng  , "134,400₫"  , "168,000₫"  , https://nhasachphuongnam.com/products/chuyen-thao-nguyen                                                                                            , Phuong Nam
Chuyện Tầng Năm                                                                                                           , NXB THOI DAI                                                          , Còn hàng  , "53,200₫"   , "56,000₫"   , https://nhasachphuongnam.com/products/chuyen-tang-nam                                                                                               , Phuong Nam
Chuyện Nhỏ Nhà Quỳnh                                                                                                      , NXB TRẺ                                                               , Còn hàng  , "66,500₫"   , "70,000₫"   , https://nhasachphuongnam.com/products/chuyen-nho-nha-quynh                                                                                          , Phuong Nam
"Chuyện Nghề Báo, Nhà Báo Sài Gòn Thuở Ban Đầu"                                                                           , NXB VAN HOA-VAN NGHE                                                  , Còn hàng  , "52,250₫"   , "55,000₫"   , https://nhasachphuongnam.com/products/chuyen-nghe-bao-nha-bao-sai-gon-thuo-ban-dau                                                                  , Phuong Nam
Chuyện Đời Thường                                                                                                         , NXB VAN HOA-VAN NGHE                                                  , Còn hàng  , "46,750₫"   , "55,000₫"   , https://nhasachphuongnam.com/products/chuyen-doi-thuong                                                                                             , Phuong Nam
Chuyện Của Lý                                                                                                             , NXB HỘI NHÀ VĂN                                                       , Còn hàng  , "80,750₫"   , "85,000₫"   , https://nhasachphuongnam.com/products/chuyen-cua-ly                                                                                                 , Phuong Nam
Chuỗi Án Mạng A.B.C (Tái Bản Năm 2019)                                                                                    , NXB TRẺ                                                               , Còn hàng  , "99,750₫"   , "105,000₫"  , https://nhasachphuongnam.com/products/chuoi-an-mang-a-b-c-tai-ban-nam-2019                                                                          , Phuong Nam
"Chúng Ta, Những Con Đường"                                                                                               , NXB DA NANG                                                           , Còn hàng  , "99,750₫"   , "105,000₫"  , https://nhasachphuongnam.com/products/chung-ta-nhung-con-duong                                                                                      , Phuong Nam
Chúng Ta Sẽ Nói Gì Khi Gặp Lại Nhau...?                                                                                   , NXB HỘI NHÀ VĂN                                                       , Còn hàng  , "47,500₫"   , "50,000₫"   , https://nhasachphuongnam.com/products/chung-ta-se-noi-gi-khi-gap-lai-nhau                                                                           , Phuong Nam
Chúa Đã Khước Từ                                                                                                          , NXB HỘI NHÀ VĂN                                                       , Còn hàng  , "112,000₫"  , "140,000₫"  , https://nhasachphuongnam.com/products/chua-da-khuoc-tu                                                                                              , Phuong Nam
Chốn Bình Yên Để Khóc                                                                                                     , NXB VAN HOA-VAN NGHE                                                  , Còn hàng  , "42,750₫"   , "45,000₫"   , https://nhasachphuongnam.com/products/chon-binh-yen-de-khoc                                                                                         , Phuong Nam
Cho Trận Gió Kinh Thiên                                                                                                   , NXB HỘI NHÀ VĂN                                                       , Còn hàng  , "104,000₫"  , "130,000₫"  , https://nhasachphuongnam.com/products/cho-tran-gio-kinh-thien                                                                                       , Phuong Nam
Chiều Mênh Mông                                                                                                           , NXB HỘI NHÀ VĂN                                                       , Còn hàng  , "52,000₫"   , "65,000₫"   , https://nhasachphuongnam.com/products/chieu-menh-mong                                                                                               , Phuong Nam
Chiếc Cặp                                                                                                                 , NXB PHỤ NỮ                                                            , Còn hàng  , "103,200₫"  , "129,000₫"  , https://nhasachphuongnam.com/products/chiec-cap                                                                                                     , Phuong Nam
Chỉ Cần Tin Mình Là Duy Nhất                                                                                              , NXB VAN HOA-VAN NGHE                                                  , Còn hàng  , "94,050₫"   , "99,000₫"   , https://nhasachphuongnam.com/products/chi-can-tin-minh-la-duy-nhat                                                                                  , Phuong Nam
"Chào Thế Giới, Bây Giờ Con Đã Đến"                                                                                       , NXB VAN HOA-VAN NGHE                                                  , Còn hàng  , "84,550₫"   , "89,000₫"   , https://nhasachphuongnam.com/products/chao-the-gioi-bay-gio-con-da-den                                                                              , Phuong Nam
Chẳng Cũng Khoái Ru                                                                                                       , NXB VAN HOA-VAN NGHE                                                  , Còn hàng  , "97,600₫"   , "122,000₫"  , https://nhasachphuongnam.com/products/chang-cung-khoai-ru                                                                                           , Phuong Nam
Chân Quê Rơm Rạ                                                                                                           , NXB VAN HOA-VAN NGHE                                                  , Còn hàng  , "47,500₫"   , "50,000₫"   , https://nhasachphuongnam.com/products/chan-que-rom-ra                                                                                               , Phuong Nam
Câu Đố Dân Gian Cho Bé - Sừng Sững Mà Đứng Giữa Đường                                                                     , NXB HỘI NHÀ VĂN                                                       , Còn hàng  , "38,000₫"   , "40,000₫"   , https://nhasachphuongnam.com/products/cau-do-dan-gian-cho-be-sung-sung-ma-dung-giua-duong                                                           , Phuong Nam
Cáo Già Gái Già Và Tiểu Thuyết Diễm Tình (Tái bản năm 2014)                                                               , NXB TRẺ                                                               , Còn hàng  , "42,750₫"   , "45,000₫"   , https://nhasachphuongnam.com/products/cao-gia-gai-gia-va-tieu-thuyet-diem-tinh-tai-ban-nam-2014                                                     , Phuong Nam
Các Tác Giả Người Việt Viết Tiếng Pháp                                                                                    , NXB TỔNG HỢP TPHCM                                                    , Còn hàng  , "180,500₫"  , "190,000₫"  , https://nhasachphuongnam.com/products/cac-tac-gia-nguoi-viet-viet-tieng-phap                                                                        , Phuong Nam
Cá Tính Quảng (Tái bản năm 2019)                                                                                          , NXB DA NANG                                                           , Còn hàng  , "179,550₫"  , "189,000₫"  , https://nhasachphuongnam.com/products/ca-tinh-quang-tai-ban-nam-2019                                                                                , Phuong Nam
Cá Tính Quảng                                                                                                             , NHA XUAT BAN TONG HOP DONG NAI                                        , Còn hàng  , "179,550₫"  , "189,000₫"  , https://nhasachphuongnam.com/products/ca-tinh-quang                                                                                                 , Phuong Nam
Cả Một Trời Thương                                                                                                        , NXB VAN HOA-VAN NGHE                                                  , Còn hàng  , "66,400₫"   , "83,000₫"   , https://nhasachphuongnam.com/products/ca-mot-troi-thuong                                                                                            , Phuong Nam
Búp Bê Nhỏ Xíu Và Chàng Khổng Lồ                                                                                          , NXB TRẺ                                                               , Còn hàng  , "49,400₫"   , "52,000₫"   , https://nhasachphuongnam.com/products/bup-be-nho-xiu-va-chang-khong-lo                                                                              , Phuong Nam
Buồn Làm Sao Buông (Tái bản lần 10)                                                                                       , NXB VAN HOA-VAN NGHE                                                  , Còn hàng  , "66,300₫"   , "78,000₫"   , https://nhasachphuongnam.com/products/buon-lam-sao-buong-tai-ban-lan-10                                                                             , Phuong Nam
Bụi Đời & Thục Nữ                                                                                                         , NXB VAN HOA-VAN NGHE                                                  , Còn hàng  , "106,250₫"  , "125,000₫"  , https://nhasachphuongnam.com/products/bui-doi-thuc-nu                                                                                               , Phuong Nam
Bức Tường Trong Chai Tequila                                                                                              , NXB HỘI NHÀ VĂN                                                       , Còn hàng  , "72,000₫"   , "90,000₫"   , https://nhasachphuongnam.com/products/buc-tuong-trong-chai-tequila                                                                                  , Phuong Nam
Bọt Tháng Ngày                                                                                                            , NXB HỘI NHÀ VĂN                                                       , Còn hàng  , "93,100₫"   , "98,000₫"   , https://nhasachphuongnam.com/products/bot-thang-ngay                                                                                                , Phuong Nam
Bông Hồng Cho Ngày Tháng Không Tên                                                                                        , NXB PHỤ NỮ                                                            , Còn hàng  , "135,200₫"  , "169,000₫"  , https://nhasachphuongnam.com/products/bong-hong-cho-ngay-thang-khong-ten                                                                            , Phuong Nam
Bóng Bàn - Một Đời Tôi Đam Mê                                                                                             , THE GIOI                                                              , Còn hàng  , "152,000₫"  , "160,000₫"  , https://nhasachphuongnam.com/products/bong-ban-mot-doi-toi-dam-me                                                                                   , Phuong Nam
Bốn Chín Chưa Qua                                                                                                         , NXB TRẺ                                                               , Còn hàng  , "66,500₫"   , "70,000₫"   , https://nhasachphuongnam.com/products/bon-chin-chua-qua                                                                                             , Phuong Nam
Bội Tình                                                                                                                  , NXB VAN HOA-VAN NGHE                                                  , Còn hàng  , "122,550₫"  , "129,000₫"  , https://nhasachphuongnam.com/products/boi-tinh                                                                                                      , Phuong Nam
"Bố Xấu, Bố Tốt"                                                                                                          , NXB HỘI NHÀ VĂN                                                       , Còn hàng  , "121,600₫"  , "128,000₫"  , https://nhasachphuongnam.com/products/bo-xau-bo-tot                                                                                                 , Phuong Nam
Bộ Tột Cùng Hạnh Phúc                                                                                                     , NXB HỘI NHÀ VĂN                                                       , Còn hàng  , "159,600₫"  , "168,000₫"  , https://nhasachphuongnam.com/products/bo-tot-cung-hanh-phuc                                                                                         , Phuong Nam
Bỏ Qua Rất Uổng                                                                                                           , NXB TRẺ                                                               , Còn hàng  , "66,500₫"   , "70,000₫"   , https://nhasachphuongnam.com/products/bo-qua-rat-uong                                                                                               , Phuong Nam
Bố Già (Song ngữ Anh-Việt)                                                                                                , NXB HỘI NHÀ VĂN                                                       , Còn hàng  , "285,000₫"  , "300,000₫"  , https://nhasachphuongnam.com/products/bo-gia-song-ngu-anh-viet                                                                                      , Phuong Nam
Bích Ngọc                                                                                                                 , NXB Văn Học                                                           , Còn hàng  , "95,000₫"   , "100,000₫"  , https://nhasachphuongnam.com/products/bich-ngoc                                                                                                     , Phuong Nam
Bí Mật Của Nicholas Flamel Bất Tử - Yêu Nữ (Tái bản năm 2018)                                                             , NXB Trẻ                                                               , Còn hàng  , "144,400₫"  , "152,000₫"  , https://nhasachphuongnam.com/products/bi-mat-cua-nicholas-flamel-bat-tu-yeu-nu-tai-ban-nam-2018                                                     , Phuong Nam
Bên Này Thương Bên Kia                                                                                                    , NXB Văn Hóa-Văn Nghệ                                                  , Còn hàng  , "70,400₫"   , "88,000₫"   , https://nhasachphuongnam.com/products/ben-nay-thuong-ben-kia                                                                                        , Phuong Nam
Beloved Oxford                                                                                                            , NXB Trẻ                                                               , Còn hàng  , "104,500₫"  , "110,000₫"  , https://nhasachphuongnam.com/products/beloved-oxford                                                                                                , Phuong Nam
Bây Giờ Mình Đi Đâu                                                                                                       , NXB Phụ Nữ Việt Nam                                                   , Còn hàng  , "71,200₫"   , "89,000₫"   , https://nhasachphuongnam.com/products/bay-gio-minh-di-dau                                                                                           , Phuong Nam
Bảo Bình                                                                                                                  , NXB Bách Khoa Hà Nội                                                  , Còn hàng  , "75,050₫"   , "79,000₫"   , https://nhasachphuongnam.com/products/bao-binh                                                                                                      , Phuong Nam
Áo Em Trắng Bay Trong Màu Nắng Nhạt                                                                                       , NXB Hội Nhà Văn                                                       , Còn hàng  , "94,050₫"   , "99,000₫"   , https://nhasachphuongnam.com/products/ao-em-trang-bay-trong-mau-nang-nhat                                                                           , Phuong Nam
Án Mạng Tiệc Hallowe'en                                                                                                   , NXB Trẻ                                                               , Còn hàng  , "118,750₫"  , "125,000₫"  , https://nhasachphuongnam.com/products/an-mang-tiec-hallowe-en                                                                                       , Phuong Nam
Amanda Huỳnh Và Sắc màu Du Ký - Có Hẹn Với Paris                                                                          , NXB Trẻ                                                               , Còn hàng  , "142,500₫"  , "150,000₫"  , https://nhasachphuongnam.com/products/amanda-huynh-va-sac-mau-du-ky-co-hen-voi-paris                                                                , Phuong Nam
Ai Rồi Cũng Chỉ Còn Lại Một Mình (Tái bản 2017)                                                                           , NXB Văn Hóa-Văn Nghệ                                                  , Còn hàng  , "62,900₫"   , "74,000₫"   , https://nhasachphuongnam.com/products/ai-roi-cung-chi-con-lai-mot-minh-tai-ban-2017                                                                 , Phuong Nam
ADN Tình Yêu                                                                                                              , NXB Phụ Nữ Việt Nam                                                   , Còn hàng  , "71,250₫"   , "75,000₫"   , https://nhasachphuongnam.com/products/adn-tinh-yeu                                                                                                  , Phuong Nam
Á-Âu Cách Một Cây Cầu                                                                                                     , NXB Lao Động Xã Hội                                                   , Còn hàng  , "68,000₫"   , "80,000₫"   , https://nhasachphuongnam.com/products/a-au-cach-mot-cay-cau                                                                                         , Phuong Nam
3 Người Trẻ Ở Quán Rượu Mang Tên Nghiệp Chướng                                                                            , Pin                                                                   , Còn hàng  , "39,900₫"   , "42,000₫"   , https://nhasachphuongnam.com/products/3-nguoi-tre-o-quan-ruou-mang-ten-nghiep-chuong                                                                , Phuong Nam
12 Cách Yêu                                                                                                               , Đồ chơi lắp ráp                                                       , Còn hàng  , "94,050₫"   , "99,000₫"   , https://nhasachphuongnam.com/products/12-cach-yeu                                                                                                   , Phuong Nam
1/2 Hoàng Tử - Tập 5: Chúa Tể Sinh Mệnh                                                                                   , NXB Văn Học                                                           , Còn hàng  , "61,750₫"   , "65,000₫"   , https://nhasachphuongnam.com/products/1-2-hoang-tu-tap-5-chua-te-sinh-menh                                                                          , Phuong Nam
